path,cluster,category,confidence,gt_folder,dest
/Users/mdaffaatstsaqif/Downloads/klaster asli/koleksi keramik/IMG_2476.HEIC,4,koleksi_keramik,0.258587121963501,koleksi keramik,/Users/mdaffaatstsaqif/Downloads/klaster asli/hasil_dec_softmax_10d/cluster_dec/cluster_04__koleksi_keramik/IMG_2476_7270.HEIC
/Users/mdaffaatstsaqif/Downloads/klaster asli/koleksi keramik/IMG_2477.HEIC,4,koleksi_keramik,0.25858697295188904,koleksi keramik,/Users/mdaffaatstsaqif/Downloads/klaster asli/hasil_dec_softmax_10d/cluster_dec/cluster_04__koleksi_keramik/IMG_2477_860.HEIC
/Users/mdaffaatstsaqif/Downloads/klaster asli/koleksi keramik/IMG_2478.HEIC,4,koleksi_keramik,0.2585808336734772,koleksi keramik,/Users/mdaffaatstsaqif/Downloads/klaster asli/hasil_dec_softmax_10d/cluster_dec/cluster_04__koleksi_keramik/IMG_2478_5390.HEIC
/Users/mdaffaatstsaqif/Downloads/klaster asli/koleksi keramik/IMG_2479.HEIC,4,koleksi_keramik,0.25858089327812195,koleksi keramik,/Users/mdaffaatstsaqif/Downloads/klaster asli/hasil_dec_softmax_10d/cluster_dec/cluster_04__koleksi_keramik/IMG_2479_5191.HEIC
/Users/mdaffaatstsaqif/Downloads/klaster asli/koleksi keramik/IMG_2480.HEIC,4,koleksi_keramik,0.257574200630188,koleksi keramik,/Users/mdaffaatstsaqif/Downloads/klaster asli/hasil_dec_softmax_10d/cluster_dec/cluster_04__koleksi_keramik/IMG_2480_5734.HEIC
/Users/mdaffaatstsaqif/Downloads/klaster asli/koleksi keramik/IMG_2481.HEIC,4,koleksi_keramik,0.2583547830581665,koleksi keramik,/Users/mdaffaatstsaqif/Downloads/klaster asli/hasil_dec_softmax_10d/cluster_dec/cluster_04__koleksi_keramik/IMG_2481_6265.HEIC
/Users/mdaffaatstsaqif/Downloads/klaster asli/koleksi keramik/IMG_2482.HEIC,4,koleksi_keramik,0.25858697295188904,koleksi keramik,/Users/mdaffaatstsaqif/Downloads/klaster asli/hasil_dec_softmax_10d/cluster_dec/cluster_04__koleksi_keramik/IMG_2482_466.HEIC
/Users/mdaffaatstsaqif/Downloads/klaster asli/koleksi keramik/IMG_2483.HEIC,4,koleksi_keramik,0.258587121963501,koleksi keramik,/Users/mdaffaatstsaqif/Downloads/klaster asli/hasil_dec_softmax_10d/cluster_dec/cluster_04__koleksi_keramik/IMG_2483_4426.HEIC
/Users/mdaffaatstsaqif/Downloads/klaster asli/koleksi keramik/IMG_2484.HEIC,4,koleksi_keramik,0.258587121963501,koleksi keramik,/Users/mdaffaatstsaqif/Downloads/klaster asli/hasil_dec_softmax_10d/cluster_dec/cluster_04__koleksi_keramik/IMG_2484_5578.HEIC
/Users/mdaffaatstsaqif/Downloads/klaster asli/koleksi keramik/IMG_2485.HEIC,4,koleksi_keramik,0.2585761845111847,koleksi keramik,/Users/mdaffaatstsaqif/Downloads/klaster asli/hasil_dec_softmax_10d/cluster_dec/cluster_04__koleksi_keramik/IMG_2485_8322.HEIC
/Users/mdaffaatstsaqif/Downloads/klaster asli/koleksi keramik/IMG_2486.HEIC,4,koleksi_keramik,0.25857535004615784,koleksi keramik,/Users/mdaffaatstsaqif/Downloads/klaster asli/hasil_dec_softmax_10d/cluster_dec/cluster_04__koleksi_keramik/IMG_2486_1685.HEIC
/Users/mdaffaatstsaqif/Downloads/klaster asli/koleksi keramik/IMG_2487.HEIC,4,koleksi_keramik,0.25858554244041443,koleksi keramik,/Users/mdaffaatstsaqif/Downloads/klaster asli/hasil_dec_softmax_10d/cluster_dec/cluster_04__koleksi_keramik/IMG_2487_769.HEIC
/Users/mdaffaatstsaqif/Downloads/klaster asli/koleksi keramik/IMG_2488.HEIC,4,koleksi_keramik,0.258587121963501,koleksi keramik,/Users/mdaffaatstsaqif/Downloads/klaster asli/hasil_dec_softmax_10d/cluster_dec/cluster_04__koleksi_keramik/IMG_2488_6949.HEIC
/Users/mdaffaatstsaqif/Downloads/klaster asli/koleksi keramik/IMG_2489.HEIC,4,koleksi_keramik,0.25858622789382935,koleksi keramik,/Users/mdaffaatstsaqif/Downloads/klaster asli/hasil_dec_softmax_10d/cluster_dec/cluster_04__koleksi_keramik/IMG_2489_2433.HEIC
/Users/mdaffaatstsaqif/Downloads/klaster asli/koleksi keramik/IMG_2490.HEIC,4,koleksi_keramik,0.2585672438144684,koleksi keramik,/Users/mdaffaatstsaqif/Downloads/klaster asli/hasil_dec_softmax_10d/cluster_dec/cluster_04__koleksi_keramik/IMG_2490_5311.HEIC
/Users/mdaffaatstsaqif/Downloads/klaster asli/koleksi keramik/IMG_2491.HEIC,4,koleksi_keramik,0.2585518956184387,koleksi keramik,/Users/mdaffaatstsaqif/Downloads/klaster asli/hasil_dec_softmax_10d/cluster_dec/cluster_04__koleksi_keramik/IMG_2491_5051.HEIC
/Users/mdaffaatstsaqif/Downloads/klaster asli/koleksi keramik/IMG_2492.HEIC,4,koleksi_keramik,0.2584284842014313,koleksi keramik,/Users/mdaffaatstsaqif/Downloads/klaster asli/hasil_dec_softmax_10d/cluster_dec/cluster_04__koleksi_keramik/IMG_2492_6420.HEIC
/Users/mdaffaatstsaqif/Downloads/klaster asli/koleksi keramik/IMG_2493.HEIC,4,koleksi_keramik,0.2585870921611786,koleksi keramik,/Users/mdaffaatstsaqif/Downloads/klaster asli/hasil_dec_softmax_10d/cluster_dec/cluster_04__koleksi_keramik/IMG_2493_1184.HEIC
/Users/mdaffaatstsaqif/Downloads/klaster asli/koleksi keramik/IMG_2494.HEIC,4,koleksi_keramik,0.25858384370803833,koleksi keramik,/Users/mdaffaatstsaqif/Downloads/klaster asli/hasil_dec_softmax_10d/cluster_dec/cluster_04__koleksi_keramik/IMG_2494_4555.HEIC
/Users/mdaffaatstsaqif/Downloads/klaster asli/koleksi keramik/IMG_2495.HEIC,4,koleksi_keramik,0.25858670473098755,koleksi keramik,/Users/mdaffaatstsaqif/Downloads/klaster asli/hasil_dec_softmax_10d/cluster_dec/cluster_04__koleksi_keramik/IMG_2495_3385.HEIC
/Users/mdaffaatstsaqif/Downloads/klaster asli/koleksi keramik/IMG_2496.HEIC,4,koleksi_keramik,0.258587121963501,koleksi keramik,/Users/mdaffaatstsaqif/Downloads/klaster asli/hasil_dec_softmax_10d/cluster_dec/cluster_04__koleksi_keramik/IMG_2496_6396.HEIC
/Users/mdaffaatstsaqif/Downloads/klaster asli/koleksi keramik/IMG_2497.HEIC,4,koleksi_keramik,0.2585805654525757,koleksi keramik,/Users/mdaffaatstsaqif/Downloads/klaster asli/hasil_dec_softmax_10d/cluster_dec/cluster_04__koleksi_keramik/IMG_2497_8666.HEIC
/Users/mdaffaatstsaqif/Downloads/klaster asli/koleksi keramik/IMG_2498.HEIC,4,koleksi_keramik,0.2585866451263428,koleksi keramik,/Users/mdaffaatstsaqif/Downloads/klaster asli/hasil_dec_softmax_10d/cluster_dec/cluster_04__koleksi_keramik/IMG_2498_9274.HEIC
/Users/mdaffaatstsaqif/Downloads/klaster asli/koleksi keramik/IMG_2499.HEIC,4,koleksi_keramik,0.2585870325565338,koleksi keramik,/Users/mdaffaatstsaqif/Downloads/klaster asli/hasil_dec_softmax_10d/cluster_dec/cluster_04__koleksi_keramik/IMG_2499_2558.HEIC
/Users/mdaffaatstsaqif/Downloads/klaster asli/koleksi keramik/IMG_2500.HEIC,4,koleksi_keramik,0.25823843479156494,koleksi keramik,/Users/mdaffaatstsaqif/Downloads/klaster asli/hasil_dec_softmax_10d/cluster_dec/cluster_04__koleksi_keramik/IMG_2500_7849.HEIC
/Users/mdaffaatstsaqif/Downloads/klaster asli/koleksi keramik/IMG_2501.HEIC,4,koleksi_keramik,0.2585858106613159,koleksi keramik,/Users/mdaffaatstsaqif/Downloads/klaster asli/hasil_dec_softmax_10d/cluster_dec/cluster_04__koleksi_keramik/IMG_2501_2047.HEIC
/Users/mdaffaatstsaqif/Downloads/klaster asli/koleksi keramik/IMG_2502.HEIC,4,koleksi_keramik,0.25858646631240845,koleksi keramik,/Users/mdaffaatstsaqif/Downloads/klaster asli/hasil_dec_softmax_10d/cluster_dec/cluster_04__koleksi_keramik/IMG_2502_2747.HEIC
/Users/mdaffaatstsaqif/Downloads/klaster asli/koleksi keramik/IMG_2503.HEIC,4,koleksi_keramik,0.2585834860801697,koleksi keramik,/Users/mdaffaatstsaqif/Downloads/klaster asli/hasil_dec_softmax_10d/cluster_dec/cluster_04__koleksi_keramik/IMG_2503_9167.HEIC
/Users/mdaffaatstsaqif/Downloads/klaster asli/koleksi keramik/IMG_2504.HEIC,4,koleksi_keramik,0.2585814893245697,koleksi keramik,/Users/mdaffaatstsaqif/Downloads/klaster asli/hasil_dec_softmax_10d/cluster_dec/cluster_04__koleksi_keramik/IMG_2504_9998.HEIC
/Users/mdaffaatstsaqif/Downloads/klaster asli/koleksi keramik/IMG_2505.HEIC,4,koleksi_keramik,0.25829634070396423,koleksi keramik,/Users/mdaffaatstsaqif/Downloads/klaster asli/hasil_dec_softmax_10d/cluster_dec/cluster_04__koleksi_keramik/IMG_2505_189.HEIC
/Users/mdaffaatstsaqif/Downloads/klaster asli/koleksi keramik/IMG_2506.HEIC,4,koleksi_keramik,0.2585774064064026,koleksi keramik,/Users/mdaffaatstsaqif/Downloads/klaster asli/hasil_dec_softmax_10d/cluster_dec/cluster_04__koleksi_keramik/IMG_2506_2734.HEIC
/Users/mdaffaatstsaqif/Downloads/klaster asli/koleksi keramik/IMG_2507.HEIC,4,koleksi_keramik,0.25858253240585327,koleksi keramik,/Users/mdaffaatstsaqif/Downloads/klaster asli/hasil_dec_softmax_10d/cluster_dec/cluster_04__koleksi_keramik/IMG_2507_3005.HEIC
/Users/mdaffaatstsaqif/Downloads/klaster asli/koleksi keramik/IMG_2508.HEIC,4,koleksi_keramik,0.25858399271965027,koleksi keramik,/Users/mdaffaatstsaqif/Downloads/klaster asli/hasil_dec_softmax_10d/cluster_dec/cluster_04__koleksi_keramik/IMG_2508_4658.HEIC
/Users/mdaffaatstsaqif/Downloads/klaster asli/koleksi keramik/IMG_2509.HEIC,4,koleksi_keramik,0.25858017802238464,koleksi keramik,/Users/mdaffaatstsaqif/Downloads/klaster asli/hasil_dec_softmax_10d/cluster_dec/cluster_04__koleksi_keramik/IMG_2509_1899.HEIC
/Users/mdaffaatstsaqif/Downloads/klaster asli/koleksi keramik/IMG_2510.HEIC,4,koleksi_keramik,0.258587121963501,koleksi keramik,/Users/mdaffaatstsaqif/Downloads/klaster asli/hasil_dec_softmax_10d/cluster_dec/cluster_04__koleksi_keramik/IMG_2510_7734.HEIC
/Users/mdaffaatstsaqif/Downloads/klaster asli/koleksi keramik/IMG_2511.HEIC,4,koleksi_keramik,0.2585866153240204,koleksi keramik,/Users/mdaffaatstsaqif/Downloads/klaster asli/hasil_dec_softmax_10d/cluster_dec/cluster_04__koleksi_keramik/IMG_2511_1267.HEIC
/Users/mdaffaatstsaqif/Downloads/klaster asli/koleksi keramik/IMG_2512.HEIC,4,koleksi_keramik,0.2585843503475189,koleksi keramik,/Users/mdaffaatstsaqif/Downloads/klaster asli/hasil_dec_softmax_10d/cluster_dec/cluster_04__koleksi_keramik/IMG_2512_1528.HEIC
/Users/mdaffaatstsaqif/Downloads/klaster asli/koleksi keramik/IMG_2513.HEIC,4,koleksi_keramik,0.258587121963501,koleksi keramik,/Users/mdaffaatstsaqif/Downloads/klaster asli/hasil_dec_softmax_10d/cluster_dec/cluster_04__koleksi_keramik/IMG_2513_3556.HEIC
/Users/mdaffaatstsaqif/Downloads/klaster asli/koleksi keramik/IMG_2514.HEIC,4,koleksi_keramik,0.2585868537425995,koleksi keramik,/Users/mdaffaatstsaqif/Downloads/klaster asli/hasil_dec_softmax_10d/cluster_dec/cluster_04__koleksi_keramik/IMG_2514_3890.HEIC
/Users/mdaffaatstsaqif/Downloads/klaster asli/koleksi keramik/IMG_2515.HEIC,4,koleksi_keramik,0.2585867941379547,koleksi keramik,/Users/mdaffaatstsaqif/Downloads/klaster asli/hasil_dec_softmax_10d/cluster_dec/cluster_04__koleksi_keramik/IMG_2515_8838.HEIC
/Users/mdaffaatstsaqif/Downloads/klaster asli/koleksi keramik/IMG_2516.HEIC,4,koleksi_keramik,0.25858673453330994,koleksi keramik,/Users/mdaffaatstsaqif/Downloads/klaster asli/hasil_dec_softmax_10d/cluster_dec/cluster_04__koleksi_keramik/IMG_2516_5393.HEIC
/Users/mdaffaatstsaqif/Downloads/klaster asli/koleksi keramik/IMG_2517.HEIC,4,koleksi_keramik,0.2585867941379547,koleksi keramik,/Users/mdaffaatstsaqif/Downloads/klaster asli/hasil_dec_softmax_10d/cluster_dec/cluster_04__koleksi_keramik/IMG_2517_8792.HEIC
/Users/mdaffaatstsaqif/Downloads/klaster asli/koleksi keramik/IMG_2518.HEIC,4,koleksi_keramik,0.25858673453330994,koleksi keramik,/Users/mdaffaatstsaqif/Downloads/klaster asli/hasil_dec_softmax_10d/cluster_dec/cluster_04__koleksi_keramik/IMG_2518_8433.HEIC
/Users/mdaffaatstsaqif/Downloads/klaster asli/koleksi keramik/IMG_2519.HEIC,4,koleksi_keramik,0.258587121963501,koleksi keramik,/Users/mdaffaatstsaqif/Downloads/klaster asli/hasil_dec_softmax_10d/cluster_dec/cluster_04__koleksi_keramik/IMG_2519_7513.HEIC
/Users/mdaffaatstsaqif/Downloads/klaster asli/koleksi keramik/IMG_2520.HEIC,4,koleksi_keramik,0.2585841119289398,koleksi keramik,/Users/mdaffaatstsaqif/Downloads/klaster asli/hasil_dec_softmax_10d/cluster_dec/cluster_04__koleksi_keramik/IMG_2520_2612.HEIC
/Users/mdaffaatstsaqif/Downloads/klaster asli/koleksi keramik/IMG_2521.HEIC,4,koleksi_keramik,0.25858360528945923,koleksi keramik,/Users/mdaffaatstsaqif/Downloads/klaster asli/hasil_dec_softmax_10d/cluster_dec/cluster_04__koleksi_keramik/IMG_2521_7041.HEIC
/Users/mdaffaatstsaqif/Downloads/klaster asli/koleksi keramik/IMG_2522.HEIC,4,koleksi_keramik,0.2585870325565338,koleksi keramik,/Users/mdaffaatstsaqif/Downloads/klaster asli/hasil_dec_softmax_10d/cluster_dec/cluster_04__koleksi_keramik/IMG_2522_9555.HEIC
/Users/mdaffaatstsaqif/Downloads/klaster asli/koleksi keramik/IMG_2523.HEIC,4,koleksi_keramik,0.25858694314956665,koleksi keramik,/Users/mdaffaatstsaqif/Downloads/klaster asli/hasil_dec_softmax_10d/cluster_dec/cluster_04__koleksi_keramik/IMG_2523_6235.HEIC
/Users/mdaffaatstsaqif/Downloads/klaster asli/koleksi keramik/IMG_2524.HEIC,4,koleksi_keramik,0.258587121963501,koleksi keramik,/Users/mdaffaatstsaqif/Downloads/klaster asli/hasil_dec_softmax_10d/cluster_dec/cluster_04__koleksi_keramik/IMG_2524_5486.HEIC
/Users/mdaffaatstsaqif/Downloads/klaster asli/koleksi keramik/IMG_2525.HEIC,4,koleksi_keramik,0.258587121963501,koleksi keramik,/Users/mdaffaatstsaqif/Downloads/klaster asli/hasil_dec_softmax_10d/cluster_dec/cluster_04__koleksi_keramik/IMG_2525_7099.HEIC
/Users/mdaffaatstsaqif/Downloads/klaster asli/koleksi keramik/IMG_2526.HEIC,4,koleksi_keramik,0.258587121963501,koleksi keramik,/Users/mdaffaatstsaqif/Downloads/klaster asli/hasil_dec_softmax_10d/cluster_dec/cluster_04__koleksi_keramik/IMG_2526_9670.HEIC
/Users/mdaffaatstsaqif/Downloads/klaster asli/koleksi keramik/IMG_2527.HEIC,4,koleksi_keramik,0.258587121963501,koleksi keramik,/Users/mdaffaatstsaqif/Downloads/klaster asli/hasil_dec_softmax_10d/cluster_dec/cluster_04__koleksi_keramik/IMG_2527_775.HEIC
/Users/mdaffaatstsaqif/Downloads/klaster asli/koleksi keramik/IMG_2528.HEIC,4,koleksi_keramik,0.258587121963501,koleksi keramik,/Users/mdaffaatstsaqif/Downloads/klaster asli/hasil_dec_softmax_10d/cluster_dec/cluster_04__koleksi_keramik/IMG_2528_8226.HEIC
/Users/mdaffaatstsaqif/Downloads/klaster asli/koleksi keramik/IMG_2529.HEIC,4,koleksi_keramik,0.258587121963501,koleksi keramik,/Users/mdaffaatstsaqif/Downloads/klaster asli/hasil_dec_softmax_10d/cluster_dec/cluster_04__koleksi_keramik/IMG_2529_3152.HEIC
/Users/mdaffaatstsaqif/Downloads/klaster asli/koleksi keramik/IMG_2530.HEIC,4,koleksi_keramik,0.2585868835449219,koleksi keramik,/Users/mdaffaatstsaqif/Downloads/klaster asli/hasil_dec_softmax_10d/cluster_dec/cluster_04__koleksi_keramik/IMG_2530_1585.HEIC
/Users/mdaffaatstsaqif/Downloads/klaster asli/koleksi keramik/IMG_2531.HEIC,4,koleksi_keramik,0.2584558129310608,koleksi keramik,/Users/mdaffaatstsaqif/Downloads/klaster asli/hasil_dec_softmax_10d/cluster_dec/cluster_04__koleksi_keramik/IMG_2531_3943.HEIC
/Users/mdaffaatstsaqif/Downloads/klaster asli/koleksi keramik/IMG_2532.HEIC,4,koleksi_keramik,0.2585870325565338,koleksi keramik,/Users/mdaffaatstsaqif/Downloads/klaster asli/hasil_dec_softmax_10d/cluster_dec/cluster_04__koleksi_keramik/IMG_2532_7555.HEIC
/Users/mdaffaatstsaqif/Downloads/klaster asli/koleksi keramik/IMG_2533.HEIC,4,koleksi_keramik,0.258587121963501,koleksi keramik,/Users/mdaffaatstsaqif/Downloads/klaster asli/hasil_dec_softmax_10d/cluster_dec/cluster_04__koleksi_keramik/IMG_2533_3073.HEIC
/Users/mdaffaatstsaqif/Downloads/klaster asli/koleksi keramik/IMG_2534.HEIC,4,koleksi_keramik,0.2585683763027191,koleksi keramik,/Users/mdaffaatstsaqif/Downloads/klaster asli/hasil_dec_softmax_10d/cluster_dec/cluster_04__koleksi_keramik/IMG_2534_1021.HEIC
/Users/mdaffaatstsaqif/Downloads/klaster asli/koleksi keramik/IMG_2535.HEIC,4,koleksi_keramik,0.2585867643356323,koleksi keramik,/Users/mdaffaatstsaqif/Downloads/klaster asli/hasil_dec_softmax_10d/cluster_dec/cluster_04__koleksi_keramik/IMG_2535_3843.HEIC
/Users/mdaffaatstsaqif/Downloads/klaster asli/koleksi keramik/IMG_2536.HEIC,4,koleksi_keramik,0.2585868239402771,koleksi keramik,/Users/mdaffaatstsaqif/Downloads/klaster asli/hasil_dec_softmax_10d/cluster_dec/cluster_04__koleksi_keramik/IMG_2536_7989.HEIC
/Users/mdaffaatstsaqif/Downloads/klaster asli/koleksi keramik/IMG_2537.HEIC,4,koleksi_keramik,0.258587121963501,koleksi keramik,/Users/mdaffaatstsaqif/Downloads/klaster asli/hasil_dec_softmax_10d/cluster_dec/cluster_04__koleksi_keramik/IMG_2537_9692.HEIC
/Users/mdaffaatstsaqif/Downloads/klaster asli/koleksi keramik/IMG_2538.HEIC,4,koleksi_keramik,0.25856712460517883,koleksi keramik,/Users/mdaffaatstsaqif/Downloads/klaster asli/hasil_dec_softmax_10d/cluster_dec/cluster_04__koleksi_keramik/IMG_2538_6873.HEIC
/Users/mdaffaatstsaqif/Downloads/klaster asli/koleksi keramik/IMG_2539.HEIC,4,koleksi_keramik,0.2585854232311249,koleksi keramik,/Users/mdaffaatstsaqif/Downloads/klaster asli/hasil_dec_softmax_10d/cluster_dec/cluster_04__koleksi_keramik/IMG_2539_5675.HEIC
/Users/mdaffaatstsaqif/Downloads/klaster asli/koleksi keramik/IMG_2540.HEIC,4,koleksi_keramik,0.25796353816986084,koleksi keramik,/Users/mdaffaatstsaqif/Downloads/klaster asli/hasil_dec_softmax_10d/cluster_dec/cluster_04__koleksi_keramik/IMG_2540_161.HEIC
/Users/mdaffaatstsaqif/Downloads/klaster asli/koleksi keramik/IMG_2541.HEIC,4,koleksi_keramik,0.25853830575942993,koleksi keramik,/Users/mdaffaatstsaqif/Downloads/klaster asli/hasil_dec_softmax_10d/cluster_dec/cluster_04__koleksi_keramik/IMG_2541_4297.HEIC
/Users/mdaffaatstsaqif/Downloads/klaster asli/koleksi keramik/IMG_2542.HEIC,4,koleksi_keramik,0.2585613429546356,koleksi keramik,/Users/mdaffaatstsaqif/Downloads/klaster asli/hasil_dec_softmax_10d/cluster_dec/cluster_04__koleksi_keramik/IMG_2542_995.HEIC
/Users/mdaffaatstsaqif/Downloads/klaster asli/koleksi keramik/IMG_2543.HEIC,4,koleksi_keramik,0.25858694314956665,koleksi keramik,/Users/mdaffaatstsaqif/Downloads/klaster asli/hasil_dec_softmax_10d/cluster_dec/cluster_04__koleksi_keramik/IMG_2543_7629.HEIC
/Users/mdaffaatstsaqif/Downloads/klaster asli/koleksi keramik/IMG_2544.HEIC,2,koleksi_etnografi,0.25838029384613037,koleksi keramik,/Users/mdaffaatstsaqif/Downloads/klaster asli/hasil_dec_softmax_10d/cluster_dec/cluster_02__koleksi_etnografi/IMG_2544_9467.HEIC
/Users/mdaffaatstsaqif/Downloads/klaster asli/koleksi keramik/IMG_2545.HEIC,2,koleksi_etnografi,0.25221359729766846,koleksi keramik,/Users/mdaffaatstsaqif/Downloads/klaster asli/hasil_dec_softmax_10d/cluster_dec/cluster_02__koleksi_etnografi/IMG_2545_1016.HEIC
/Users/mdaffaatstsaqif/Downloads/klaster asli/koleksi keramik/IMG_2546.HEIC,4,koleksi_keramik,0.2585812211036682,koleksi keramik,/Users/mdaffaatstsaqif/Downloads/klaster asli/hasil_dec_softmax_10d/cluster_dec/cluster_04__koleksi_keramik/IMG_2546_7869.HEIC
/Users/mdaffaatstsaqif/Downloads/klaster asli/koleksi keramik/IMG_2547.HEIC,4,koleksi_keramik,0.258587121963501,koleksi keramik,/Users/mdaffaatstsaqif/Downloads/klaster asli/hasil_dec_softmax_10d/cluster_dec/cluster_04__koleksi_keramik/IMG_2547_6439.HEIC
/Users/mdaffaatstsaqif/Downloads/klaster asli/koleksi keramik/IMG_2548.HEIC,4,koleksi_keramik,0.2585861086845398,koleksi keramik,/Users/mdaffaatstsaqif/Downloads/klaster asli/hasil_dec_softmax_10d/cluster_dec/cluster_04__koleksi_keramik/IMG_2548_7892.HEIC
/Users/mdaffaatstsaqif/Downloads/klaster asli/koleksi keramik/IMG_2549.HEIC,4,koleksi_keramik,0.258587121963501,koleksi keramik,/Users/mdaffaatstsaqif/Downloads/klaster asli/hasil_dec_softmax_10d/cluster_dec/cluster_04__koleksi_keramik/IMG_2549_6863.HEIC
/Users/mdaffaatstsaqif/Downloads/klaster asli/koleksi keramik/IMG_2550.HEIC,4,koleksi_keramik,0.258587121963501,koleksi keramik,/Users/mdaffaatstsaqif/Downloads/klaster asli/hasil_dec_softmax_10d/cluster_dec/cluster_04__koleksi_keramik/IMG_2550_7916.HEIC
/Users/mdaffaatstsaqif/Downloads/klaster asli/koleksi keramik/IMG_2551.HEIC,4,koleksi_keramik,0.2585779130458832,koleksi keramik,/Users/mdaffaatstsaqif/Downloads/klaster asli/hasil_dec_softmax_10d/cluster_dec/cluster_04__koleksi_keramik/IMG_2551_8529.HEIC
/Users/mdaffaatstsaqif/Downloads/klaster asli/koleksi keramik/IMG_2552.HEIC,4,koleksi_keramik,0.2585868239402771,koleksi keramik,/Users/mdaffaatstsaqif/Downloads/klaster asli/hasil_dec_softmax_10d/cluster_dec/cluster_04__koleksi_keramik/IMG_2552_878.HEIC
/Users/mdaffaatstsaqif/Downloads/klaster asli/koleksi keramik/IMG_2553.HEIC,4,koleksi_keramik,0.25858694314956665,koleksi keramik,/Users/mdaffaatstsaqif/Downloads/klaster asli/hasil_dec_softmax_10d/cluster_dec/cluster_04__koleksi_keramik/IMG_2553_9268.HEIC
/Users/mdaffaatstsaqif/Downloads/klaster asli/koleksi keramik/IMG_2554.HEIC,4,koleksi_keramik,0.25838959217071533,koleksi keramik,/Users/mdaffaatstsaqif/Downloads/klaster asli/hasil_dec_softmax_10d/cluster_dec/cluster_04__koleksi_keramik/IMG_2554_4887.HEIC
/Users/mdaffaatstsaqif/Downloads/klaster asli/koleksi keramik/IMG_2555.HEIC,4,koleksi_keramik,0.258587121963501,koleksi keramik,/Users/mdaffaatstsaqif/Downloads/klaster asli/hasil_dec_softmax_10d/cluster_dec/cluster_04__koleksi_keramik/IMG_2555_4859.HEIC
/Users/mdaffaatstsaqif/Downloads/klaster asli/koleksi keramik/IMG_2556.HEIC,4,koleksi_keramik,0.25858697295188904,koleksi keramik,/Users/mdaffaatstsaqif/Downloads/klaster asli/hasil_dec_softmax_10d/cluster_dec/cluster_04__koleksi_keramik/IMG_2556_6331.HEIC
/Users/mdaffaatstsaqif/Downloads/klaster asli/koleksi keramik/IMG_2557.HEIC,4,koleksi_keramik,0.2585850954055786,koleksi keramik,/Users/mdaffaatstsaqif/Downloads/klaster asli/hasil_dec_softmax_10d/cluster_dec/cluster_04__koleksi_keramik/IMG_2557_8571.HEIC
/Users/mdaffaatstsaqif/Downloads/klaster asli/koleksi keramik/IMG_2558.HEIC,4,koleksi_keramik,0.258587121963501,koleksi keramik,/Users/mdaffaatstsaqif/Downloads/klaster asli/hasil_dec_softmax_10d/cluster_dec/cluster_04__koleksi_keramik/IMG_2558_8684.HEIC
/Users/mdaffaatstsaqif/Downloads/klaster asli/koleksi keramik/IMG_2559.HEIC,4,koleksi_keramik,0.25858673453330994,koleksi keramik,/Users/mdaffaatstsaqif/Downloads/klaster asli/hasil_dec_softmax_10d/cluster_dec/cluster_04__koleksi_keramik/IMG_2559_7208.HEIC
/Users/mdaffaatstsaqif/Downloads/klaster asli/koleksi keramik/IMG_2560.HEIC,4,koleksi_keramik,0.25856781005859375,koleksi keramik,/Users/mdaffaatstsaqif/Downloads/klaster asli/hasil_dec_softmax_10d/cluster_dec/cluster_04__koleksi_keramik/IMG_2560_5276.HEIC
/Users/mdaffaatstsaqif/Downloads/klaster asli/koleksi keramik/IMG_2561.HEIC,4,koleksi_keramik,0.2584351897239685,koleksi keramik,/Users/mdaffaatstsaqif/Downloads/klaster asli/hasil_dec_softmax_10d/cluster_dec/cluster_04__koleksi_keramik/IMG_2561_2062.HEIC
/Users/mdaffaatstsaqif/Downloads/klaster asli/koleksi keramik/IMG_2562.HEIC,4,koleksi_keramik,0.25817811489105225,koleksi keramik,/Users/mdaffaatstsaqif/Downloads/klaster asli/hasil_dec_softmax_10d/cluster_dec/cluster_04__koleksi_keramik/IMG_2562_64.HEIC
/Users/mdaffaatstsaqif/Downloads/klaster asli/koleksi keramik/IMG_2563.HEIC,4,koleksi_keramik,0.25858670473098755,koleksi keramik,/Users/mdaffaatstsaqif/Downloads/klaster asli/hasil_dec_softmax_10d/cluster_dec/cluster_04__koleksi_keramik/IMG_2563_8006.HEIC
/Users/mdaffaatstsaqif/Downloads/klaster asli/koleksi keramik/IMG_2564.HEIC,4,koleksi_keramik,0.2585858106613159,koleksi keramik,/Users/mdaffaatstsaqif/Downloads/klaster asli/hasil_dec_softmax_10d/cluster_dec/cluster_04__koleksi_keramik/IMG_2564_2568.HEIC
/Users/mdaffaatstsaqif/Downloads/klaster asli/koleksi keramik/IMG_2565.HEIC,4,koleksi_keramik,0.258587121963501,koleksi keramik,/Users/mdaffaatstsaqif/Downloads/klaster asli/hasil_dec_softmax_10d/cluster_dec/cluster_04__koleksi_keramik/IMG_2565_5463.HEIC
/Users/mdaffaatstsaqif/Downloads/klaster asli/koleksi keramik/IMG_2566.HEIC,4,koleksi_keramik,0.258587121963501,koleksi keramik,/Users/mdaffaatstsaqif/Downloads/klaster asli/hasil_dec_softmax_10d/cluster_dec/cluster_04__koleksi_keramik/IMG_2566_2027.HEIC
/Users/mdaffaatstsaqif/Downloads/klaster asli/koleksi keramik/IMG_2567.HEIC,4,koleksi_keramik,0.258587121963501,koleksi keramik,/Users/mdaffaatstsaqif/Downloads/klaster asli/hasil_dec_softmax_10d/cluster_dec/cluster_04__koleksi_keramik/IMG_2567_2695.HEIC
/Users/mdaffaatstsaqif/Downloads/klaster asli/koleksi keramik/IMG_2568.HEIC,4,koleksi_keramik,0.258587121963501,koleksi keramik,/Users/mdaffaatstsaqif/Downloads/klaster asli/hasil_dec_softmax_10d/cluster_dec/cluster_04__koleksi_keramik/IMG_2568_9687.HEIC
/Users/mdaffaatstsaqif/Downloads/klaster asli/koleksi keramik/IMG_2569.HEIC,4,koleksi_keramik,0.258587121963501,koleksi keramik,/Users/mdaffaatstsaqif/Downloads/klaster asli/hasil_dec_softmax_10d/cluster_dec/cluster_04__koleksi_keramik/IMG_2569_5258.HEIC
/Users/mdaffaatstsaqif/Downloads/klaster asli/koleksi keramik/IMG_2570.HEIC,4,koleksi_keramik,0.258587121963501,koleksi keramik,/Users/mdaffaatstsaqif/Downloads/klaster asli/hasil_dec_softmax_10d/cluster_dec/cluster_04__koleksi_keramik/IMG_2570_5618.HEIC
/Users/mdaffaatstsaqif/Downloads/klaster asli/koleksi keramik/IMG_2571.HEIC,4,koleksi_keramik,0.25857821106910706,koleksi keramik,/Users/mdaffaatstsaqif/Downloads/klaster asli/hasil_dec_softmax_10d/cluster_dec/cluster_04__koleksi_keramik/IMG_2571_6736.HEIC
/Users/mdaffaatstsaqif/Downloads/klaster asli/koleksi keramik/IMG_2572.HEIC,4,koleksi_keramik,0.25836825370788574,koleksi keramik,/Users/mdaffaatstsaqif/Downloads/klaster asli/hasil_dec_softmax_10d/cluster_dec/cluster_04__koleksi_keramik/IMG_2572_391.HEIC
/Users/mdaffaatstsaqif/Downloads/klaster asli/koleksi keramik/IMG_2573.HEIC,4,koleksi_keramik,0.2584267854690552,koleksi keramik,/Users/mdaffaatstsaqif/Downloads/klaster asli/hasil_dec_softmax_10d/cluster_dec/cluster_04__koleksi_keramik/IMG_2573_5892.HEIC
/Users/mdaffaatstsaqif/Downloads/klaster asli/koleksi keramik/IMG_2574.HEIC,4,koleksi_keramik,0.258587121963501,koleksi keramik,/Users/mdaffaatstsaqif/Downloads/klaster asli/hasil_dec_softmax_10d/cluster_dec/cluster_04__koleksi_keramik/IMG_2574_3561.HEIC
/Users/mdaffaatstsaqif/Downloads/klaster asli/koleksi keramik/IMG_2575.HEIC,4,koleksi_keramik,0.258587121963501,koleksi keramik,/Users/mdaffaatstsaqif/Downloads/klaster asli/hasil_dec_softmax_10d/cluster_dec/cluster_04__koleksi_keramik/IMG_2575_6184.HEIC
/Users/mdaffaatstsaqif/Downloads/klaster asli/koleksi keramik/IMG_2576.HEIC,4,koleksi_keramik,0.2585870623588562,koleksi keramik,/Users/mdaffaatstsaqif/Downloads/klaster asli/hasil_dec_softmax_10d/cluster_dec/cluster_04__koleksi_keramik/IMG_2576_3099.HEIC
/Users/mdaffaatstsaqif/Downloads/klaster asli/koleksi keramik/IMG_2577.HEIC,4,koleksi_keramik,0.2585870921611786,koleksi keramik,/Users/mdaffaatstsaqif/Downloads/klaster asli/hasil_dec_softmax_10d/cluster_dec/cluster_04__koleksi_keramik/IMG_2577_6278.HEIC
/Users/mdaffaatstsaqif/Downloads/klaster asli/koleksi keramik/IMG_2578.HEIC,4,koleksi_keramik,0.2585870921611786,koleksi keramik,/Users/mdaffaatstsaqif/Downloads/klaster asli/hasil_dec_softmax_10d/cluster_dec/cluster_04__koleksi_keramik/IMG_2578_8392.HEIC
/Users/mdaffaatstsaqif/Downloads/klaster asli/koleksi keramik/IMG_2579.HEIC,4,koleksi_keramik,0.258587121963501,koleksi keramik,/Users/mdaffaatstsaqif/Downloads/klaster asli/hasil_dec_softmax_10d/cluster_dec/cluster_04__koleksi_keramik/IMG_2579_3104.HEIC
/Users/mdaffaatstsaqif/Downloads/klaster asli/koleksi keramik/IMG_2580.HEIC,4,koleksi_keramik,0.258587121963501,koleksi keramik,/Users/mdaffaatstsaqif/Downloads/klaster asli/hasil_dec_softmax_10d/cluster_dec/cluster_04__koleksi_keramik/IMG_2580_7215.HEIC
/Users/mdaffaatstsaqif/Downloads/klaster asli/koleksi keramik/IMG_2581.HEIC,4,koleksi_keramik,0.258587121963501,koleksi keramik,/Users/mdaffaatstsaqif/Downloads/klaster asli/hasil_dec_softmax_10d/cluster_dec/cluster_04__koleksi_keramik/IMG_2581_2454.HEIC
/Users/mdaffaatstsaqif/Downloads/klaster asli/koleksi keramik/IMG_2582.HEIC,4,koleksi_keramik,0.25858595967292786,koleksi keramik,/Users/mdaffaatstsaqif/Downloads/klaster asli/hasil_dec_softmax_10d/cluster_dec/cluster_04__koleksi_keramik/IMG_2582_8996.HEIC
/Users/mdaffaatstsaqif/Downloads/klaster asli/koleksi keramik/IMG_2583.HEIC,4,koleksi_keramik,0.25858625769615173,koleksi keramik,/Users/mdaffaatstsaqif/Downloads/klaster asli/hasil_dec_softmax_10d/cluster_dec/cluster_04__koleksi_keramik/IMG_2583_2731.HEIC
/Users/mdaffaatstsaqif/Downloads/klaster asli/koleksi keramik/IMG_2584.HEIC,4,koleksi_keramik,0.2585865259170532,koleksi keramik,/Users/mdaffaatstsaqif/Downloads/klaster asli/hasil_dec_softmax_10d/cluster_dec/cluster_04__koleksi_keramik/IMG_2584_8154.HEIC
/Users/mdaffaatstsaqif/Downloads/klaster asli/koleksi keramik/IMG_2585.HEIC,4,koleksi_keramik,0.258587121963501,koleksi keramik,/Users/mdaffaatstsaqif/Downloads/klaster asli/hasil_dec_softmax_10d/cluster_dec/cluster_04__koleksi_keramik/IMG_2585_9762.HEIC
/Users/mdaffaatstsaqif/Downloads/klaster asli/koleksi keramik/IMG_2586.HEIC,4,koleksi_keramik,0.25858622789382935,koleksi keramik,/Users/mdaffaatstsaqif/Downloads/klaster asli/hasil_dec_softmax_10d/cluster_dec/cluster_04__koleksi_keramik/IMG_2586_5056.HEIC
/Users/mdaffaatstsaqif/Downloads/klaster asli/koleksi keramik/IMG_2587.HEIC,4,koleksi_keramik,0.258587121963501,koleksi keramik,/Users/mdaffaatstsaqif/Downloads/klaster asli/hasil_dec_softmax_10d/cluster_dec/cluster_04__koleksi_keramik/IMG_2587_8110.HEIC
/Users/mdaffaatstsaqif/Downloads/klaster asli/koleksi senjata/IMG_2139.HEIC,8,koleksi_senjata,0.25368842482566833,koleksi senjata,/Users/mdaffaatstsaqif/Downloads/klaster asli/hasil_dec_softmax_10d/cluster_dec/cluster_08__koleksi_senjata/IMG_2139_3840.HEIC
/Users/mdaffaatstsaqif/Downloads/klaster asli/koleksi senjata/IMG_2140.HEIC,8,koleksi_senjata,0.24821914732456207,koleksi senjata,/Users/mdaffaatstsaqif/Downloads/klaster asli/hasil_dec_softmax_10d/cluster_dec/cluster_08__koleksi_senjata/IMG_2140_1028.HEIC
/Users/mdaffaatstsaqif/Downloads/klaster asli/koleksi senjata/IMG_2141.HEIC,8,koleksi_senjata,0.22879524528980255,koleksi senjata,/Users/mdaffaatstsaqif/Downloads/klaster asli/hasil_dec_softmax_10d/cluster_dec/cluster_08__koleksi_senjata/IMG_2141_7385.HEIC
/Users/mdaffaatstsaqif/Downloads/klaster asli/koleksi senjata/IMG_2142.HEIC,8,koleksi_senjata,0.2405368685722351,koleksi senjata,/Users/mdaffaatstsaqif/Downloads/klaster asli/hasil_dec_softmax_10d/cluster_dec/cluster_08__koleksi_senjata/IMG_2142_502.HEIC
/Users/mdaffaatstsaqif/Downloads/klaster asli/koleksi senjata/IMG_2143.HEIC,8,koleksi_senjata,0.2537013590335846,koleksi senjata,/Users/mdaffaatstsaqif/Downloads/klaster asli/hasil_dec_softmax_10d/cluster_dec/cluster_08__koleksi_senjata/IMG_2143_6910.HEIC
/Users/mdaffaatstsaqif/Downloads/klaster asli/koleksi senjata/IMG_2144.HEIC,8,koleksi_senjata,0.2536812126636505,koleksi senjata,/Users/mdaffaatstsaqif/Downloads/klaster asli/hasil_dec_softmax_10d/cluster_dec/cluster_08__koleksi_senjata/IMG_2144_9062.HEIC
/Users/mdaffaatstsaqif/Downloads/klaster asli/koleksi senjata/IMG_2145.HEIC,8,koleksi_senjata,0.24952347576618195,koleksi senjata,/Users/mdaffaatstsaqif/Downloads/klaster asli/hasil_dec_softmax_10d/cluster_dec/cluster_08__koleksi_senjata/IMG_2145_6938.HEIC
/Users/mdaffaatstsaqif/Downloads/klaster asli/koleksi senjata/IMG_2146.HEIC,8,koleksi_senjata,0.24996912479400635,koleksi senjata,/Users/mdaffaatstsaqif/Downloads/klaster asli/hasil_dec_softmax_10d/cluster_dec/cluster_08__koleksi_senjata/IMG_2146_4488.HEIC
/Users/mdaffaatstsaqif/Downloads/klaster asli/koleksi senjata/IMG_2147.HEIC,8,koleksi_senjata,0.2320987582206726,koleksi senjata,/Users/mdaffaatstsaqif/Downloads/klaster asli/hasil_dec_softmax_10d/cluster_dec/cluster_08__koleksi_senjata/IMG_2147_206.HEIC
/Users/mdaffaatstsaqif/Downloads/klaster asli/koleksi senjata/IMG_2148.HEIC,8,koleksi_senjata,0.2505810260772705,koleksi senjata,/Users/mdaffaatstsaqif/Downloads/klaster asli/hasil_dec_softmax_10d/cluster_dec/cluster_08__koleksi_senjata/IMG_2148_5134.HEIC
/Users/mdaffaatstsaqif/Downloads/klaster asli/koleksi senjata/IMG_2149.HEIC,6,koleksi_naskah_kuno,0.19910605251789093,koleksi senjata,/Users/mdaffaatstsaqif/Downloads/klaster asli/hasil_dec_softmax_10d/cluster_dec/cluster_06__koleksi_naskah_kuno/IMG_2149_5977.HEIC
/Users/mdaffaatstsaqif/Downloads/klaster asli/koleksi senjata/IMG_2150.HEIC,8,koleksi_senjata,0.22764752805233002,koleksi senjata,/Users/mdaffaatstsaqif/Downloads/klaster asli/hasil_dec_softmax_10d/cluster_dec/cluster_08__koleksi_senjata/IMG_2150_7721.HEIC
/Users/mdaffaatstsaqif/Downloads/klaster asli/koleksi naskah kuno/IMG_2427.HEIC,6,koleksi_naskah_kuno,0.2573671340942383,koleksi naskah kuno,/Users/mdaffaatstsaqif/Downloads/klaster asli/hasil_dec_softmax_10d/cluster_dec/cluster_06__koleksi_naskah_kuno/IMG_2427_7035.HEIC
/Users/mdaffaatstsaqif/Downloads/klaster asli/koleksi naskah kuno/IMG_2428.HEIC,6,koleksi_naskah_kuno,0.2573670446872711,koleksi naskah kuno,/Users/mdaffaatstsaqif/Downloads/klaster asli/hasil_dec_softmax_10d/cluster_dec/cluster_06__koleksi_naskah_kuno/IMG_2428_1484.HEIC
/Users/mdaffaatstsaqif/Downloads/klaster asli/koleksi naskah kuno/IMG_2429.HEIC,6,koleksi_naskah_kuno,0.2573671340942383,koleksi naskah kuno,/Users/mdaffaatstsaqif/Downloads/klaster asli/hasil_dec_softmax_10d/cluster_dec/cluster_06__koleksi_naskah_kuno/IMG_2429_7858.HEIC
/Users/mdaffaatstsaqif/Downloads/klaster asli/koleksi naskah kuno/IMG_2430.HEIC,6,koleksi_naskah_kuno,0.2573671340942383,koleksi naskah kuno,/Users/mdaffaatstsaqif/Downloads/klaster asli/hasil_dec_softmax_10d/cluster_dec/cluster_06__koleksi_naskah_kuno/IMG_2430_863.HEIC
/Users/mdaffaatstsaqif/Downloads/klaster asli/koleksi naskah kuno/IMG_2431.HEIC,6,koleksi_naskah_kuno,0.2573671340942383,koleksi naskah kuno,/Users/mdaffaatstsaqif/Downloads/klaster asli/hasil_dec_softmax_10d/cluster_dec/cluster_06__koleksi_naskah_kuno/IMG_2431_2790.HEIC
/Users/mdaffaatstsaqif/Downloads/klaster asli/koleksi naskah kuno/IMG_2432.HEIC,6,koleksi_naskah_kuno,0.2573671340942383,koleksi naskah kuno,/Users/mdaffaatstsaqif/Downloads/klaster asli/hasil_dec_softmax_10d/cluster_dec/cluster_06__koleksi_naskah_kuno/IMG_2432_7408.HEIC
/Users/mdaffaatstsaqif/Downloads/klaster asli/koleksi naskah kuno/IMG_2433.HEIC,6,koleksi_naskah_kuno,0.2573671340942383,koleksi naskah kuno,/Users/mdaffaatstsaqif/Downloads/klaster asli/hasil_dec_softmax_10d/cluster_dec/cluster_06__koleksi_naskah_kuno/IMG_2433_8755.HEIC
/Users/mdaffaatstsaqif/Downloads/klaster asli/koleksi naskah kuno/IMG_2434.HEIC,6,koleksi_naskah_kuno,0.2573671340942383,koleksi naskah kuno,/Users/mdaffaatstsaqif/Downloads/klaster asli/hasil_dec_softmax_10d/cluster_dec/cluster_06__koleksi_naskah_kuno/IMG_2434_5116.HEIC
/Users/mdaffaatstsaqif/Downloads/klaster asli/koleksi naskah kuno/IMG_2435.HEIC,6,koleksi_naskah_kuno,0.2573671340942383,koleksi naskah kuno,/Users/mdaffaatstsaqif/Downloads/klaster asli/hasil_dec_softmax_10d/cluster_dec/cluster_06__koleksi_naskah_kuno/IMG_2435_6019.HEIC
/Users/mdaffaatstsaqif/Downloads/klaster asli/koleksi naskah kuno/IMG_2436.HEIC,6,koleksi_naskah_kuno,0.2573671340942383,koleksi naskah kuno,/Users/mdaffaatstsaqif/Downloads/klaster asli/hasil_dec_softmax_10d/cluster_dec/cluster_06__koleksi_naskah_kuno/IMG_2436_1757.HEIC
/Users/mdaffaatstsaqif/Downloads/klaster asli/koleksi naskah kuno/IMG_2437.HEIC,6,koleksi_naskah_kuno,0.2573671340942383,koleksi naskah kuno,/Users/mdaffaatstsaqif/Downloads/klaster asli/hasil_dec_softmax_10d/cluster_dec/cluster_06__koleksi_naskah_kuno/IMG_2437_7574.HEIC
/Users/mdaffaatstsaqif/Downloads/klaster asli/koleksi naskah kuno/IMG_2438.HEIC,6,koleksi_naskah_kuno,0.2573671042919159,koleksi naskah kuno,/Users/mdaffaatstsaqif/Downloads/klaster asli/hasil_dec_softmax_10d/cluster_dec/cluster_06__koleksi_naskah_kuno/IMG_2438_6374.HEIC
/Users/mdaffaatstsaqif/Downloads/klaster asli/koleksi naskah kuno/IMG_2439.HEIC,6,koleksi_naskah_kuno,0.2573671340942383,koleksi naskah kuno,/Users/mdaffaatstsaqif/Downloads/klaster asli/hasil_dec_softmax_10d/cluster_dec/cluster_06__koleksi_naskah_kuno/IMG_2439_6892.HEIC
/Users/mdaffaatstsaqif/Downloads/klaster asli/koleksi naskah kuno/IMG_2440.HEIC,6,koleksi_naskah_kuno,0.2573671340942383,koleksi naskah kuno,/Users/mdaffaatstsaqif/Downloads/klaster asli/hasil_dec_softmax_10d/cluster_dec/cluster_06__koleksi_naskah_kuno/IMG_2440_1678.HEIC
/Users/mdaffaatstsaqif/Downloads/klaster asli/koleksi naskah kuno/IMG_2441.HEIC,6,koleksi_naskah_kuno,0.2573671340942383,koleksi naskah kuno,/Users/mdaffaatstsaqif/Downloads/klaster asli/hasil_dec_softmax_10d/cluster_dec/cluster_06__koleksi_naskah_kuno/IMG_2441_3242.HEIC
/Users/mdaffaatstsaqif/Downloads/klaster asli/koleksi naskah kuno/IMG_2442.HEIC,6,koleksi_naskah_kuno,0.2573671042919159,koleksi naskah kuno,/Users/mdaffaatstsaqif/Downloads/klaster asli/hasil_dec_softmax_10d/cluster_dec/cluster_06__koleksi_naskah_kuno/IMG_2442_4636.HEIC
/Users/mdaffaatstsaqif/Downloads/klaster asli/koleksi naskah kuno/IMG_2443.HEIC,6,koleksi_naskah_kuno,0.2573671340942383,koleksi naskah kuno,/Users/mdaffaatstsaqif/Downloads/klaster asli/hasil_dec_softmax_10d/cluster_dec/cluster_06__koleksi_naskah_kuno/IMG_2443_1059.HEIC
/Users/mdaffaatstsaqif/Downloads/klaster asli/koleksi naskah kuno/IMG_2444.HEIC,6,koleksi_naskah_kuno,0.2573671340942383,koleksi naskah kuno,/Users/mdaffaatstsaqif/Downloads/klaster asli/hasil_dec_softmax_10d/cluster_dec/cluster_06__koleksi_naskah_kuno/IMG_2444_6668.HEIC
/Users/mdaffaatstsaqif/Downloads/klaster asli/koleksi naskah kuno/IMG_2445.HEIC,6,koleksi_naskah_kuno,0.2573671340942383,koleksi naskah kuno,/Users/mdaffaatstsaqif/Downloads/klaster asli/hasil_dec_softmax_10d/cluster_dec/cluster_06__koleksi_naskah_kuno/IMG_2445_9914.HEIC
/Users/mdaffaatstsaqif/Downloads/klaster asli/koleksi naskah kuno/IMG_2446.HEIC,6,koleksi_naskah_kuno,0.2573671042919159,koleksi naskah kuno,/Users/mdaffaatstsaqif/Downloads/klaster asli/hasil_dec_softmax_10d/cluster_dec/cluster_06__koleksi_naskah_kuno/IMG_2446_3157.HEIC
/Users/mdaffaatstsaqif/Downloads/klaster asli/koleksi naskah kuno/IMG_2447.HEIC,6,koleksi_naskah_kuno,0.2573671340942383,koleksi naskah kuno,/Users/mdaffaatstsaqif/Downloads/klaster asli/hasil_dec_softmax_10d/cluster_dec/cluster_06__koleksi_naskah_kuno/IMG_2447_5915.HEIC
/Users/mdaffaatstsaqif/Downloads/klaster asli/koleksi naskah kuno/IMG_2448.HEIC,6,koleksi_naskah_kuno,0.2573671340942383,koleksi naskah kuno,/Users/mdaffaatstsaqif/Downloads/klaster asli/hasil_dec_softmax_10d/cluster_dec/cluster_06__koleksi_naskah_kuno/IMG_2448_9789.HEIC
/Users/mdaffaatstsaqif/Downloads/klaster asli/koleksi naskah kuno/IMG_2449.HEIC,6,koleksi_naskah_kuno,0.2573670744895935,koleksi naskah kuno,/Users/mdaffaatstsaqif/Downloads/klaster asli/hasil_dec_softmax_10d/cluster_dec/cluster_06__koleksi_naskah_kuno/IMG_2449_2693.HEIC
/Users/mdaffaatstsaqif/Downloads/klaster asli/koleksi naskah kuno/IMG_2450.HEIC,6,koleksi_naskah_kuno,0.2573671042919159,koleksi naskah kuno,/Users/mdaffaatstsaqif/Downloads/klaster asli/hasil_dec_softmax_10d/cluster_dec/cluster_06__koleksi_naskah_kuno/IMG_2450_3627.HEIC
/Users/mdaffaatstsaqif/Downloads/klaster asli/koleksi naskah kuno/IMG_2451.HEIC,6,koleksi_naskah_kuno,0.2573671340942383,koleksi naskah kuno,/Users/mdaffaatstsaqif/Downloads/klaster asli/hasil_dec_softmax_10d/cluster_dec/cluster_06__koleksi_naskah_kuno/IMG_2451_9555.HEIC
/Users/mdaffaatstsaqif/Downloads/klaster asli/koleksi naskah kuno/IMG_2452.HEIC,6,koleksi_naskah_kuno,0.2573671340942383,koleksi naskah kuno,/Users/mdaffaatstsaqif/Downloads/klaster asli/hasil_dec_softmax_10d/cluster_dec/cluster_06__koleksi_naskah_kuno/IMG_2452_5450.HEIC
/Users/mdaffaatstsaqif/Downloads/klaster asli/koleksi naskah kuno/IMG_2453.HEIC,6,koleksi_naskah_kuno,0.2573671340942383,koleksi naskah kuno,/Users/mdaffaatstsaqif/Downloads/klaster asli/hasil_dec_softmax_10d/cluster_dec/cluster_06__koleksi_naskah_kuno/IMG_2453_1663.HEIC
/Users/mdaffaatstsaqif/Downloads/klaster asli/koleksi naskah kuno/IMG_2454.HEIC,6,koleksi_naskah_kuno,0.2573671340942383,koleksi naskah kuno,/Users/mdaffaatstsaqif/Downloads/klaster asli/hasil_dec_softmax_10d/cluster_dec/cluster_06__koleksi_naskah_kuno/IMG_2454_9721.HEIC
/Users/mdaffaatstsaqif/Downloads/klaster asli/koleksi naskah kuno/IMG_2455.HEIC,5,koleksi_kesenian,0.17433355748653412,koleksi naskah kuno,/Users/mdaffaatstsaqif/Downloads/klaster asli/hasil_dec_softmax_10d/cluster_dec/cluster_05__koleksi_kesenian/IMG_2455_5592.HEIC
/Users/mdaffaatstsaqif/Downloads/klaster asli/koleksi naskah kuno/IMG_2456.HEIC,6,koleksi_naskah_kuno,0.2573655843734741,koleksi naskah kuno,/Users/mdaffaatstsaqif/Downloads/klaster asli/hasil_dec_softmax_10d/cluster_dec/cluster_06__koleksi_naskah_kuno/IMG_2456_7392.HEIC
/Users/mdaffaatstsaqif/Downloads/klaster asli/koleksi naskah kuno/IMG_2457.HEIC,6,koleksi_naskah_kuno,0.25736579298973083,koleksi naskah kuno,/Users/mdaffaatstsaqif/Downloads/klaster asli/hasil_dec_softmax_10d/cluster_dec/cluster_06__koleksi_naskah_kuno/IMG_2457_1306.HEIC
/Users/mdaffaatstsaqif/Downloads/klaster asli/koleksi naskah kuno/IMG_2460.HEIC,6,koleksi_naskah_kuno,0.25632593035697937,koleksi naskah kuno,/Users/mdaffaatstsaqif/Downloads/klaster asli/hasil_dec_softmax_10d/cluster_dec/cluster_06__koleksi_naskah_kuno/IMG_2460_6776.HEIC
/Users/mdaffaatstsaqif/Downloads/klaster asli/koleksi naskah kuno/IMG_2461.HEIC,6,koleksi_naskah_kuno,0.25730082392692566,koleksi naskah kuno,/Users/mdaffaatstsaqif/Downloads/klaster asli/hasil_dec_softmax_10d/cluster_dec/cluster_06__koleksi_naskah_kuno/IMG_2461_5864.HEIC
/Users/mdaffaatstsaqif/Downloads/klaster asli/koleksi naskah kuno/IMG_2462.HEIC,6,koleksi_naskah_kuno,0.25734999775886536,koleksi naskah kuno,/Users/mdaffaatstsaqif/Downloads/klaster asli/hasil_dec_softmax_10d/cluster_dec/cluster_06__koleksi_naskah_kuno/IMG_2462_9474.HEIC
/Users/mdaffaatstsaqif/Downloads/klaster asli/koleksi naskah kuno/IMG_2463.HEIC,6,koleksi_naskah_kuno,0.2573671042919159,koleksi naskah kuno,/Users/mdaffaatstsaqif/Downloads/klaster asli/hasil_dec_softmax_10d/cluster_dec/cluster_06__koleksi_naskah_kuno/IMG_2463_7526.HEIC
/Users/mdaffaatstsaqif/Downloads/klaster asli/koleksi naskah kuno/IMG_2464.HEIC,6,koleksi_naskah_kuno,0.2573671340942383,koleksi naskah kuno,/Users/mdaffaatstsaqif/Downloads/klaster asli/hasil_dec_softmax_10d/cluster_dec/cluster_06__koleksi_naskah_kuno/IMG_2464_8901.HEIC
/Users/mdaffaatstsaqif/Downloads/klaster asli/koleksi naskah kuno/IMG_2465.HEIC,6,koleksi_naskah_kuno,0.2573671340942383,koleksi naskah kuno,/Users/mdaffaatstsaqif/Downloads/klaster asli/hasil_dec_softmax_10d/cluster_dec/cluster_06__koleksi_naskah_kuno/IMG_2465_5575.HEIC
/Users/mdaffaatstsaqif/Downloads/klaster asli/koleksi naskah kuno/IMG_2466.HEIC,6,koleksi_naskah_kuno,0.2573671340942383,koleksi naskah kuno,/Users/mdaffaatstsaqif/Downloads/klaster asli/hasil_dec_softmax_10d/cluster_dec/cluster_06__koleksi_naskah_kuno/IMG_2466_5530.HEIC
/Users/mdaffaatstsaqif/Downloads/klaster asli/koleksi naskah kuno/IMG_2467.HEIC,6,koleksi_naskah_kuno,0.2573671340942383,koleksi naskah kuno,/Users/mdaffaatstsaqif/Downloads/klaster asli/hasil_dec_softmax_10d/cluster_dec/cluster_06__koleksi_naskah_kuno/IMG_2467_4413.HEIC
/Users/mdaffaatstsaqif/Downloads/klaster asli/koleksi naskah kuno/IMG_2468.HEIC,6,koleksi_naskah_kuno,0.25736695528030396,koleksi naskah kuno,/Users/mdaffaatstsaqif/Downloads/klaster asli/hasil_dec_softmax_10d/cluster_dec/cluster_06__koleksi_naskah_kuno/IMG_2468_3748.HEIC
/Users/mdaffaatstsaqif/Downloads/klaster asli/koleksi naskah kuno/IMG_2469.HEIC,6,koleksi_naskah_kuno,0.2573670744895935,koleksi naskah kuno,/Users/mdaffaatstsaqif/Downloads/klaster asli/hasil_dec_softmax_10d/cluster_dec/cluster_06__koleksi_naskah_kuno/IMG_2469_663.HEIC
/Users/mdaffaatstsaqif/Downloads/klaster asli/koleksi naskah kuno/IMG_2470.HEIC,6,koleksi_naskah_kuno,0.2573671340942383,koleksi naskah kuno,/Users/mdaffaatstsaqif/Downloads/klaster asli/hasil_dec_softmax_10d/cluster_dec/cluster_06__koleksi_naskah_kuno/IMG_2470_1998.HEIC
/Users/mdaffaatstsaqif/Downloads/klaster asli/koleksi naskah kuno/IMG_2471.HEIC,6,koleksi_naskah_kuno,0.2573671340942383,koleksi naskah kuno,/Users/mdaffaatstsaqif/Downloads/klaster asli/hasil_dec_softmax_10d/cluster_dec/cluster_06__koleksi_naskah_kuno/IMG_2471_7994.HEIC
/Users/mdaffaatstsaqif/Downloads/klaster asli/koleksi naskah kuno/IMG_2472.HEIC,6,koleksi_naskah_kuno,0.2573671340942383,koleksi naskah kuno,/Users/mdaffaatstsaqif/Downloads/klaster asli/hasil_dec_softmax_10d/cluster_dec/cluster_06__koleksi_naskah_kuno/IMG_2472_1495.HEIC
/Users/mdaffaatstsaqif/Downloads/klaster asli/koleksi naskah kuno/IMG_2473.HEIC,6,koleksi_naskah_kuno,0.2573671340942383,koleksi naskah kuno,/Users/mdaffaatstsaqif/Downloads/klaster asli/hasil_dec_softmax_10d/cluster_dec/cluster_06__koleksi_naskah_kuno/IMG_2473_3304.HEIC
/Users/mdaffaatstsaqif/Downloads/klaster asli/koleksi naskah kuno/IMG_2474.HEIC,6,koleksi_naskah_kuno,0.2573671340942383,koleksi naskah kuno,/Users/mdaffaatstsaqif/Downloads/klaster asli/hasil_dec_softmax_10d/cluster_dec/cluster_06__koleksi_naskah_kuno/IMG_2474_3763.HEIC
/Users/mdaffaatstsaqif/Downloads/klaster asli/koleksi naskah kuno/IMG_2475.HEIC,6,koleksi_naskah_kuno,0.2573671340942383,koleksi naskah kuno,/Users/mdaffaatstsaqif/Downloads/klaster asli/hasil_dec_softmax_10d/cluster_dec/cluster_06__koleksi_naskah_kuno/IMG_2475_5232.HEIC
/Users/mdaffaatstsaqif/Downloads/klaster asli/koleksi biologi/IMG_2090.heic,1,koleksi_biologi,0.2573961019515991,koleksi biologi,/Users/mdaffaatstsaqif/Downloads/klaster asli/hasil_dec_softmax_10d/cluster_dec/cluster_01__koleksi_biologi/IMG_2090_1853.heic
/Users/mdaffaatstsaqif/Downloads/klaster asli/koleksi biologi/IMG_2091.heic,1,koleksi_biologi,0.2566697299480438,koleksi biologi,/Users/mdaffaatstsaqif/Downloads/klaster asli/hasil_dec_softmax_10d/cluster_dec/cluster_01__koleksi_biologi/IMG_2091_6585.heic
/Users/mdaffaatstsaqif/Downloads/klaster asli/koleksi biologi/IMG_2092.heic,1,koleksi_biologi,0.2574644088745117,koleksi biologi,/Users/mdaffaatstsaqif/Downloads/klaster asli/hasil_dec_softmax_10d/cluster_dec/cluster_01__koleksi_biologi/IMG_2092_1291.heic
/Users/mdaffaatstsaqif/Downloads/klaster asli/koleksi biologi/IMG_2093.heic,1,koleksi_biologi,0.2574636936187744,koleksi biologi,/Users/mdaffaatstsaqif/Downloads/klaster asli/hasil_dec_softmax_10d/cluster_dec/cluster_01__koleksi_biologi/IMG_2093_3581.heic
/Users/mdaffaatstsaqif/Downloads/klaster asli/koleksi biologi/IMG_2094.heic,1,koleksi_biologi,0.2573007047176361,koleksi biologi,/Users/mdaffaatstsaqif/Downloads/klaster asli/hasil_dec_softmax_10d/cluster_dec/cluster_01__koleksi_biologi/IMG_2094_7554.heic
/Users/mdaffaatstsaqif/Downloads/klaster asli/koleksi biologi/IMG_2095.heic,1,koleksi_biologi,0.25690922141075134,koleksi biologi,/Users/mdaffaatstsaqif/Downloads/klaster asli/hasil_dec_softmax_10d/cluster_dec/cluster_01__koleksi_biologi/IMG_2095_7280.heic
/Users/mdaffaatstsaqif/Downloads/klaster asli/koleksi biologi/IMG_2096.heic,1,koleksi_biologi,0.2573581337928772,koleksi biologi,/Users/mdaffaatstsaqif/Downloads/klaster asli/hasil_dec_softmax_10d/cluster_dec/cluster_01__koleksi_biologi/IMG_2096_1636.heic
/Users/mdaffaatstsaqif/Downloads/klaster asli/koleksi biologi/IMG_2097.heic,1,koleksi_biologi,0.2574586272239685,koleksi biologi,/Users/mdaffaatstsaqif/Downloads/klaster asli/hasil_dec_softmax_10d/cluster_dec/cluster_01__koleksi_biologi/IMG_2097_3696.heic
/Users/mdaffaatstsaqif/Downloads/klaster asli/koleksi biologi/IMG_2099.heic,1,koleksi_biologi,0.25746455788612366,koleksi biologi,/Users/mdaffaatstsaqif/Downloads/klaster asli/hasil_dec_softmax_10d/cluster_dec/cluster_01__koleksi_biologi/IMG_2099_698.heic
/Users/mdaffaatstsaqif/Downloads/klaster asli/koleksi biologi/IMG_2100.heic,1,koleksi_biologi,0.25746458768844604,koleksi biologi,/Users/mdaffaatstsaqif/Downloads/klaster asli/hasil_dec_softmax_10d/cluster_dec/cluster_01__koleksi_biologi/IMG_2100_4737.heic
/Users/mdaffaatstsaqif/Downloads/klaster asli/koleksi biologi/IMG_2101.heic,1,koleksi_biologi,0.25746458768844604,koleksi biologi,/Users/mdaffaatstsaqif/Downloads/klaster asli/hasil_dec_softmax_10d/cluster_dec/cluster_01__koleksi_biologi/IMG_2101_854.heic
/Users/mdaffaatstsaqif/Downloads/klaster asli/koleksi biologi/IMG_2102.heic,1,koleksi_biologi,0.257375031709671,koleksi biologi,/Users/mdaffaatstsaqif/Downloads/klaster asli/hasil_dec_softmax_10d/cluster_dec/cluster_01__koleksi_biologi/IMG_2102_8164.heic
/Users/mdaffaatstsaqif/Downloads/klaster asli/koleksi biologi/IMG_2103.heic,1,koleksi_biologi,0.25718948245048523,koleksi biologi,/Users/mdaffaatstsaqif/Downloads/klaster asli/hasil_dec_softmax_10d/cluster_dec/cluster_01__koleksi_biologi/IMG_2103_5855.heic
/Users/mdaffaatstsaqif/Downloads/klaster asli/koleksi biologi/IMG_2104.heic,1,koleksi_biologi,0.25746458768844604,koleksi biologi,/Users/mdaffaatstsaqif/Downloads/klaster asli/hasil_dec_softmax_10d/cluster_dec/cluster_01__koleksi_biologi/IMG_2104_7392.heic
/Users/mdaffaatstsaqif/Downloads/klaster asli/koleksi biologi/IMG_2105.heic,1,koleksi_biologi,0.25746414065361023,koleksi biologi,/Users/mdaffaatstsaqif/Downloads/klaster asli/hasil_dec_softmax_10d/cluster_dec/cluster_01__koleksi_biologi/IMG_2105_6528.heic
/Users/mdaffaatstsaqif/Downloads/klaster asli/koleksi biologi/IMG_2106.heic,1,koleksi_biologi,0.25746458768844604,koleksi biologi,/Users/mdaffaatstsaqif/Downloads/klaster asli/hasil_dec_softmax_10d/cluster_dec/cluster_01__koleksi_biologi/IMG_2106_5249.heic
/Users/mdaffaatstsaqif/Downloads/klaster asli/koleksi biologi/IMG_2107.heic,1,koleksi_biologi,0.25746458768844604,koleksi biologi,/Users/mdaffaatstsaqif/Downloads/klaster asli/hasil_dec_softmax_10d/cluster_dec/cluster_01__koleksi_biologi/IMG_2107_5172.heic
/Users/mdaffaatstsaqif/Downloads/klaster asli/koleksi biologi/IMG_2108.heic,1,koleksi_biologi,0.25746458768844604,koleksi biologi,/Users/mdaffaatstsaqif/Downloads/klaster asli/hasil_dec_softmax_10d/cluster_dec/cluster_01__koleksi_biologi/IMG_2108_1707.heic
/Users/mdaffaatstsaqif/Downloads/klaster asli/koleksi biologi/IMG_2109.heic,1,koleksi_biologi,0.25746458768844604,koleksi biologi,/Users/mdaffaatstsaqif/Downloads/klaster asli/hasil_dec_softmax_10d/cluster_dec/cluster_01__koleksi_biologi/IMG_2109_5791.heic
/Users/mdaffaatstsaqif/Downloads/klaster asli/koleksi biologi/IMG_2110.heic,1,koleksi_biologi,0.25746431946754456,koleksi biologi,/Users/mdaffaatstsaqif/Downloads/klaster asli/hasil_dec_softmax_10d/cluster_dec/cluster_01__koleksi_biologi/IMG_2110_9925.heic
/Users/mdaffaatstsaqif/Downloads/klaster asli/koleksi biologi/IMG_2111.heic,1,koleksi_biologi,0.25746458768844604,koleksi biologi,/Users/mdaffaatstsaqif/Downloads/klaster asli/hasil_dec_softmax_10d/cluster_dec/cluster_01__koleksi_biologi/IMG_2111_5535.heic
/Users/mdaffaatstsaqif/Downloads/klaster asli/koleksi biologi/IMG_2112.heic,1,koleksi_biologi,0.25746458768844604,koleksi biologi,/Users/mdaffaatstsaqif/Downloads/klaster asli/hasil_dec_softmax_10d/cluster_dec/cluster_01__koleksi_biologi/IMG_2112_4931.heic
/Users/mdaffaatstsaqif/Downloads/klaster asli/koleksi biologi/IMG_2113.heic,1,koleksi_biologi,0.25746458768844604,koleksi biologi,/Users/mdaffaatstsaqif/Downloads/klaster asli/hasil_dec_softmax_10d/cluster_dec/cluster_01__koleksi_biologi/IMG_2113_3510.heic
/Users/mdaffaatstsaqif/Downloads/klaster asli/koleksi biologi/IMG_2114.heic,1,koleksi_biologi,0.25746458768844604,koleksi biologi,/Users/mdaffaatstsaqif/Downloads/klaster asli/hasil_dec_softmax_10d/cluster_dec/cluster_01__koleksi_biologi/IMG_2114_202.heic
/Users/mdaffaatstsaqif/Downloads/klaster asli/koleksi biologi/IMG_2115.heic,1,koleksi_biologi,0.25746458768844604,koleksi biologi,/Users/mdaffaatstsaqif/Downloads/klaster asli/hasil_dec_softmax_10d/cluster_dec/cluster_01__koleksi_biologi/IMG_2115_4218.heic
/Users/mdaffaatstsaqif/Downloads/klaster asli/koleksi biologi/IMG_2116.heic,1,koleksi_biologi,0.2574622929096222,koleksi biologi,/Users/mdaffaatstsaqif/Downloads/klaster asli/hasil_dec_softmax_10d/cluster_dec/cluster_01__koleksi_biologi/IMG_2116_8958.heic
/Users/mdaffaatstsaqif/Downloads/klaster asli/koleksi biologi/IMG_2117.heic,1,koleksi_biologi,0.25746458768844604,koleksi biologi,/Users/mdaffaatstsaqif/Downloads/klaster asli/hasil_dec_softmax_10d/cluster_dec/cluster_01__koleksi_biologi/IMG_2117_4389.heic
/Users/mdaffaatstsaqif/Downloads/klaster asli/koleksi biologi/IMG_2118.heic,1,koleksi_biologi,0.2574617564678192,koleksi biologi,/Users/mdaffaatstsaqif/Downloads/klaster asli/hasil_dec_softmax_10d/cluster_dec/cluster_01__koleksi_biologi/IMG_2118_2327.heic
/Users/mdaffaatstsaqif/Downloads/klaster asli/koleksi biologi/IMG_2119.heic,1,koleksi_biologi,0.25746458768844604,koleksi biologi,/Users/mdaffaatstsaqif/Downloads/klaster asli/hasil_dec_softmax_10d/cluster_dec/cluster_01__koleksi_biologi/IMG_2119_8004.heic
/Users/mdaffaatstsaqif/Downloads/klaster asli/koleksi biologi/IMG_2120.heic,1,koleksi_biologi,0.25746452808380127,koleksi biologi,/Users/mdaffaatstsaqif/Downloads/klaster asli/hasil_dec_softmax_10d/cluster_dec/cluster_01__koleksi_biologi/IMG_2120_2931.heic
/Users/mdaffaatstsaqif/Downloads/klaster asli/koleksi biologi/IMG_2121.heic,1,koleksi_biologi,0.25746458768844604,koleksi biologi,/Users/mdaffaatstsaqif/Downloads/klaster asli/hasil_dec_softmax_10d/cluster_dec/cluster_01__koleksi_biologi/IMG_2121_7777.heic
/Users/mdaffaatstsaqif/Downloads/klaster asli/koleksi biologi/IMG_2122.heic,1,koleksi_biologi,0.25746458768844604,koleksi biologi,/Users/mdaffaatstsaqif/Downloads/klaster asli/hasil_dec_softmax_10d/cluster_dec/cluster_01__koleksi_biologi/IMG_2122_197.heic
/Users/mdaffaatstsaqif/Downloads/klaster asli/koleksi biologi/IMG_2123.heic,1,koleksi_biologi,0.25746458768844604,koleksi biologi,/Users/mdaffaatstsaqif/Downloads/klaster asli/hasil_dec_softmax_10d/cluster_dec/cluster_01__koleksi_biologi/IMG_2123_7125.heic
/Users/mdaffaatstsaqif/Downloads/klaster asli/koleksi biologi/IMG_2124.heic,1,koleksi_biologi,0.25746458768844604,koleksi biologi,/Users/mdaffaatstsaqif/Downloads/klaster asli/hasil_dec_softmax_10d/cluster_dec/cluster_01__koleksi_biologi/IMG_2124_1930.heic
/Users/mdaffaatstsaqif/Downloads/klaster asli/koleksi biologi/IMG_2125.heic,1,koleksi_biologi,0.25746458768844604,koleksi biologi,/Users/mdaffaatstsaqif/Downloads/klaster asli/hasil_dec_softmax_10d/cluster_dec/cluster_01__koleksi_biologi/IMG_2125_6287.heic
/Users/mdaffaatstsaqif/Downloads/klaster asli/koleksi biologi/IMG_2126.heic,1,koleksi_biologi,0.25746458768844604,koleksi biologi,/Users/mdaffaatstsaqif/Downloads/klaster asli/hasil_dec_softmax_10d/cluster_dec/cluster_01__koleksi_biologi/IMG_2126_8800.heic
/Users/mdaffaatstsaqif/Downloads/klaster asli/koleksi biologi/IMG_2127.heic,1,koleksi_biologi,0.2574499845504761,koleksi biologi,/Users/mdaffaatstsaqif/Downloads/klaster asli/hasil_dec_softmax_10d/cluster_dec/cluster_01__koleksi_biologi/IMG_2127_9339.heic
/Users/mdaffaatstsaqif/Downloads/klaster asli/koleksi biologi/IMG_2128.heic,1,koleksi_biologi,0.2574600577354431,koleksi biologi,/Users/mdaffaatstsaqif/Downloads/klaster asli/hasil_dec_softmax_10d/cluster_dec/cluster_01__koleksi_biologi/IMG_2128_4282.heic
/Users/mdaffaatstsaqif/Downloads/klaster asli/koleksi biologi/IMG_2129.heic,1,koleksi_biologi,0.25746312737464905,koleksi biologi,/Users/mdaffaatstsaqif/Downloads/klaster asli/hasil_dec_softmax_10d/cluster_dec/cluster_01__koleksi_biologi/IMG_2129_2511.heic
/Users/mdaffaatstsaqif/Downloads/klaster asli/koleksi biologi/IMG_2130.heic,1,koleksi_biologi,0.25745803117752075,koleksi biologi,/Users/mdaffaatstsaqif/Downloads/klaster asli/hasil_dec_softmax_10d/cluster_dec/cluster_01__koleksi_biologi/IMG_2130_9986.heic
/Users/mdaffaatstsaqif/Downloads/klaster asli/koleksi biologi/IMG_2131.heic,1,koleksi_biologi,0.25746458768844604,koleksi biologi,/Users/mdaffaatstsaqif/Downloads/klaster asli/hasil_dec_softmax_10d/cluster_dec/cluster_01__koleksi_biologi/IMG_2131_659.heic
/Users/mdaffaatstsaqif/Downloads/klaster asli/koleksi biologi/IMG_2132.heic,1,koleksi_biologi,0.25746458768844604,koleksi biologi,/Users/mdaffaatstsaqif/Downloads/klaster asli/hasil_dec_softmax_10d/cluster_dec/cluster_01__koleksi_biologi/IMG_2132_2811.heic
/Users/mdaffaatstsaqif/Downloads/klaster asli/koleksi biologi/IMG_2133.heic,1,koleksi_biologi,0.25746455788612366,koleksi biologi,/Users/mdaffaatstsaqif/Downloads/klaster asli/hasil_dec_softmax_10d/cluster_dec/cluster_01__koleksi_biologi/IMG_2133_7098.heic
/Users/mdaffaatstsaqif/Downloads/klaster asli/koleksi biologi/IMG_2134.heic,1,koleksi_biologi,0.25746455788612366,koleksi biologi,/Users/mdaffaatstsaqif/Downloads/klaster asli/hasil_dec_softmax_10d/cluster_dec/cluster_01__koleksi_biologi/IMG_2134_6546.heic
/Users/mdaffaatstsaqif/Downloads/klaster asli/koleksi biologi/IMG_2135.heic,1,koleksi_biologi,0.25745898485183716,koleksi biologi,/Users/mdaffaatstsaqif/Downloads/klaster asli/hasil_dec_softmax_10d/cluster_dec/cluster_01__koleksi_biologi/IMG_2135_9561.heic
/Users/mdaffaatstsaqif/Downloads/klaster asli/koleksi biologi/IMG_2136.heic,1,koleksi_biologi,0.2574617266654968,koleksi biologi,/Users/mdaffaatstsaqif/Downloads/klaster asli/hasil_dec_softmax_10d/cluster_dec/cluster_01__koleksi_biologi/IMG_2136_1986.heic
/Users/mdaffaatstsaqif/Downloads/klaster asli/koleksi biologi/IMG_2137.heic,1,koleksi_biologi,0.25746452808380127,koleksi biologi,/Users/mdaffaatstsaqif/Downloads/klaster asli/hasil_dec_softmax_10d/cluster_dec/cluster_01__koleksi_biologi/IMG_2137_8338.heic
/Users/mdaffaatstsaqif/Downloads/klaster asli/koleksi biologi/IMG_2138.heic,1,koleksi_biologi,0.2574640214443207,koleksi biologi,/Users/mdaffaatstsaqif/Downloads/klaster asli/hasil_dec_softmax_10d/cluster_dec/cluster_01__koleksi_biologi/IMG_2138_2911.heic
/Users/mdaffaatstsaqif/Downloads/klaster asli/koleksi numismatik/IMG_2377.HEIC,7,koleksi_numismatik,0.2582191824913025,koleksi numismatik,/Users/mdaffaatstsaqif/Downloads/klaster asli/hasil_dec_softmax_10d/cluster_dec/cluster_07__koleksi_numismatik/IMG_2377_1734.HEIC
/Users/mdaffaatstsaqif/Downloads/klaster asli/koleksi numismatik/IMG_2378.HEIC,7,koleksi_numismatik,0.25811827182769775,koleksi numismatik,/Users/mdaffaatstsaqif/Downloads/klaster asli/hasil_dec_softmax_10d/cluster_dec/cluster_07__koleksi_numismatik/IMG_2378_1843.HEIC
/Users/mdaffaatstsaqif/Downloads/klaster asli/koleksi numismatik/IMG_2379.HEIC,7,koleksi_numismatik,0.2582189738750458,koleksi numismatik,/Users/mdaffaatstsaqif/Downloads/klaster asli/hasil_dec_softmax_10d/cluster_dec/cluster_07__koleksi_numismatik/IMG_2379_8680.HEIC
/Users/mdaffaatstsaqif/Downloads/klaster asli/koleksi numismatik/IMG_2380.HEIC,7,koleksi_numismatik,0.2582190930843353,koleksi numismatik,/Users/mdaffaatstsaqif/Downloads/klaster asli/hasil_dec_softmax_10d/cluster_dec/cluster_07__koleksi_numismatik/IMG_2380_2976.HEIC
/Users/mdaffaatstsaqif/Downloads/klaster asli/koleksi numismatik/IMG_2381.HEIC,7,koleksi_numismatik,0.2582191824913025,koleksi numismatik,/Users/mdaffaatstsaqif/Downloads/klaster asli/hasil_dec_softmax_10d/cluster_dec/cluster_07__koleksi_numismatik/IMG_2381_1959.HEIC
/Users/mdaffaatstsaqif/Downloads/klaster asli/koleksi numismatik/IMG_2382.HEIC,7,koleksi_numismatik,0.2582191526889801,koleksi numismatik,/Users/mdaffaatstsaqif/Downloads/klaster asli/hasil_dec_softmax_10d/cluster_dec/cluster_07__koleksi_numismatik/IMG_2382_5759.HEIC
/Users/mdaffaatstsaqif/Downloads/klaster asli/koleksi numismatik/IMG_2383.HEIC,7,koleksi_numismatik,0.258217990398407,koleksi numismatik,/Users/mdaffaatstsaqif/Downloads/klaster asli/hasil_dec_softmax_10d/cluster_dec/cluster_07__koleksi_numismatik/IMG_2383_6694.HEIC
/Users/mdaffaatstsaqif/Downloads/klaster asli/koleksi numismatik/IMG_2384.HEIC,7,koleksi_numismatik,0.2582191824913025,koleksi numismatik,/Users/mdaffaatstsaqif/Downloads/klaster asli/hasil_dec_softmax_10d/cluster_dec/cluster_07__koleksi_numismatik/IMG_2384_2385.HEIC
/Users/mdaffaatstsaqif/Downloads/klaster asli/koleksi numismatik/IMG_2385.HEIC,7,koleksi_numismatik,0.2582191824913025,koleksi numismatik,/Users/mdaffaatstsaqif/Downloads/klaster asli/hasil_dec_softmax_10d/cluster_dec/cluster_07__koleksi_numismatik/IMG_2385_4736.HEIC
/Users/mdaffaatstsaqif/Downloads/klaster asli/koleksi numismatik/IMG_2386.HEIC,7,koleksi_numismatik,0.2582191824913025,koleksi numismatik,/Users/mdaffaatstsaqif/Downloads/klaster asli/hasil_dec_softmax_10d/cluster_dec/cluster_07__koleksi_numismatik/IMG_2386_1802.HEIC
/Users/mdaffaatstsaqif/Downloads/klaster asli/koleksi numismatik/IMG_2387.HEIC,7,koleksi_numismatik,0.2582191824913025,koleksi numismatik,/Users/mdaffaatstsaqif/Downloads/klaster asli/hasil_dec_softmax_10d/cluster_dec/cluster_07__koleksi_numismatik/IMG_2387_8155.HEIC
/Users/mdaffaatstsaqif/Downloads/klaster asli/koleksi numismatik/IMG_2388.HEIC,7,koleksi_numismatik,0.2582191824913025,koleksi numismatik,/Users/mdaffaatstsaqif/Downloads/klaster asli/hasil_dec_softmax_10d/cluster_dec/cluster_07__koleksi_numismatik/IMG_2388_8120.HEIC
/Users/mdaffaatstsaqif/Downloads/klaster asli/koleksi numismatik/IMG_2389.HEIC,7,koleksi_numismatik,0.2582191824913025,koleksi numismatik,/Users/mdaffaatstsaqif/Downloads/klaster asli/hasil_dec_softmax_10d/cluster_dec/cluster_07__koleksi_numismatik/IMG_2389_6616.HEIC
/Users/mdaffaatstsaqif/Downloads/klaster asli/koleksi numismatik/IMG_2390.HEIC,7,koleksi_numismatik,0.2582191824913025,koleksi numismatik,/Users/mdaffaatstsaqif/Downloads/klaster asli/hasil_dec_softmax_10d/cluster_dec/cluster_07__koleksi_numismatik/IMG_2390_5534.HEIC
/Users/mdaffaatstsaqif/Downloads/klaster asli/koleksi numismatik/IMG_2391.HEIC,7,koleksi_numismatik,0.2582191824913025,koleksi numismatik,/Users/mdaffaatstsaqif/Downloads/klaster asli/hasil_dec_softmax_10d/cluster_dec/cluster_07__koleksi_numismatik/IMG_2391_4061.HEIC
/Users/mdaffaatstsaqif/Downloads/klaster asli/koleksi numismatik/IMG_2392.HEIC,7,koleksi_numismatik,0.2582191824913025,koleksi numismatik,/Users/mdaffaatstsaqif/Downloads/klaster asli/hasil_dec_softmax_10d/cluster_dec/cluster_07__koleksi_numismatik/IMG_2392_262.HEIC
/Users/mdaffaatstsaqif/Downloads/klaster asli/koleksi numismatik/IMG_2393.HEIC,7,koleksi_numismatik,0.2582191824913025,koleksi numismatik,/Users/mdaffaatstsaqif/Downloads/klaster asli/hasil_dec_softmax_10d/cluster_dec/cluster_07__koleksi_numismatik/IMG_2393_6287.HEIC
/Users/mdaffaatstsaqif/Downloads/klaster asli/koleksi numismatik/IMG_2394.HEIC,7,koleksi_numismatik,0.2582191824913025,koleksi numismatik,/Users/mdaffaatstsaqif/Downloads/klaster asli/hasil_dec_softmax_10d/cluster_dec/cluster_07__koleksi_numismatik/IMG_2394_8815.HEIC
/Users/mdaffaatstsaqif/Downloads/klaster asli/koleksi numismatik/IMG_2395.HEIC,7,koleksi_numismatik,0.2582191824913025,koleksi numismatik,/Users/mdaffaatstsaqif/Downloads/klaster asli/hasil_dec_softmax_10d/cluster_dec/cluster_07__koleksi_numismatik/IMG_2395_9208.HEIC
/Users/mdaffaatstsaqif/Downloads/klaster asli/koleksi numismatik/IMG_2396.HEIC,7,koleksi_numismatik,0.2582191824913025,koleksi numismatik,/Users/mdaffaatstsaqif/Downloads/klaster asli/hasil_dec_softmax_10d/cluster_dec/cluster_07__koleksi_numismatik/IMG_2396_2049.HEIC
/Users/mdaffaatstsaqif/Downloads/klaster asli/koleksi numismatik/IMG_2397.HEIC,7,koleksi_numismatik,0.2582191824913025,koleksi numismatik,/Users/mdaffaatstsaqif/Downloads/klaster asli/hasil_dec_softmax_10d/cluster_dec/cluster_07__koleksi_numismatik/IMG_2397_5423.HEIC
/Users/mdaffaatstsaqif/Downloads/klaster asli/koleksi numismatik/IMG_2398.HEIC,7,koleksi_numismatik,0.2582191824913025,koleksi numismatik,/Users/mdaffaatstsaqif/Downloads/klaster asli/hasil_dec_softmax_10d/cluster_dec/cluster_07__koleksi_numismatik/IMG_2398_4548.HEIC
/Users/mdaffaatstsaqif/Downloads/klaster asli/koleksi numismatik/IMG_2399.HEIC,7,koleksi_numismatik,0.2582191824913025,koleksi numismatik,/Users/mdaffaatstsaqif/Downloads/klaster asli/hasil_dec_softmax_10d/cluster_dec/cluster_07__koleksi_numismatik/IMG_2399_3108.HEIC
/Users/mdaffaatstsaqif/Downloads/klaster asli/koleksi numismatik/IMG_2400.HEIC,7,koleksi_numismatik,0.2582191824913025,koleksi numismatik,/Users/mdaffaatstsaqif/Downloads/klaster asli/hasil_dec_softmax_10d/cluster_dec/cluster_07__koleksi_numismatik/IMG_2400_7158.HEIC
/Users/mdaffaatstsaqif/Downloads/klaster asli/koleksi numismatik/IMG_2401.HEIC,7,koleksi_numismatik,0.2582191824913025,koleksi numismatik,/Users/mdaffaatstsaqif/Downloads/klaster asli/hasil_dec_softmax_10d/cluster_dec/cluster_07__koleksi_numismatik/IMG_2401_7400.HEIC
/Users/mdaffaatstsaqif/Downloads/klaster asli/koleksi numismatik/IMG_2402.HEIC,7,koleksi_numismatik,0.2582191526889801,koleksi numismatik,/Users/mdaffaatstsaqif/Downloads/klaster asli/hasil_dec_softmax_10d/cluster_dec/cluster_07__koleksi_numismatik/IMG_2402_3170.HEIC
/Users/mdaffaatstsaqif/Downloads/klaster asli/koleksi numismatik/IMG_2403.HEIC,7,koleksi_numismatik,0.2582191526889801,koleksi numismatik,/Users/mdaffaatstsaqif/Downloads/klaster asli/hasil_dec_softmax_10d/cluster_dec/cluster_07__koleksi_numismatik/IMG_2403_9874.HEIC
/Users/mdaffaatstsaqif/Downloads/klaster asli/koleksi numismatik/IMG_2404.HEIC,7,koleksi_numismatik,0.2582191824913025,koleksi numismatik,/Users/mdaffaatstsaqif/Downloads/klaster asli/hasil_dec_softmax_10d/cluster_dec/cluster_07__koleksi_numismatik/IMG_2404_2255.HEIC
/Users/mdaffaatstsaqif/Downloads/klaster asli/koleksi numismatik/IMG_2405.HEIC,7,koleksi_numismatik,0.2582191824913025,koleksi numismatik,/Users/mdaffaatstsaqif/Downloads/klaster asli/hasil_dec_softmax_10d/cluster_dec/cluster_07__koleksi_numismatik/IMG_2405_1154.HEIC
/Users/mdaffaatstsaqif/Downloads/klaster asli/koleksi numismatik/IMG_2406.HEIC,7,koleksi_numismatik,0.2582191824913025,koleksi numismatik,/Users/mdaffaatstsaqif/Downloads/klaster asli/hasil_dec_softmax_10d/cluster_dec/cluster_07__koleksi_numismatik/IMG_2406_4499.HEIC
/Users/mdaffaatstsaqif/Downloads/klaster asli/koleksi numismatik/IMG_2407.HEIC,7,koleksi_numismatik,0.2582191824913025,koleksi numismatik,/Users/mdaffaatstsaqif/Downloads/klaster asli/hasil_dec_softmax_10d/cluster_dec/cluster_07__koleksi_numismatik/IMG_2407_6295.HEIC
/Users/mdaffaatstsaqif/Downloads/klaster asli/koleksi numismatik/IMG_2408.HEIC,7,koleksi_numismatik,0.2582191824913025,koleksi numismatik,/Users/mdaffaatstsaqif/Downloads/klaster asli/hasil_dec_softmax_10d/cluster_dec/cluster_07__koleksi_numismatik/IMG_2408_6197.HEIC
/Users/mdaffaatstsaqif/Downloads/klaster asli/koleksi numismatik/IMG_2409.HEIC,7,koleksi_numismatik,0.2582191824913025,koleksi numismatik,/Users/mdaffaatstsaqif/Downloads/klaster asli/hasil_dec_softmax_10d/cluster_dec/cluster_07__koleksi_numismatik/IMG_2409_9888.HEIC
/Users/mdaffaatstsaqif/Downloads/klaster asli/koleksi numismatik/IMG_2410.HEIC,7,koleksi_numismatik,0.2582191824913025,koleksi numismatik,/Users/mdaffaatstsaqif/Downloads/klaster asli/hasil_dec_softmax_10d/cluster_dec/cluster_07__koleksi_numismatik/IMG_2410_1648.HEIC
/Users/mdaffaatstsaqif/Downloads/klaster asli/koleksi numismatik/IMG_2411.HEIC,7,koleksi_numismatik,0.2582191824913025,koleksi numismatik,/Users/mdaffaatstsaqif/Downloads/klaster asli/hasil_dec_softmax_10d/cluster_dec/cluster_07__koleksi_numismatik/IMG_2411_5539.HEIC
/Users/mdaffaatstsaqif/Downloads/klaster asli/koleksi numismatik/IMG_2412.HEIC,7,koleksi_numismatik,0.2582191824913025,koleksi numismatik,/Users/mdaffaatstsaqif/Downloads/klaster asli/hasil_dec_softmax_10d/cluster_dec/cluster_07__koleksi_numismatik/IMG_2412_9637.HEIC
/Users/mdaffaatstsaqif/Downloads/klaster asli/koleksi numismatik/IMG_2413.HEIC,7,koleksi_numismatik,0.2582191824913025,koleksi numismatik,/Users/mdaffaatstsaqif/Downloads/klaster asli/hasil_dec_softmax_10d/cluster_dec/cluster_07__koleksi_numismatik/IMG_2413_4199.HEIC
/Users/mdaffaatstsaqif/Downloads/klaster asli/koleksi numismatik/IMG_2414.HEIC,7,koleksi_numismatik,0.2582191824913025,koleksi numismatik,/Users/mdaffaatstsaqif/Downloads/klaster asli/hasil_dec_softmax_10d/cluster_dec/cluster_07__koleksi_numismatik/IMG_2414_8445.HEIC
/Users/mdaffaatstsaqif/Downloads/klaster asli/koleksi numismatik/IMG_2415.HEIC,7,koleksi_numismatik,0.2582191824913025,koleksi numismatik,/Users/mdaffaatstsaqif/Downloads/klaster asli/hasil_dec_softmax_10d/cluster_dec/cluster_07__koleksi_numismatik/IMG_2415_2557.HEIC
/Users/mdaffaatstsaqif/Downloads/klaster asli/koleksi numismatik/IMG_2416.HEIC,7,koleksi_numismatik,0.2582191824913025,koleksi numismatik,/Users/mdaffaatstsaqif/Downloads/klaster asli/hasil_dec_softmax_10d/cluster_dec/cluster_07__koleksi_numismatik/IMG_2416_5592.HEIC
/Users/mdaffaatstsaqif/Downloads/klaster asli/koleksi numismatik/IMG_2417.HEIC,7,koleksi_numismatik,0.2582191824913025,koleksi numismatik,/Users/mdaffaatstsaqif/Downloads/klaster asli/hasil_dec_softmax_10d/cluster_dec/cluster_07__koleksi_numismatik/IMG_2417_98.HEIC
/Users/mdaffaatstsaqif/Downloads/klaster asli/koleksi numismatik/IMG_2418.HEIC,7,koleksi_numismatik,0.2582191824913025,koleksi numismatik,/Users/mdaffaatstsaqif/Downloads/klaster asli/hasil_dec_softmax_10d/cluster_dec/cluster_07__koleksi_numismatik/IMG_2418_2200.HEIC
/Users/mdaffaatstsaqif/Downloads/klaster asli/koleksi numismatik/IMG_2419.HEIC,7,koleksi_numismatik,0.2582191824913025,koleksi numismatik,/Users/mdaffaatstsaqif/Downloads/klaster asli/hasil_dec_softmax_10d/cluster_dec/cluster_07__koleksi_numismatik/IMG_2419_2961.HEIC
/Users/mdaffaatstsaqif/Downloads/klaster asli/koleksi numismatik/IMG_2420.HEIC,7,koleksi_numismatik,0.25821182131767273,koleksi numismatik,/Users/mdaffaatstsaqif/Downloads/klaster asli/hasil_dec_softmax_10d/cluster_dec/cluster_07__koleksi_numismatik/IMG_2420_4973.HEIC
/Users/mdaffaatstsaqif/Downloads/klaster asli/koleksi numismatik/IMG_2421.HEIC,7,koleksi_numismatik,0.2582191824913025,koleksi numismatik,/Users/mdaffaatstsaqif/Downloads/klaster asli/hasil_dec_softmax_10d/cluster_dec/cluster_07__koleksi_numismatik/IMG_2421_4433.HEIC
/Users/mdaffaatstsaqif/Downloads/klaster asli/koleksi numismatik/IMG_2422.HEIC,7,koleksi_numismatik,0.2582191824913025,koleksi numismatik,/Users/mdaffaatstsaqif/Downloads/klaster asli/hasil_dec_softmax_10d/cluster_dec/cluster_07__koleksi_numismatik/IMG_2422_2869.HEIC
/Users/mdaffaatstsaqif/Downloads/klaster asli/koleksi numismatik/IMG_2423.HEIC,7,koleksi_numismatik,0.2582191526889801,koleksi numismatik,/Users/mdaffaatstsaqif/Downloads/klaster asli/hasil_dec_softmax_10d/cluster_dec/cluster_07__koleksi_numismatik/IMG_2423_956.HEIC
/Users/mdaffaatstsaqif/Downloads/klaster asli/koleksi numismatik/IMG_2424.HEIC,7,koleksi_numismatik,0.2582191824913025,koleksi numismatik,/Users/mdaffaatstsaqif/Downloads/klaster asli/hasil_dec_softmax_10d/cluster_dec/cluster_07__koleksi_numismatik/IMG_2424_8352.HEIC
/Users/mdaffaatstsaqif/Downloads/klaster asli/koleksi numismatik/IMG_2425.HEIC,7,koleksi_numismatik,0.2582191824913025,koleksi numismatik,/Users/mdaffaatstsaqif/Downloads/klaster asli/hasil_dec_softmax_10d/cluster_dec/cluster_07__koleksi_numismatik/IMG_2425_5699.HEIC
/Users/mdaffaatstsaqif/Downloads/klaster asli/koleksi numismatik/IMG_2426.HEIC,7,koleksi_numismatik,0.2582189440727234,koleksi numismatik,/Users/mdaffaatstsaqif/Downloads/klaster asli/hasil_dec_softmax_10d/cluster_dec/cluster_07__koleksi_numismatik/IMG_2426_6944.HEIC
/Users/mdaffaatstsaqif/Downloads/klaster asli/koleksi teknologika/IMG_2714.heic,9,koleksi_teknologika,0.2578786015510559,koleksi teknologika,/Users/mdaffaatstsaqif/Downloads/klaster asli/hasil_dec_softmax_10d/cluster_dec/cluster_09__koleksi_teknologika/IMG_2714_4493.heic
/Users/mdaffaatstsaqif/Downloads/klaster asli/koleksi teknologika/IMG_2715.heic,9,koleksi_teknologika,0.2578786611557007,koleksi teknologika,/Users/mdaffaatstsaqif/Downloads/klaster asli/hasil_dec_softmax_10d/cluster_dec/cluster_09__koleksi_teknologika/IMG_2715_9492.heic
/Users/mdaffaatstsaqif/Downloads/klaster asli/koleksi teknologika/IMG_2716.heic,9,koleksi_teknologika,0.2578786611557007,koleksi teknologika,/Users/mdaffaatstsaqif/Downloads/klaster asli/hasil_dec_softmax_10d/cluster_dec/cluster_09__koleksi_teknologika/IMG_2716_4911.heic
/Users/mdaffaatstsaqif/Downloads/klaster asli/koleksi teknologika/IMG_2717.heic,9,koleksi_teknologika,0.25787869095802307,koleksi teknologika,/Users/mdaffaatstsaqif/Downloads/klaster asli/hasil_dec_softmax_10d/cluster_dec/cluster_09__koleksi_teknologika/IMG_2717_3987.heic
/Users/mdaffaatstsaqif/Downloads/klaster asli/koleksi teknologika/IMG_2718.heic,9,koleksi_teknologika,0.25787830352783203,koleksi teknologika,/Users/mdaffaatstsaqif/Downloads/klaster asli/hasil_dec_softmax_10d/cluster_dec/cluster_09__koleksi_teknologika/IMG_2718_9719.heic
/Users/mdaffaatstsaqif/Downloads/klaster asli/koleksi teknologika/IMG_2719.heic,9,koleksi_teknologika,0.2578747272491455,koleksi teknologika,/Users/mdaffaatstsaqif/Downloads/klaster asli/hasil_dec_softmax_10d/cluster_dec/cluster_09__koleksi_teknologika/IMG_2719_6015.heic
/Users/mdaffaatstsaqif/Downloads/klaster asli/koleksi teknologika/IMG_2720.heic,9,koleksi_teknologika,0.25787845253944397,koleksi teknologika,/Users/mdaffaatstsaqif/Downloads/klaster asli/hasil_dec_softmax_10d/cluster_dec/cluster_09__koleksi_teknologika/IMG_2720_1218.heic
/Users/mdaffaatstsaqif/Downloads/klaster asli/koleksi teknologika/IMG_2721.heic,9,koleksi_teknologika,0.2578771412372589,koleksi teknologika,/Users/mdaffaatstsaqif/Downloads/klaster asli/hasil_dec_softmax_10d/cluster_dec/cluster_09__koleksi_teknologika/IMG_2721_4496.heic
/Users/mdaffaatstsaqif/Downloads/klaster asli/koleksi teknologika/IMG_2722.heic,9,koleksi_teknologika,0.25785377621650696,koleksi teknologika,/Users/mdaffaatstsaqif/Downloads/klaster asli/hasil_dec_softmax_10d/cluster_dec/cluster_09__koleksi_teknologika/IMG_2722_4735.heic
/Users/mdaffaatstsaqif/Downloads/klaster asli/koleksi teknologika/IMG_2723.heic,9,koleksi_teknologika,0.25786343216896057,koleksi teknologika,/Users/mdaffaatstsaqif/Downloads/klaster asli/hasil_dec_softmax_10d/cluster_dec/cluster_09__koleksi_teknologika/IMG_2723_4555.heic
/Users/mdaffaatstsaqif/Downloads/klaster asli/koleksi teknologika/IMG_2724.heic,9,koleksi_teknologika,0.2578705847263336,koleksi teknologika,/Users/mdaffaatstsaqif/Downloads/klaster asli/hasil_dec_softmax_10d/cluster_dec/cluster_09__koleksi_teknologika/IMG_2724_9146.heic
/Users/mdaffaatstsaqif/Downloads/klaster asli/koleksi teknologika/IMG_2725.heic,2,koleksi_etnografi,0.2552359998226166,koleksi teknologika,/Users/mdaffaatstsaqif/Downloads/klaster asli/hasil_dec_softmax_10d/cluster_dec/cluster_02__koleksi_etnografi/IMG_2725_8050.heic
/Users/mdaffaatstsaqif/Downloads/klaster asli/koleksi teknologika/IMG_2726.heic,9,koleksi_teknologika,0.2578485906124115,koleksi teknologika,/Users/mdaffaatstsaqif/Downloads/klaster asli/hasil_dec_softmax_10d/cluster_dec/cluster_09__koleksi_teknologika/IMG_2726_3446.heic
/Users/mdaffaatstsaqif/Downloads/klaster asli/koleksi teknologika/IMG_2728.heic,9,koleksi_teknologika,0.25787827372550964,koleksi teknologika,/Users/mdaffaatstsaqif/Downloads/klaster asli/hasil_dec_softmax_10d/cluster_dec/cluster_09__koleksi_teknologika/IMG_2728_1045.heic
/Users/mdaffaatstsaqif/Downloads/klaster asli/koleksi teknologika/IMG_2729.heic,9,koleksi_teknologika,0.25774022936820984,koleksi teknologika,/Users/mdaffaatstsaqif/Downloads/klaster asli/hasil_dec_softmax_10d/cluster_dec/cluster_09__koleksi_teknologika/IMG_2729_6893.heic
/Users/mdaffaatstsaqif/Downloads/klaster asli/koleksi teknologika/IMG_2730.heic,9,koleksi_teknologika,0.25787726044654846,koleksi teknologika,/Users/mdaffaatstsaqif/Downloads/klaster asli/hasil_dec_softmax_10d/cluster_dec/cluster_09__koleksi_teknologika/IMG_2730_1693.heic
/Users/mdaffaatstsaqif/Downloads/klaster asli/koleksi teknologika/IMG_2731.heic,9,koleksi_teknologika,0.25787869095802307,koleksi teknologika,/Users/mdaffaatstsaqif/Downloads/klaster asli/hasil_dec_softmax_10d/cluster_dec/cluster_09__koleksi_teknologika/IMG_2731_3436.heic
/Users/mdaffaatstsaqif/Downloads/klaster asli/koleksi teknologika/IMG_2732.heic,9,koleksi_teknologika,0.2578786611557007,koleksi teknologika,/Users/mdaffaatstsaqif/Downloads/klaster asli/hasil_dec_softmax_10d/cluster_dec/cluster_09__koleksi_teknologika/IMG_2732_8754.heic
/Users/mdaffaatstsaqif/Downloads/klaster asli/koleksi teknologika/IMG_2733.heic,9,koleksi_teknologika,0.2578785717487335,koleksi teknologika,/Users/mdaffaatstsaqif/Downloads/klaster asli/hasil_dec_softmax_10d/cluster_dec/cluster_09__koleksi_teknologika/IMG_2733_5895.heic
/Users/mdaffaatstsaqif/Downloads/klaster asli/koleksi teknologika/IMG_2734.heic,9,koleksi_teknologika,0.2578786611557007,koleksi teknologika,/Users/mdaffaatstsaqif/Downloads/klaster asli/hasil_dec_softmax_10d/cluster_dec/cluster_09__koleksi_teknologika/IMG_2734_3354.heic
/Users/mdaffaatstsaqif/Downloads/klaster asli/koleksi teknologika/IMG_2735.heic,9,koleksi_teknologika,0.2578786313533783,koleksi teknologika,/Users/mdaffaatstsaqif/Downloads/klaster asli/hasil_dec_softmax_10d/cluster_dec/cluster_09__koleksi_teknologika/IMG_2735_225.heic
/Users/mdaffaatstsaqif/Downloads/klaster asli/koleksi teknologika/IMG_2736.heic,9,koleksi_teknologika,0.25787869095802307,koleksi teknologika,/Users/mdaffaatstsaqif/Downloads/klaster asli/hasil_dec_softmax_10d/cluster_dec/cluster_09__koleksi_teknologika/IMG_2736_4893.heic
/Users/mdaffaatstsaqif/Downloads/klaster asli/koleksi teknologika/IMG_2737.heic,9,koleksi_teknologika,0.2578783631324768,koleksi teknologika,/Users/mdaffaatstsaqif/Downloads/klaster asli/hasil_dec_softmax_10d/cluster_dec/cluster_09__koleksi_teknologika/IMG_2737_7022.heic
/Users/mdaffaatstsaqif/Downloads/klaster asli/koleksi teknologika/IMG_2738.heic,2,koleksi_etnografi,0.2543589174747467,koleksi teknologika,/Users/mdaffaatstsaqif/Downloads/klaster asli/hasil_dec_softmax_10d/cluster_dec/cluster_02__koleksi_etnografi/IMG_2738_9151.heic
/Users/mdaffaatstsaqif/Downloads/klaster asli/koleksi teknologika/IMG_2739.heic,9,koleksi_teknologika,0.25787869095802307,koleksi teknologika,/Users/mdaffaatstsaqif/Downloads/klaster asli/hasil_dec_softmax_10d/cluster_dec/cluster_09__koleksi_teknologika/IMG_2739_5600.heic
/Users/mdaffaatstsaqif/Downloads/klaster asli/koleksi teknologika/IMG_2740.heic,9,koleksi_teknologika,0.25787869095802307,koleksi teknologika,/Users/mdaffaatstsaqif/Downloads/klaster asli/hasil_dec_softmax_10d/cluster_dec/cluster_09__koleksi_teknologika/IMG_2740_7996.heic
/Users/mdaffaatstsaqif/Downloads/klaster asli/koleksi teknologika/IMG_2741.heic,9,koleksi_teknologika,0.25787803530693054,koleksi teknologika,/Users/mdaffaatstsaqif/Downloads/klaster asli/hasil_dec_softmax_10d/cluster_dec/cluster_09__koleksi_teknologika/IMG_2741_9007.heic
/Users/mdaffaatstsaqif/Downloads/klaster asli/koleksi teknologika/IMG_2742.heic,9,koleksi_teknologika,0.25787845253944397,koleksi teknologika,/Users/mdaffaatstsaqif/Downloads/klaster asli/hasil_dec_softmax_10d/cluster_dec/cluster_09__koleksi_teknologika/IMG_2742_7683.heic
/Users/mdaffaatstsaqif/Downloads/klaster asli/koleksi teknologika/IMG_2743.heic,9,koleksi_teknologika,0.257877916097641,koleksi teknologika,/Users/mdaffaatstsaqif/Downloads/klaster asli/hasil_dec_softmax_10d/cluster_dec/cluster_09__koleksi_teknologika/IMG_2743_4642.heic
/Users/mdaffaatstsaqif/Downloads/klaster asli/koleksi teknologika/IMG_2744.heic,9,koleksi_teknologika,0.2578769326210022,koleksi teknologika,/Users/mdaffaatstsaqif/Downloads/klaster asli/hasil_dec_softmax_10d/cluster_dec/cluster_09__koleksi_teknologika/IMG_2744_7679.heic
/Users/mdaffaatstsaqif/Downloads/klaster asli/koleksi teknologika/IMG_2745.heic,9,koleksi_teknologika,0.25783324241638184,koleksi teknologika,/Users/mdaffaatstsaqif/Downloads/klaster asli/hasil_dec_softmax_10d/cluster_dec/cluster_09__koleksi_teknologika/IMG_2745_8208.heic
/Users/mdaffaatstsaqif/Downloads/klaster asli/koleksi teknologika/IMG_2746.heic,9,koleksi_teknologika,0.2578589618206024,koleksi teknologika,/Users/mdaffaatstsaqif/Downloads/klaster asli/hasil_dec_softmax_10d/cluster_dec/cluster_09__koleksi_teknologika/IMG_2746_7339.heic
/Users/mdaffaatstsaqif/Downloads/klaster asli/koleksi teknologika/IMG_2747.heic,9,koleksi_teknologika,0.2577316462993622,koleksi teknologika,/Users/mdaffaatstsaqif/Downloads/klaster asli/hasil_dec_softmax_10d/cluster_dec/cluster_09__koleksi_teknologika/IMG_2747_9435.heic
/Users/mdaffaatstsaqif/Downloads/klaster asli/koleksi teknologika/IMG_2748.heic,9,koleksi_teknologika,0.25787657499313354,koleksi teknologika,/Users/mdaffaatstsaqif/Downloads/klaster asli/hasil_dec_softmax_10d/cluster_dec/cluster_09__koleksi_teknologika/IMG_2748_2205.heic
/Users/mdaffaatstsaqif/Downloads/klaster asli/koleksi teknologika/IMG_2749.heic,9,koleksi_teknologika,0.2578767240047455,koleksi teknologika,/Users/mdaffaatstsaqif/Downloads/klaster asli/hasil_dec_softmax_10d/cluster_dec/cluster_09__koleksi_teknologika/IMG_2749_1069.heic
/Users/mdaffaatstsaqif/Downloads/klaster asli/koleksi teknologika/IMG_2750.heic,9,koleksi_teknologika,0.25787845253944397,koleksi teknologika,/Users/mdaffaatstsaqif/Downloads/klaster asli/hasil_dec_softmax_10d/cluster_dec/cluster_09__koleksi_teknologika/IMG_2750_3444.heic
/Users/mdaffaatstsaqif/Downloads/klaster asli/koleksi teknologika/IMG_2751.heic,9,koleksi_teknologika,0.25787845253944397,koleksi teknologika,/Users/mdaffaatstsaqif/Downloads/klaster asli/hasil_dec_softmax_10d/cluster_dec/cluster_09__koleksi_teknologika/IMG_2751_1060.heic
/Users/mdaffaatstsaqif/Downloads/klaster asli/koleksi teknologika/IMG_2752.heic,2,koleksi_etnografi,0.25849494338035583,koleksi teknologika,/Users/mdaffaatstsaqif/Downloads/klaster asli/hasil_dec_softmax_10d/cluster_dec/cluster_02__koleksi_etnografi/IMG_2752_2327.heic
/Users/mdaffaatstsaqif/Downloads/klaster asli/koleksi teknologika/IMG_2753.heic,9,koleksi_teknologika,0.25787869095802307,koleksi teknologika,/Users/mdaffaatstsaqif/Downloads/klaster asli/hasil_dec_softmax_10d/cluster_dec/cluster_09__koleksi_teknologika/IMG_2753_3420.heic
/Users/mdaffaatstsaqif/Downloads/klaster asli/koleksi teknologika/IMG_2754.heic,9,koleksi_teknologika,0.25787869095802307,koleksi teknologika,/Users/mdaffaatstsaqif/Downloads/klaster asli/hasil_dec_softmax_10d/cluster_dec/cluster_09__koleksi_teknologika/IMG_2754_301.heic
/Users/mdaffaatstsaqif/Downloads/klaster asli/koleksi teknologika/IMG_2755.heic,9,koleksi_teknologika,0.2578696310520172,koleksi teknologika,/Users/mdaffaatstsaqif/Downloads/klaster asli/hasil_dec_softmax_10d/cluster_dec/cluster_09__koleksi_teknologika/IMG_2755_606.heic
/Users/mdaffaatstsaqif/Downloads/klaster asli/koleksi teknologika/IMG_2756.heic,9,koleksi_teknologika,0.2578778862953186,koleksi teknologika,/Users/mdaffaatstsaqif/Downloads/klaster asli/hasil_dec_softmax_10d/cluster_dec/cluster_09__koleksi_teknologika/IMG_2756_3170.heic
/Users/mdaffaatstsaqif/Downloads/klaster asli/koleksi teknologika/IMG_2757.heic,9,koleksi_teknologika,0.2578754425048828,koleksi teknologika,/Users/mdaffaatstsaqif/Downloads/klaster asli/hasil_dec_softmax_10d/cluster_dec/cluster_09__koleksi_teknologika/IMG_2757_699.heic
/Users/mdaffaatstsaqif/Downloads/klaster asli/koleksi teknologika/IMG_2758.heic,9,koleksi_teknologika,0.2578775882720947,koleksi teknologika,/Users/mdaffaatstsaqif/Downloads/klaster asli/hasil_dec_softmax_10d/cluster_dec/cluster_09__koleksi_teknologika/IMG_2758_5088.heic
/Users/mdaffaatstsaqif/Downloads/klaster asli/koleksi teknologika/IMG_2759.heic,9,koleksi_teknologika,0.25787749886512756,koleksi teknologika,/Users/mdaffaatstsaqif/Downloads/klaster asli/hasil_dec_softmax_10d/cluster_dec/cluster_09__koleksi_teknologika/IMG_2759_9331.heic
/Users/mdaffaatstsaqif/Downloads/klaster asli/koleksi teknologika/IMG_2760.heic,9,koleksi_teknologika,0.25787702202796936,koleksi teknologika,/Users/mdaffaatstsaqif/Downloads/klaster asli/hasil_dec_softmax_10d/cluster_dec/cluster_09__koleksi_teknologika/IMG_2760_190.heic
/Users/mdaffaatstsaqif/Downloads/klaster asli/koleksi teknologika/IMG_2761.heic,9,koleksi_teknologika,0.25787851214408875,koleksi teknologika,/Users/mdaffaatstsaqif/Downloads/klaster asli/hasil_dec_softmax_10d/cluster_dec/cluster_09__koleksi_teknologika/IMG_2761_980.heic
/Users/mdaffaatstsaqif/Downloads/klaster asli/koleksi teknologika/IMG_2762.heic,9,koleksi_teknologika,0.257864773273468,koleksi teknologika,/Users/mdaffaatstsaqif/Downloads/klaster asli/hasil_dec_softmax_10d/cluster_dec/cluster_09__koleksi_teknologika/IMG_2762_2975.heic
/Users/mdaffaatstsaqif/Downloads/klaster asli/koleksi teknologika/IMG_2763.heic,9,koleksi_teknologika,0.25787538290023804,koleksi teknologika,/Users/mdaffaatstsaqif/Downloads/klaster asli/hasil_dec_softmax_10d/cluster_dec/cluster_09__koleksi_teknologika/IMG_2763_6102.heic
/Users/mdaffaatstsaqif/Downloads/klaster asli/koleksi teknologika/IMG_2764.heic,9,koleksi_teknologika,0.2578374445438385,koleksi teknologika,/Users/mdaffaatstsaqif/Downloads/klaster asli/hasil_dec_softmax_10d/cluster_dec/cluster_09__koleksi_teknologika/IMG_2764_1184.heic
/Users/mdaffaatstsaqif/Downloads/klaster asli/koleksi teknologika/IMG_2765.heic,9,koleksi_teknologika,0.2578335404396057,koleksi teknologika,/Users/mdaffaatstsaqif/Downloads/klaster asli/hasil_dec_softmax_10d/cluster_dec/cluster_09__koleksi_teknologika/IMG_2765_3327.heic
/Users/mdaffaatstsaqif/Downloads/klaster asli/koleksi teknologika/IMG_2766.heic,9,koleksi_teknologika,0.2578786015510559,koleksi teknologika,/Users/mdaffaatstsaqif/Downloads/klaster asli/hasil_dec_softmax_10d/cluster_dec/cluster_09__koleksi_teknologika/IMG_2766_3394.heic
/Users/mdaffaatstsaqif/Downloads/klaster asli/koleksi teknologika/IMG_2767.heic,9,koleksi_teknologika,0.2578727900981903,koleksi teknologika,/Users/mdaffaatstsaqif/Downloads/klaster asli/hasil_dec_softmax_10d/cluster_dec/cluster_09__koleksi_teknologika/IMG_2767_8319.heic
/Users/mdaffaatstsaqif/Downloads/klaster asli/koleksi teknologika/IMG_2768.heic,9,koleksi_teknologika,0.25787845253944397,koleksi teknologika,/Users/mdaffaatstsaqif/Downloads/klaster asli/hasil_dec_softmax_10d/cluster_dec/cluster_09__koleksi_teknologika/IMG_2768_1816.heic
/Users/mdaffaatstsaqif/Downloads/klaster asli/koleksi teknologika/IMG_2769.heic,9,koleksi_teknologika,0.25787869095802307,koleksi teknologika,/Users/mdaffaatstsaqif/Downloads/klaster asli/hasil_dec_softmax_10d/cluster_dec/cluster_09__koleksi_teknologika/IMG_2769_5854.heic
/Users/mdaffaatstsaqif/Downloads/klaster asli/koleksi teknologika/IMG_2770.heic,9,koleksi_teknologika,0.25787869095802307,koleksi teknologika,/Users/mdaffaatstsaqif/Downloads/klaster asli/hasil_dec_softmax_10d/cluster_dec/cluster_09__koleksi_teknologika/IMG_2770_6709.heic
/Users/mdaffaatstsaqif/Downloads/klaster asli/koleksi teknologika/IMG_2771.heic,9,koleksi_teknologika,0.2578786611557007,koleksi teknologika,/Users/mdaffaatstsaqif/Downloads/klaster asli/hasil_dec_softmax_10d/cluster_dec/cluster_09__koleksi_teknologika/IMG_2771_569.heic
/Users/mdaffaatstsaqif/Downloads/klaster asli/koleksi teknologika/IMG_2772.heic,9,koleksi_teknologika,0.25787869095802307,koleksi teknologika,/Users/mdaffaatstsaqif/Downloads/klaster asli/hasil_dec_softmax_10d/cluster_dec/cluster_09__koleksi_teknologika/IMG_2772_5442.heic
/Users/mdaffaatstsaqif/Downloads/klaster asli/koleksi teknologika/IMG_2773.heic,9,koleksi_teknologika,0.25787869095802307,koleksi teknologika,/Users/mdaffaatstsaqif/Downloads/klaster asli/hasil_dec_softmax_10d/cluster_dec/cluster_09__koleksi_teknologika/IMG_2773_1895.heic
/Users/mdaffaatstsaqif/Downloads/klaster asli/koleksi teknologika/IMG_2774.heic,9,koleksi_teknologika,0.25787869095802307,koleksi teknologika,/Users/mdaffaatstsaqif/Downloads/klaster asli/hasil_dec_softmax_10d/cluster_dec/cluster_09__koleksi_teknologika/IMG_2774_2733.heic
/Users/mdaffaatstsaqif/Downloads/klaster asli/koleksi kesenian/IMG_2588.heic,5,koleksi_kesenian,0.2572718560695648,koleksi kesenian,/Users/mdaffaatstsaqif/Downloads/klaster asli/hasil_dec_softmax_10d/cluster_dec/cluster_05__koleksi_kesenian/IMG_2588_3863.heic
/Users/mdaffaatstsaqif/Downloads/klaster asli/koleksi kesenian/IMG_2589.heic,5,koleksi_kesenian,0.2572718560695648,koleksi kesenian,/Users/mdaffaatstsaqif/Downloads/klaster asli/hasil_dec_softmax_10d/cluster_dec/cluster_05__koleksi_kesenian/IMG_2589_7455.heic
/Users/mdaffaatstsaqif/Downloads/klaster asli/koleksi kesenian/IMG_2590.heic,5,koleksi_kesenian,0.2572718560695648,koleksi kesenian,/Users/mdaffaatstsaqif/Downloads/klaster asli/hasil_dec_softmax_10d/cluster_dec/cluster_05__koleksi_kesenian/IMG_2590_4014.heic
/Users/mdaffaatstsaqif/Downloads/klaster asli/koleksi kesenian/IMG_2591.heic,5,koleksi_kesenian,0.25727173686027527,koleksi kesenian,/Users/mdaffaatstsaqif/Downloads/klaster asli/hasil_dec_softmax_10d/cluster_dec/cluster_05__koleksi_kesenian/IMG_2591_1686.heic
/Users/mdaffaatstsaqif/Downloads/klaster asli/koleksi kesenian/IMG_2592.heic,5,koleksi_kesenian,0.25726914405822754,koleksi kesenian,/Users/mdaffaatstsaqif/Downloads/klaster asli/hasil_dec_softmax_10d/cluster_dec/cluster_05__koleksi_kesenian/IMG_2592_3009.heic
/Users/mdaffaatstsaqif/Downloads/klaster asli/koleksi kesenian/IMG_2593.heic,5,koleksi_kesenian,0.25727057456970215,koleksi kesenian,/Users/mdaffaatstsaqif/Downloads/klaster asli/hasil_dec_softmax_10d/cluster_dec/cluster_05__koleksi_kesenian/IMG_2593_7806.heic
/Users/mdaffaatstsaqif/Downloads/klaster asli/koleksi kesenian/IMG_2594.heic,5,koleksi_kesenian,0.25727176666259766,koleksi kesenian,/Users/mdaffaatstsaqif/Downloads/klaster asli/hasil_dec_softmax_10d/cluster_dec/cluster_05__koleksi_kesenian/IMG_2594_154.heic
/Users/mdaffaatstsaqif/Downloads/klaster asli/koleksi kesenian/IMG_2595.heic,5,koleksi_kesenian,0.2572718560695648,koleksi kesenian,/Users/mdaffaatstsaqif/Downloads/klaster asli/hasil_dec_softmax_10d/cluster_dec/cluster_05__koleksi_kesenian/IMG_2595_1409.heic
/Users/mdaffaatstsaqif/Downloads/klaster asli/koleksi kesenian/IMG_2596.heic,5,koleksi_kesenian,0.2572718560695648,koleksi kesenian,/Users/mdaffaatstsaqif/Downloads/klaster asli/hasil_dec_softmax_10d/cluster_dec/cluster_05__koleksi_kesenian/IMG_2596_784.heic
/Users/mdaffaatstsaqif/Downloads/klaster asli/koleksi kesenian/IMG_2597.heic,5,koleksi_kesenian,0.25727182626724243,koleksi kesenian,/Users/mdaffaatstsaqif/Downloads/klaster asli/hasil_dec_softmax_10d/cluster_dec/cluster_05__koleksi_kesenian/IMG_2597_8096.heic
/Users/mdaffaatstsaqif/Downloads/klaster asli/koleksi kesenian/IMG_2598.heic,5,koleksi_kesenian,0.2572718560695648,koleksi kesenian,/Users/mdaffaatstsaqif/Downloads/klaster asli/hasil_dec_softmax_10d/cluster_dec/cluster_05__koleksi_kesenian/IMG_2598_7560.heic
/Users/mdaffaatstsaqif/Downloads/klaster asli/koleksi kesenian/IMG_2599.heic,5,koleksi_kesenian,0.2572718560695648,koleksi kesenian,/Users/mdaffaatstsaqif/Downloads/klaster asli/hasil_dec_softmax_10d/cluster_dec/cluster_05__koleksi_kesenian/IMG_2599_7343.heic
/Users/mdaffaatstsaqif/Downloads/klaster asli/koleksi kesenian/IMG_2600.heic,5,koleksi_kesenian,0.2572718560695648,koleksi kesenian,/Users/mdaffaatstsaqif/Downloads/klaster asli/hasil_dec_softmax_10d/cluster_dec/cluster_05__koleksi_kesenian/IMG_2600_7206.heic
/Users/mdaffaatstsaqif/Downloads/klaster asli/koleksi kesenian/IMG_2601.heic,5,koleksi_kesenian,0.2572718560695648,koleksi kesenian,/Users/mdaffaatstsaqif/Downloads/klaster asli/hasil_dec_softmax_10d/cluster_dec/cluster_05__koleksi_kesenian/IMG_2601_5596.heic
/Users/mdaffaatstsaqif/Downloads/klaster asli/koleksi kesenian/IMG_2602.heic,5,koleksi_kesenian,0.2572718560695648,koleksi kesenian,/Users/mdaffaatstsaqif/Downloads/klaster asli/hasil_dec_softmax_10d/cluster_dec/cluster_05__koleksi_kesenian/IMG_2602_5801.heic
/Users/mdaffaatstsaqif/Downloads/klaster asli/koleksi kesenian/IMG_2603.heic,5,koleksi_kesenian,0.2572718560695648,koleksi kesenian,/Users/mdaffaatstsaqif/Downloads/klaster asli/hasil_dec_softmax_10d/cluster_dec/cluster_05__koleksi_kesenian/IMG_2603_2806.heic
/Users/mdaffaatstsaqif/Downloads/klaster asli/koleksi kesenian/IMG_2604.heic,5,koleksi_kesenian,0.2572718560695648,koleksi kesenian,/Users/mdaffaatstsaqif/Downloads/klaster asli/hasil_dec_softmax_10d/cluster_dec/cluster_05__koleksi_kesenian/IMG_2604_537.heic
/Users/mdaffaatstsaqif/Downloads/klaster asli/koleksi kesenian/IMG_2605.heic,5,koleksi_kesenian,0.2572718560695648,koleksi kesenian,/Users/mdaffaatstsaqif/Downloads/klaster asli/hasil_dec_softmax_10d/cluster_dec/cluster_05__koleksi_kesenian/IMG_2605_5986.heic
/Users/mdaffaatstsaqif/Downloads/klaster asli/koleksi kesenian/IMG_2606.heic,5,koleksi_kesenian,0.2572718560695648,koleksi kesenian,/Users/mdaffaatstsaqif/Downloads/klaster asli/hasil_dec_softmax_10d/cluster_dec/cluster_05__koleksi_kesenian/IMG_2606_1841.heic
/Users/mdaffaatstsaqif/Downloads/klaster asli/koleksi kesenian/IMG_2607.heic,5,koleksi_kesenian,0.2572718560695648,koleksi kesenian,/Users/mdaffaatstsaqif/Downloads/klaster asli/hasil_dec_softmax_10d/cluster_dec/cluster_05__koleksi_kesenian/IMG_2607_8716.heic
/Users/mdaffaatstsaqif/Downloads/klaster asli/koleksi kesenian/IMG_2608.heic,5,koleksi_kesenian,0.2572718560695648,koleksi kesenian,/Users/mdaffaatstsaqif/Downloads/klaster asli/hasil_dec_softmax_10d/cluster_dec/cluster_05__koleksi_kesenian/IMG_2608_6971.heic
/Users/mdaffaatstsaqif/Downloads/klaster asli/koleksi kesenian/IMG_2609.heic,5,koleksi_kesenian,0.25727182626724243,koleksi kesenian,/Users/mdaffaatstsaqif/Downloads/klaster asli/hasil_dec_softmax_10d/cluster_dec/cluster_05__koleksi_kesenian/IMG_2609_5625.heic
/Users/mdaffaatstsaqif/Downloads/klaster asli/koleksi kesenian/IMG_2610.heic,5,koleksi_kesenian,0.2572718560695648,koleksi kesenian,/Users/mdaffaatstsaqif/Downloads/klaster asli/hasil_dec_softmax_10d/cluster_dec/cluster_05__koleksi_kesenian/IMG_2610_2950.heic
/Users/mdaffaatstsaqif/Downloads/klaster asli/koleksi kesenian/IMG_2611.heic,5,koleksi_kesenian,0.2572718560695648,koleksi kesenian,/Users/mdaffaatstsaqif/Downloads/klaster asli/hasil_dec_softmax_10d/cluster_dec/cluster_05__koleksi_kesenian/IMG_2611_7992.heic
/Users/mdaffaatstsaqif/Downloads/klaster asli/koleksi kesenian/IMG_2612.heic,5,koleksi_kesenian,0.25727173686027527,koleksi kesenian,/Users/mdaffaatstsaqif/Downloads/klaster asli/hasil_dec_softmax_10d/cluster_dec/cluster_05__koleksi_kesenian/IMG_2612_4780.heic
/Users/mdaffaatstsaqif/Downloads/klaster asli/koleksi kesenian/IMG_2613.heic,5,koleksi_kesenian,0.2572714686393738,koleksi kesenian,/Users/mdaffaatstsaqif/Downloads/klaster asli/hasil_dec_softmax_10d/cluster_dec/cluster_05__koleksi_kesenian/IMG_2613_2368.heic
/Users/mdaffaatstsaqif/Downloads/klaster asli/koleksi kesenian/IMG_2614.heic,5,koleksi_kesenian,0.2572718560695648,koleksi kesenian,/Users/mdaffaatstsaqif/Downloads/klaster asli/hasil_dec_softmax_10d/cluster_dec/cluster_05__koleksi_kesenian/IMG_2614_6655.heic
/Users/mdaffaatstsaqif/Downloads/klaster asli/koleksi kesenian/IMG_2615.heic,5,koleksi_kesenian,0.2572718560695648,koleksi kesenian,/Users/mdaffaatstsaqif/Downloads/klaster asli/hasil_dec_softmax_10d/cluster_dec/cluster_05__koleksi_kesenian/IMG_2615_8173.heic
/Users/mdaffaatstsaqif/Downloads/klaster asli/koleksi kesenian/IMG_2616.heic,5,koleksi_kesenian,0.2572718560695648,koleksi kesenian,/Users/mdaffaatstsaqif/Downloads/klaster asli/hasil_dec_softmax_10d/cluster_dec/cluster_05__koleksi_kesenian/IMG_2616_4495.heic
/Users/mdaffaatstsaqif/Downloads/klaster asli/koleksi kesenian/IMG_2617.heic,5,koleksi_kesenian,0.2572718560695648,koleksi kesenian,/Users/mdaffaatstsaqif/Downloads/klaster asli/hasil_dec_softmax_10d/cluster_dec/cluster_05__koleksi_kesenian/IMG_2617_9163.heic
/Users/mdaffaatstsaqif/Downloads/klaster asli/koleksi kesenian/IMG_2618.heic,5,koleksi_kesenian,0.2572718560695648,koleksi kesenian,/Users/mdaffaatstsaqif/Downloads/klaster asli/hasil_dec_softmax_10d/cluster_dec/cluster_05__koleksi_kesenian/IMG_2618_6002.heic
/Users/mdaffaatstsaqif/Downloads/klaster asli/koleksi kesenian/IMG_2619.heic,5,koleksi_kesenian,0.2572718560695648,koleksi kesenian,/Users/mdaffaatstsaqif/Downloads/klaster asli/hasil_dec_softmax_10d/cluster_dec/cluster_05__koleksi_kesenian/IMG_2619_6614.heic
/Users/mdaffaatstsaqif/Downloads/klaster asli/koleksi kesenian/IMG_2620.heic,5,koleksi_kesenian,0.2572718560695648,koleksi kesenian,/Users/mdaffaatstsaqif/Downloads/klaster asli/hasil_dec_softmax_10d/cluster_dec/cluster_05__koleksi_kesenian/IMG_2620_9358.heic
/Users/mdaffaatstsaqif/Downloads/klaster asli/koleksi kesenian/IMG_2621.heic,5,koleksi_kesenian,0.2572718560695648,koleksi kesenian,/Users/mdaffaatstsaqif/Downloads/klaster asli/hasil_dec_softmax_10d/cluster_dec/cluster_05__koleksi_kesenian/IMG_2621_5919.heic
/Users/mdaffaatstsaqif/Downloads/klaster asli/koleksi kesenian/IMG_2622.heic,5,koleksi_kesenian,0.2572718560695648,koleksi kesenian,/Users/mdaffaatstsaqif/Downloads/klaster asli/hasil_dec_softmax_10d/cluster_dec/cluster_05__koleksi_kesenian/IMG_2622_853.heic
/Users/mdaffaatstsaqif/Downloads/klaster asli/koleksi kesenian/IMG_2623.heic,5,koleksi_kesenian,0.2572718560695648,koleksi kesenian,/Users/mdaffaatstsaqif/Downloads/klaster asli/hasil_dec_softmax_10d/cluster_dec/cluster_05__koleksi_kesenian/IMG_2623_4146.heic
/Users/mdaffaatstsaqif/Downloads/klaster asli/koleksi kesenian/IMG_2624.heic,5,koleksi_kesenian,0.2572718560695648,koleksi kesenian,/Users/mdaffaatstsaqif/Downloads/klaster asli/hasil_dec_softmax_10d/cluster_dec/cluster_05__koleksi_kesenian/IMG_2624_3769.heic
/Users/mdaffaatstsaqif/Downloads/klaster asli/koleksi kesenian/IMG_2625.heic,5,koleksi_kesenian,0.2572714686393738,koleksi kesenian,/Users/mdaffaatstsaqif/Downloads/klaster asli/hasil_dec_softmax_10d/cluster_dec/cluster_05__koleksi_kesenian/IMG_2625_574.heic
/Users/mdaffaatstsaqif/Downloads/klaster asli/koleksi etnografi/IMG_2151.HEIC,2,koleksi_etnografi,0.2588135600090027,koleksi etnografi,/Users/mdaffaatstsaqif/Downloads/klaster asli/hasil_dec_softmax_10d/cluster_dec/cluster_02__koleksi_etnografi/IMG_2151_1148.HEIC
/Users/mdaffaatstsaqif/Downloads/klaster asli/koleksi etnografi/IMG_2152.HEIC,2,koleksi_etnografi,0.25881725549697876,koleksi etnografi,/Users/mdaffaatstsaqif/Downloads/klaster asli/hasil_dec_softmax_10d/cluster_dec/cluster_02__koleksi_etnografi/IMG_2152_6293.HEIC
/Users/mdaffaatstsaqif/Downloads/klaster asli/koleksi etnografi/IMG_2153.HEIC,2,koleksi_etnografi,0.2588156461715698,koleksi etnografi,/Users/mdaffaatstsaqif/Downloads/klaster asli/hasil_dec_softmax_10d/cluster_dec/cluster_02__koleksi_etnografi/IMG_2153_6457.HEIC
/Users/mdaffaatstsaqif/Downloads/klaster asli/koleksi etnografi/IMG_2154.HEIC,2,koleksi_etnografi,0.2588072717189789,koleksi etnografi,/Users/mdaffaatstsaqif/Downloads/klaster asli/hasil_dec_softmax_10d/cluster_dec/cluster_02__koleksi_etnografi/IMG_2154_7509.HEIC
/Users/mdaffaatstsaqif/Downloads/klaster asli/koleksi etnografi/IMG_2155.HEIC,2,koleksi_etnografi,0.2588183879852295,koleksi etnografi,/Users/mdaffaatstsaqif/Downloads/klaster asli/hasil_dec_softmax_10d/cluster_dec/cluster_02__koleksi_etnografi/IMG_2155_9907.HEIC
/Users/mdaffaatstsaqif/Downloads/klaster asli/koleksi etnografi/IMG_2156.HEIC,2,koleksi_etnografi,0.25881829857826233,koleksi etnografi,/Users/mdaffaatstsaqif/Downloads/klaster asli/hasil_dec_softmax_10d/cluster_dec/cluster_02__koleksi_etnografi/IMG_2156_4777.HEIC
/Users/mdaffaatstsaqif/Downloads/klaster asli/koleksi etnografi/IMG_2157.HEIC,2,koleksi_etnografi,0.2588183879852295,koleksi etnografi,/Users/mdaffaatstsaqif/Downloads/klaster asli/hasil_dec_softmax_10d/cluster_dec/cluster_02__koleksi_etnografi/IMG_2157_3854.HEIC
/Users/mdaffaatstsaqif/Downloads/klaster asli/koleksi etnografi/IMG_2158.HEIC,2,koleksi_etnografi,0.2588183879852295,koleksi etnografi,/Users/mdaffaatstsaqif/Downloads/klaster asli/hasil_dec_softmax_10d/cluster_dec/cluster_02__koleksi_etnografi/IMG_2158_2491.HEIC
/Users/mdaffaatstsaqif/Downloads/klaster asli/koleksi etnografi/IMG_2159.HEIC,2,koleksi_etnografi,0.2588183879852295,koleksi etnografi,/Users/mdaffaatstsaqif/Downloads/klaster asli/hasil_dec_softmax_10d/cluster_dec/cluster_02__koleksi_etnografi/IMG_2159_3124.HEIC
/Users/mdaffaatstsaqif/Downloads/klaster asli/koleksi etnografi/IMG_2160.HEIC,2,koleksi_etnografi,0.2588183879852295,koleksi etnografi,/Users/mdaffaatstsaqif/Downloads/klaster asli/hasil_dec_softmax_10d/cluster_dec/cluster_02__koleksi_etnografi/IMG_2160_5691.HEIC
/Users/mdaffaatstsaqif/Downloads/klaster asli/koleksi etnografi/IMG_2161.HEIC,2,koleksi_etnografi,0.2588178515434265,koleksi etnografi,/Users/mdaffaatstsaqif/Downloads/klaster asli/hasil_dec_softmax_10d/cluster_dec/cluster_02__koleksi_etnografi/IMG_2161_3051.HEIC
/Users/mdaffaatstsaqif/Downloads/klaster asli/koleksi etnografi/IMG_2162.HEIC,2,koleksi_etnografi,0.2588183581829071,koleksi etnografi,/Users/mdaffaatstsaqif/Downloads/klaster asli/hasil_dec_softmax_10d/cluster_dec/cluster_02__koleksi_etnografi/IMG_2162_4.HEIC
/Users/mdaffaatstsaqif/Downloads/klaster asli/koleksi etnografi/IMG_2163.HEIC,2,koleksi_etnografi,0.25881725549697876,koleksi etnografi,/Users/mdaffaatstsaqif/Downloads/klaster asli/hasil_dec_softmax_10d/cluster_dec/cluster_02__koleksi_etnografi/IMG_2163_5222.HEIC
/Users/mdaffaatstsaqif/Downloads/klaster asli/koleksi etnografi/IMG_2164.HEIC,2,koleksi_etnografi,0.25881701707839966,koleksi etnografi,/Users/mdaffaatstsaqif/Downloads/klaster asli/hasil_dec_softmax_10d/cluster_dec/cluster_02__koleksi_etnografi/IMG_2164_5315.HEIC
/Users/mdaffaatstsaqif/Downloads/klaster asli/koleksi etnografi/IMG_2165.HEIC,2,koleksi_etnografi,0.2588183581829071,koleksi etnografi,/Users/mdaffaatstsaqif/Downloads/klaster asli/hasil_dec_softmax_10d/cluster_dec/cluster_02__koleksi_etnografi/IMG_2165_4869.HEIC
/Users/mdaffaatstsaqif/Downloads/klaster asli/koleksi etnografi/IMG_2166.HEIC,2,koleksi_etnografi,0.25881531834602356,koleksi etnografi,/Users/mdaffaatstsaqif/Downloads/klaster asli/hasil_dec_softmax_10d/cluster_dec/cluster_02__koleksi_etnografi/IMG_2166_876.HEIC
/Users/mdaffaatstsaqif/Downloads/klaster asli/koleksi etnografi/IMG_2167.HEIC,2,koleksi_etnografi,0.25879907608032227,koleksi etnografi,/Users/mdaffaatstsaqif/Downloads/klaster asli/hasil_dec_softmax_10d/cluster_dec/cluster_02__koleksi_etnografi/IMG_2167_9183.HEIC
/Users/mdaffaatstsaqif/Downloads/klaster asli/koleksi etnografi/IMG_2168.HEIC,2,koleksi_etnografi,0.25778037309646606,koleksi etnografi,/Users/mdaffaatstsaqif/Downloads/klaster asli/hasil_dec_softmax_10d/cluster_dec/cluster_02__koleksi_etnografi/IMG_2168_7027.HEIC
/Users/mdaffaatstsaqif/Downloads/klaster asli/koleksi etnografi/IMG_2169.HEIC,2,koleksi_etnografi,0.25869980454444885,koleksi etnografi,/Users/mdaffaatstsaqif/Downloads/klaster asli/hasil_dec_softmax_10d/cluster_dec/cluster_02__koleksi_etnografi/IMG_2169_4142.HEIC
/Users/mdaffaatstsaqif/Downloads/klaster asli/koleksi etnografi/IMG_2170.HEIC,2,koleksi_etnografi,0.2588180899620056,koleksi etnografi,/Users/mdaffaatstsaqif/Downloads/klaster asli/hasil_dec_softmax_10d/cluster_dec/cluster_02__koleksi_etnografi/IMG_2170_6966.HEIC
/Users/mdaffaatstsaqif/Downloads/klaster asli/koleksi etnografi/IMG_2171.HEIC,2,koleksi_etnografi,0.258817583322525,koleksi etnografi,/Users/mdaffaatstsaqif/Downloads/klaster asli/hasil_dec_softmax_10d/cluster_dec/cluster_02__koleksi_etnografi/IMG_2171_7079.HEIC
/Users/mdaffaatstsaqif/Downloads/klaster asli/koleksi etnografi/IMG_2172.HEIC,2,koleksi_etnografi,0.2588183879852295,koleksi etnografi,/Users/mdaffaatstsaqif/Downloads/klaster asli/hasil_dec_softmax_10d/cluster_dec/cluster_02__koleksi_etnografi/IMG_2172_7987.HEIC
/Users/mdaffaatstsaqif/Downloads/klaster asli/koleksi etnografi/IMG_2173.HEIC,2,koleksi_etnografi,0.2588183581829071,koleksi etnografi,/Users/mdaffaatstsaqif/Downloads/klaster asli/hasil_dec_softmax_10d/cluster_dec/cluster_02__koleksi_etnografi/IMG_2173_6799.HEIC
/Users/mdaffaatstsaqif/Downloads/klaster asli/koleksi etnografi/IMG_2174.HEIC,2,koleksi_etnografi,0.2587856352329254,koleksi etnografi,/Users/mdaffaatstsaqif/Downloads/klaster asli/hasil_dec_softmax_10d/cluster_dec/cluster_02__koleksi_etnografi/IMG_2174_4465.HEIC
/Users/mdaffaatstsaqif/Downloads/klaster asli/koleksi etnografi/IMG_2175.HEIC,2,koleksi_etnografi,0.25881829857826233,koleksi etnografi,/Users/mdaffaatstsaqif/Downloads/klaster asli/hasil_dec_softmax_10d/cluster_dec/cluster_02__koleksi_etnografi/IMG_2175_635.HEIC
/Users/mdaffaatstsaqif/Downloads/klaster asli/koleksi etnografi/IMG_2176.HEIC,2,koleksi_etnografi,0.2588183879852295,koleksi etnografi,/Users/mdaffaatstsaqif/Downloads/klaster asli/hasil_dec_softmax_10d/cluster_dec/cluster_02__koleksi_etnografi/IMG_2176_1693.HEIC
/Users/mdaffaatstsaqif/Downloads/klaster asli/koleksi etnografi/IMG_2177.HEIC,2,koleksi_etnografi,0.2588183879852295,koleksi etnografi,/Users/mdaffaatstsaqif/Downloads/klaster asli/hasil_dec_softmax_10d/cluster_dec/cluster_02__koleksi_etnografi/IMG_2177_9874.HEIC
/Users/mdaffaatstsaqif/Downloads/klaster asli/koleksi etnografi/IMG_2178.HEIC,2,koleksi_etnografi,0.2588183581829071,koleksi etnografi,/Users/mdaffaatstsaqif/Downloads/klaster asli/hasil_dec_softmax_10d/cluster_dec/cluster_02__koleksi_etnografi/IMG_2178_4752.HEIC
/Users/mdaffaatstsaqif/Downloads/klaster asli/koleksi etnografi/IMG_2179.HEIC,2,koleksi_etnografi,0.25880923867225647,koleksi etnografi,/Users/mdaffaatstsaqif/Downloads/klaster asli/hasil_dec_softmax_10d/cluster_dec/cluster_02__koleksi_etnografi/IMG_2179_8311.HEIC
/Users/mdaffaatstsaqif/Downloads/klaster asli/koleksi etnografi/IMG_2180.HEIC,2,koleksi_etnografi,0.25881507992744446,koleksi etnografi,/Users/mdaffaatstsaqif/Downloads/klaster asli/hasil_dec_softmax_10d/cluster_dec/cluster_02__koleksi_etnografi/IMG_2180_830.HEIC
/Users/mdaffaatstsaqif/Downloads/klaster asli/koleksi etnografi/IMG_2181.HEIC,2,koleksi_etnografi,0.2588052749633789,koleksi etnografi,/Users/mdaffaatstsaqif/Downloads/klaster asli/hasil_dec_softmax_10d/cluster_dec/cluster_02__koleksi_etnografi/IMG_2181_5177.HEIC
/Users/mdaffaatstsaqif/Downloads/klaster asli/koleksi etnografi/IMG_2182.HEIC,2,koleksi_etnografi,0.2588183581829071,koleksi etnografi,/Users/mdaffaatstsaqif/Downloads/klaster asli/hasil_dec_softmax_10d/cluster_dec/cluster_02__koleksi_etnografi/IMG_2182_9561.HEIC
/Users/mdaffaatstsaqif/Downloads/klaster asli/koleksi etnografi/IMG_2183.HEIC,2,koleksi_etnografi,0.2588183283805847,koleksi etnografi,/Users/mdaffaatstsaqif/Downloads/klaster asli/hasil_dec_softmax_10d/cluster_dec/cluster_02__koleksi_etnografi/IMG_2183_8932.HEIC
/Users/mdaffaatstsaqif/Downloads/klaster asli/koleksi etnografi/IMG_2184.HEIC,2,koleksi_etnografi,0.2588183879852295,koleksi etnografi,/Users/mdaffaatstsaqif/Downloads/klaster asli/hasil_dec_softmax_10d/cluster_dec/cluster_02__koleksi_etnografi/IMG_2184_8308.HEIC
/Users/mdaffaatstsaqif/Downloads/klaster asli/koleksi etnografi/IMG_2185.HEIC,2,koleksi_etnografi,0.2588183879852295,koleksi etnografi,/Users/mdaffaatstsaqif/Downloads/klaster asli/hasil_dec_softmax_10d/cluster_dec/cluster_02__koleksi_etnografi/IMG_2185_5949.HEIC
/Users/mdaffaatstsaqif/Downloads/klaster asli/koleksi etnografi/IMG_2186.HEIC,2,koleksi_etnografi,0.25881731510162354,koleksi etnografi,/Users/mdaffaatstsaqif/Downloads/klaster asli/hasil_dec_softmax_10d/cluster_dec/cluster_02__koleksi_etnografi/IMG_2186_2838.HEIC
/Users/mdaffaatstsaqif/Downloads/klaster asli/koleksi etnografi/IMG_2187.HEIC,2,koleksi_etnografi,0.2588183879852295,koleksi etnografi,/Users/mdaffaatstsaqif/Downloads/klaster asli/hasil_dec_softmax_10d/cluster_dec/cluster_02__koleksi_etnografi/IMG_2187_1150.HEIC
/Users/mdaffaatstsaqif/Downloads/klaster asli/koleksi etnografi/IMG_2188.HEIC,2,koleksi_etnografi,0.2588183581829071,koleksi etnografi,/Users/mdaffaatstsaqif/Downloads/klaster asli/hasil_dec_softmax_10d/cluster_dec/cluster_02__koleksi_etnografi/IMG_2188_7560.HEIC
/Users/mdaffaatstsaqif/Downloads/klaster asli/koleksi etnografi/IMG_2189.HEIC,2,koleksi_etnografi,0.2588183581829071,koleksi etnografi,/Users/mdaffaatstsaqif/Downloads/klaster asli/hasil_dec_softmax_10d/cluster_dec/cluster_02__koleksi_etnografi/IMG_2189_1931.HEIC
/Users/mdaffaatstsaqif/Downloads/klaster asli/koleksi etnografi/IMG_2190.HEIC,2,koleksi_etnografi,0.25880101323127747,koleksi etnografi,/Users/mdaffaatstsaqif/Downloads/klaster asli/hasil_dec_softmax_10d/cluster_dec/cluster_02__koleksi_etnografi/IMG_2190_9204.HEIC
/Users/mdaffaatstsaqif/Downloads/klaster asli/koleksi etnografi/IMG_2191.HEIC,2,koleksi_etnografi,0.2587098181247711,koleksi etnografi,/Users/mdaffaatstsaqif/Downloads/klaster asli/hasil_dec_softmax_10d/cluster_dec/cluster_02__koleksi_etnografi/IMG_2191_1664.HEIC
/Users/mdaffaatstsaqif/Downloads/klaster asli/koleksi etnografi/IMG_2192.HEIC,2,koleksi_etnografi,0.25696974992752075,koleksi etnografi,/Users/mdaffaatstsaqif/Downloads/klaster asli/hasil_dec_softmax_10d/cluster_dec/cluster_02__koleksi_etnografi/IMG_2192_1081.HEIC
/Users/mdaffaatstsaqif/Downloads/klaster asli/koleksi etnografi/IMG_2193.HEIC,2,koleksi_etnografi,0.2588106691837311,koleksi etnografi,/Users/mdaffaatstsaqif/Downloads/klaster asli/hasil_dec_softmax_10d/cluster_dec/cluster_02__koleksi_etnografi/IMG_2193_512.HEIC
/Users/mdaffaatstsaqif/Downloads/klaster asli/koleksi etnografi/IMG_2194.HEIC,2,koleksi_etnografi,0.25881755352020264,koleksi etnografi,/Users/mdaffaatstsaqif/Downloads/klaster asli/hasil_dec_softmax_10d/cluster_dec/cluster_02__koleksi_etnografi/IMG_2194_7805.HEIC
/Users/mdaffaatstsaqif/Downloads/klaster asli/koleksi etnografi/IMG_2195.HEIC,2,koleksi_etnografi,0.2588183879852295,koleksi etnografi,/Users/mdaffaatstsaqif/Downloads/klaster asli/hasil_dec_softmax_10d/cluster_dec/cluster_02__koleksi_etnografi/IMG_2195_5237.HEIC
/Users/mdaffaatstsaqif/Downloads/klaster asli/koleksi etnografi/IMG_2196.HEIC,2,koleksi_etnografi,0.2588183283805847,koleksi etnografi,/Users/mdaffaatstsaqif/Downloads/klaster asli/hasil_dec_softmax_10d/cluster_dec/cluster_02__koleksi_etnografi/IMG_2196_559.HEIC
/Users/mdaffaatstsaqif/Downloads/klaster asli/koleksi etnografi/IMG_2197.HEIC,2,koleksi_etnografi,0.25881579518318176,koleksi etnografi,/Users/mdaffaatstsaqif/Downloads/klaster asli/hasil_dec_softmax_10d/cluster_dec/cluster_02__koleksi_etnografi/IMG_2197_3672.HEIC
/Users/mdaffaatstsaqif/Downloads/klaster asli/koleksi etnografi/IMG_2198.HEIC,2,koleksi_etnografi,0.2588183283805847,koleksi etnografi,/Users/mdaffaatstsaqif/Downloads/klaster asli/hasil_dec_softmax_10d/cluster_dec/cluster_02__koleksi_etnografi/IMG_2198_7404.HEIC
/Users/mdaffaatstsaqif/Downloads/klaster asli/koleksi etnografi/IMG_2199.HEIC,2,koleksi_etnografi,0.2588183581829071,koleksi etnografi,/Users/mdaffaatstsaqif/Downloads/klaster asli/hasil_dec_softmax_10d/cluster_dec/cluster_02__koleksi_etnografi/IMG_2199_3343.HEIC
/Users/mdaffaatstsaqif/Downloads/klaster asli/koleksi etnografi/IMG_2200.HEIC,0,koleksi_arkeologi,0.2601684033870697,koleksi etnografi,/Users/mdaffaatstsaqif/Downloads/klaster asli/hasil_dec_softmax_10d/cluster_dec/cluster_00__koleksi_arkeologi/IMG_2200_4070.HEIC
/Users/mdaffaatstsaqif/Downloads/klaster asli/koleksi etnografi/IMG_2201.HEIC,0,koleksi_arkeologi,0.2601732313632965,koleksi etnografi,/Users/mdaffaatstsaqif/Downloads/klaster asli/hasil_dec_softmax_10d/cluster_dec/cluster_00__koleksi_arkeologi/IMG_2201_9662.HEIC
/Users/mdaffaatstsaqif/Downloads/klaster asli/koleksi etnografi/IMG_2202.HEIC,0,koleksi_arkeologi,0.2601758539676666,koleksi etnografi,/Users/mdaffaatstsaqif/Downloads/klaster asli/hasil_dec_softmax_10d/cluster_dec/cluster_00__koleksi_arkeologi/IMG_2202_580.HEIC
/Users/mdaffaatstsaqif/Downloads/klaster asli/koleksi etnografi/IMG_2203.HEIC,2,koleksi_etnografi,0.25875023007392883,koleksi etnografi,/Users/mdaffaatstsaqif/Downloads/klaster asli/hasil_dec_softmax_10d/cluster_dec/cluster_02__koleksi_etnografi/IMG_2203_7004.HEIC
/Users/mdaffaatstsaqif/Downloads/klaster asli/koleksi etnografi/IMG_2204.HEIC,2,koleksi_etnografi,0.2576109766960144,koleksi etnografi,/Users/mdaffaatstsaqif/Downloads/klaster asli/hasil_dec_softmax_10d/cluster_dec/cluster_02__koleksi_etnografi/IMG_2204_8130.HEIC
/Users/mdaffaatstsaqif/Downloads/klaster asli/koleksi etnografi/IMG_2205.HEIC,2,koleksi_etnografi,0.2588183879852295,koleksi etnografi,/Users/mdaffaatstsaqif/Downloads/klaster asli/hasil_dec_softmax_10d/cluster_dec/cluster_02__koleksi_etnografi/IMG_2205_3147.HEIC
/Users/mdaffaatstsaqif/Downloads/klaster asli/koleksi etnografi/IMG_2206.HEIC,2,koleksi_etnografi,0.2588183879852295,koleksi etnografi,/Users/mdaffaatstsaqif/Downloads/klaster asli/hasil_dec_softmax_10d/cluster_dec/cluster_02__koleksi_etnografi/IMG_2206_4249.HEIC
/Users/mdaffaatstsaqif/Downloads/klaster asli/koleksi etnografi/IMG_2221.HEIC,2,koleksi_etnografi,0.2588183283805847,koleksi etnografi,/Users/mdaffaatstsaqif/Downloads/klaster asli/hasil_dec_softmax_10d/cluster_dec/cluster_02__koleksi_etnografi/IMG_2221_1679.HEIC
/Users/mdaffaatstsaqif/Downloads/klaster asli/koleksi etnografi/IMG_2222.HEIC,2,koleksi_etnografi,0.2588183581829071,koleksi etnografi,/Users/mdaffaatstsaqif/Downloads/klaster asli/hasil_dec_softmax_10d/cluster_dec/cluster_02__koleksi_etnografi/IMG_2222_3506.HEIC
/Users/mdaffaatstsaqif/Downloads/klaster asli/koleksi etnografi/IMG_2223.HEIC,2,koleksi_etnografi,0.2588183581829071,koleksi etnografi,/Users/mdaffaatstsaqif/Downloads/klaster asli/hasil_dec_softmax_10d/cluster_dec/cluster_02__koleksi_etnografi/IMG_2223_7253.HEIC
/Users/mdaffaatstsaqif/Downloads/klaster asli/koleksi etnografi/IMG_2224.HEIC,2,koleksi_etnografi,0.2588183581829071,koleksi etnografi,/Users/mdaffaatstsaqif/Downloads/klaster asli/hasil_dec_softmax_10d/cluster_dec/cluster_02__koleksi_etnografi/IMG_2224_2744.HEIC
/Users/mdaffaatstsaqif/Downloads/klaster asli/koleksi etnografi/IMG_2225.HEIC,2,koleksi_etnografi,0.2588183581829071,koleksi etnografi,/Users/mdaffaatstsaqif/Downloads/klaster asli/hasil_dec_softmax_10d/cluster_dec/cluster_02__koleksi_etnografi/IMG_2225_9435.HEIC
/Users/mdaffaatstsaqif/Downloads/klaster asli/koleksi etnografi/IMG_2226.HEIC,2,koleksi_etnografi,0.2588183879852295,koleksi etnografi,/Users/mdaffaatstsaqif/Downloads/klaster asli/hasil_dec_softmax_10d/cluster_dec/cluster_02__koleksi_etnografi/IMG_2226_5188.HEIC
/Users/mdaffaatstsaqif/Downloads/klaster asli/koleksi etnografi/IMG_2227.HEIC,2,koleksi_etnografi,0.2588174641132355,koleksi etnografi,/Users/mdaffaatstsaqif/Downloads/klaster asli/hasil_dec_softmax_10d/cluster_dec/cluster_02__koleksi_etnografi/IMG_2227_2141.HEIC
/Users/mdaffaatstsaqif/Downloads/klaster asli/koleksi etnografi/IMG_2228.HEIC,2,koleksi_etnografi,0.2586458921432495,koleksi etnografi,/Users/mdaffaatstsaqif/Downloads/klaster asli/hasil_dec_softmax_10d/cluster_dec/cluster_02__koleksi_etnografi/IMG_2228_6617.HEIC
/Users/mdaffaatstsaqif/Downloads/klaster asli/koleksi etnografi/IMG_2229.HEIC,2,koleksi_etnografi,0.25881293416023254,koleksi etnografi,/Users/mdaffaatstsaqif/Downloads/klaster asli/hasil_dec_softmax_10d/cluster_dec/cluster_02__koleksi_etnografi/IMG_2229_2479.HEIC
/Users/mdaffaatstsaqif/Downloads/klaster asli/koleksi etnografi/IMG_2230.HEIC,2,koleksi_etnografi,0.23412515223026276,koleksi etnografi,/Users/mdaffaatstsaqif/Downloads/klaster asli/hasil_dec_softmax_10d/cluster_dec/cluster_02__koleksi_etnografi/IMG_2230_6484.HEIC
/Users/mdaffaatstsaqif/Downloads/klaster asli/koleksi etnografi/IMG_2231.HEIC,2,koleksi_etnografi,0.2588183879852295,koleksi etnografi,/Users/mdaffaatstsaqif/Downloads/klaster asli/hasil_dec_softmax_10d/cluster_dec/cluster_02__koleksi_etnografi/IMG_2231_9827.HEIC
/Users/mdaffaatstsaqif/Downloads/klaster asli/koleksi etnografi/IMG_2232.heic,2,koleksi_etnografi,0.2588183879852295,koleksi etnografi,/Users/mdaffaatstsaqif/Downloads/klaster asli/hasil_dec_softmax_10d/cluster_dec/cluster_02__koleksi_etnografi/IMG_2232_7421.heic
/Users/mdaffaatstsaqif/Downloads/klaster asli/koleksi etnografi/IMG_2233.HEIC,2,koleksi_etnografi,0.25839245319366455,koleksi etnografi,/Users/mdaffaatstsaqif/Downloads/klaster asli/hasil_dec_softmax_10d/cluster_dec/cluster_02__koleksi_etnografi/IMG_2233_9949.HEIC
/Users/mdaffaatstsaqif/Downloads/klaster asli/koleksi etnografi/IMG_2235.HEIC,2,koleksi_etnografi,0.235421821475029,koleksi etnografi,/Users/mdaffaatstsaqif/Downloads/klaster asli/hasil_dec_softmax_10d/cluster_dec/cluster_02__koleksi_etnografi/IMG_2235_4452.HEIC
/Users/mdaffaatstsaqif/Downloads/klaster asli/koleksi etnografi/IMG_2236.HEIC,2,koleksi_etnografi,0.2588183879852295,koleksi etnografi,/Users/mdaffaatstsaqif/Downloads/klaster asli/hasil_dec_softmax_10d/cluster_dec/cluster_02__koleksi_etnografi/IMG_2236_5881.HEIC
/Users/mdaffaatstsaqif/Downloads/klaster asli/koleksi etnografi/IMG_2237.HEIC,2,koleksi_etnografi,0.2588183581829071,koleksi etnografi,/Users/mdaffaatstsaqif/Downloads/klaster asli/hasil_dec_softmax_10d/cluster_dec/cluster_02__koleksi_etnografi/IMG_2237_6665.HEIC
/Users/mdaffaatstsaqif/Downloads/klaster asli/koleksi etnografi/IMG_2238.HEIC,2,koleksi_etnografi,0.2587830424308777,koleksi etnografi,/Users/mdaffaatstsaqif/Downloads/klaster asli/hasil_dec_softmax_10d/cluster_dec/cluster_02__koleksi_etnografi/IMG_2238_2849.HEIC
/Users/mdaffaatstsaqif/Downloads/klaster asli/koleksi etnografi/IMG_2239.HEIC,2,koleksi_etnografi,0.25873708724975586,koleksi etnografi,/Users/mdaffaatstsaqif/Downloads/klaster asli/hasil_dec_softmax_10d/cluster_dec/cluster_02__koleksi_etnografi/IMG_2239_7390.HEIC
/Users/mdaffaatstsaqif/Downloads/klaster asli/koleksi etnografi/IMG_2240.HEIC,2,koleksi_etnografi,0.2584325075149536,koleksi etnografi,/Users/mdaffaatstsaqif/Downloads/klaster asli/hasil_dec_softmax_10d/cluster_dec/cluster_02__koleksi_etnografi/IMG_2240_6905.HEIC
/Users/mdaffaatstsaqif/Downloads/klaster asli/koleksi etnografi/IMG_2241.HEIC,2,koleksi_etnografi,0.25881636142730713,koleksi etnografi,/Users/mdaffaatstsaqif/Downloads/klaster asli/hasil_dec_softmax_10d/cluster_dec/cluster_02__koleksi_etnografi/IMG_2241_2489.HEIC
/Users/mdaffaatstsaqif/Downloads/klaster asli/koleksi etnografi/IMG_2242.HEIC,3,koleksi_geologi,0.16938117146492004,koleksi etnografi,/Users/mdaffaatstsaqif/Downloads/klaster asli/hasil_dec_softmax_10d/cluster_dec/cluster_03__koleksi_geologi/IMG_2242_9823.HEIC
/Users/mdaffaatstsaqif/Downloads/klaster asli/koleksi etnografi/IMG_2243.HEIC,2,koleksi_etnografi,0.25871434807777405,koleksi etnografi,/Users/mdaffaatstsaqif/Downloads/klaster asli/hasil_dec_softmax_10d/cluster_dec/cluster_02__koleksi_etnografi/IMG_2243_9207.HEIC
/Users/mdaffaatstsaqif/Downloads/klaster asli/koleksi etnografi/IMG_2244.HEIC,2,koleksi_etnografi,0.25881657004356384,koleksi etnografi,/Users/mdaffaatstsaqif/Downloads/klaster asli/hasil_dec_softmax_10d/cluster_dec/cluster_02__koleksi_etnografi/IMG_2244_9540.HEIC
/Users/mdaffaatstsaqif/Downloads/klaster asli/koleksi etnografi/IMG_2245.HEIC,2,koleksi_etnografi,0.2588183581829071,koleksi etnografi,/Users/mdaffaatstsaqif/Downloads/klaster asli/hasil_dec_softmax_10d/cluster_dec/cluster_02__koleksi_etnografi/IMG_2245_4611.HEIC
/Users/mdaffaatstsaqif/Downloads/klaster asli/koleksi etnografi/IMG_2246.HEIC,2,koleksi_etnografi,0.25881797075271606,koleksi etnografi,/Users/mdaffaatstsaqif/Downloads/klaster asli/hasil_dec_softmax_10d/cluster_dec/cluster_02__koleksi_etnografi/IMG_2246_2839.HEIC
/Users/mdaffaatstsaqif/Downloads/klaster asli/koleksi etnografi/IMG_2247.HEIC,2,koleksi_etnografi,0.2588178813457489,koleksi etnografi,/Users/mdaffaatstsaqif/Downloads/klaster asli/hasil_dec_softmax_10d/cluster_dec/cluster_02__koleksi_etnografi/IMG_2247_8527.HEIC
/Users/mdaffaatstsaqif/Downloads/klaster asli/koleksi etnografi/IMG_2248.HEIC,2,koleksi_etnografi,0.25875619053840637,koleksi etnografi,/Users/mdaffaatstsaqif/Downloads/klaster asli/hasil_dec_softmax_10d/cluster_dec/cluster_02__koleksi_etnografi/IMG_2248_5878.HEIC
/Users/mdaffaatstsaqif/Downloads/klaster asli/koleksi etnografi/IMG_2249.HEIC,2,koleksi_etnografi,0.24562150239944458,koleksi etnografi,/Users/mdaffaatstsaqif/Downloads/klaster asli/hasil_dec_softmax_10d/cluster_dec/cluster_02__koleksi_etnografi/IMG_2249_9087.HEIC
/Users/mdaffaatstsaqif/Downloads/klaster asli/koleksi etnografi/IMG_2250.HEIC,2,koleksi_etnografi,0.2588132619857788,koleksi etnografi,/Users/mdaffaatstsaqif/Downloads/klaster asli/hasil_dec_softmax_10d/cluster_dec/cluster_02__koleksi_etnografi/IMG_2250_6303.HEIC
/Users/mdaffaatstsaqif/Downloads/klaster asli/koleksi etnografi/IMG_2251.HEIC,2,koleksi_etnografi,0.25874096155166626,koleksi etnografi,/Users/mdaffaatstsaqif/Downloads/klaster asli/hasil_dec_softmax_10d/cluster_dec/cluster_02__koleksi_etnografi/IMG_2251_851.HEIC
/Users/mdaffaatstsaqif/Downloads/klaster asli/koleksi etnografi/IMG_2252.HEIC,2,koleksi_etnografi,0.2588183879852295,koleksi etnografi,/Users/mdaffaatstsaqif/Downloads/klaster asli/hasil_dec_softmax_10d/cluster_dec/cluster_02__koleksi_etnografi/IMG_2252_1687.HEIC
/Users/mdaffaatstsaqif/Downloads/klaster asli/koleksi etnografi/IMG_2253.HEIC,2,koleksi_etnografi,0.2587732970714569,koleksi etnografi,/Users/mdaffaatstsaqif/Downloads/klaster asli/hasil_dec_softmax_10d/cluster_dec/cluster_02__koleksi_etnografi/IMG_2253_6833.HEIC
/Users/mdaffaatstsaqif/Downloads/klaster asli/koleksi etnografi/IMG_2254.HEIC,2,koleksi_etnografi,0.2588183581829071,koleksi etnografi,/Users/mdaffaatstsaqif/Downloads/klaster asli/hasil_dec_softmax_10d/cluster_dec/cluster_02__koleksi_etnografi/IMG_2254_2427.HEIC
/Users/mdaffaatstsaqif/Downloads/klaster asli/koleksi etnografi/IMG_2255.HEIC,2,koleksi_etnografi,0.2588069438934326,koleksi etnografi,/Users/mdaffaatstsaqif/Downloads/klaster asli/hasil_dec_softmax_10d/cluster_dec/cluster_02__koleksi_etnografi/IMG_2255_9760.HEIC
/Users/mdaffaatstsaqif/Downloads/klaster asli/koleksi etnografi/IMG_2256.HEIC,2,koleksi_etnografi,0.2543152868747711,koleksi etnografi,/Users/mdaffaatstsaqif/Downloads/klaster asli/hasil_dec_softmax_10d/cluster_dec/cluster_02__koleksi_etnografi/IMG_2256_4000.HEIC
/Users/mdaffaatstsaqif/Downloads/klaster asli/koleksi etnografi/IMG_2257.HEIC,2,koleksi_etnografi,0.24200673401355743,koleksi etnografi,/Users/mdaffaatstsaqif/Downloads/klaster asli/hasil_dec_softmax_10d/cluster_dec/cluster_02__koleksi_etnografi/IMG_2257_5052.HEIC
/Users/mdaffaatstsaqif/Downloads/klaster asli/koleksi etnografi/IMG_2258.HEIC,2,koleksi_etnografi,0.2588183581829071,koleksi etnografi,/Users/mdaffaatstsaqif/Downloads/klaster asli/hasil_dec_softmax_10d/cluster_dec/cluster_02__koleksi_etnografi/IMG_2258_2738.HEIC
/Users/mdaffaatstsaqif/Downloads/klaster asli/koleksi etnografi/IMG_2259.HEIC,2,koleksi_etnografi,0.2588183879852295,koleksi etnografi,/Users/mdaffaatstsaqif/Downloads/klaster asli/hasil_dec_softmax_10d/cluster_dec/cluster_02__koleksi_etnografi/IMG_2259_5732.HEIC
/Users/mdaffaatstsaqif/Downloads/klaster asli/koleksi etnografi/IMG_2260.HEIC,2,koleksi_etnografi,0.25881829857826233,koleksi etnografi,/Users/mdaffaatstsaqif/Downloads/klaster asli/hasil_dec_softmax_10d/cluster_dec/cluster_02__koleksi_etnografi/IMG_2260_5387.HEIC
/Users/mdaffaatstsaqif/Downloads/klaster asli/koleksi etnografi/IMG_2261.HEIC,2,koleksi_etnografi,0.25881829857826233,koleksi etnografi,/Users/mdaffaatstsaqif/Downloads/klaster asli/hasil_dec_softmax_10d/cluster_dec/cluster_02__koleksi_etnografi/IMG_2261_8002.HEIC
/Users/mdaffaatstsaqif/Downloads/klaster asli/koleksi etnografi/IMG_2262.HEIC,2,koleksi_etnografi,0.2588055431842804,koleksi etnografi,/Users/mdaffaatstsaqif/Downloads/klaster asli/hasil_dec_softmax_10d/cluster_dec/cluster_02__koleksi_etnografi/IMG_2262_5536.HEIC
/Users/mdaffaatstsaqif/Downloads/klaster asli/koleksi etnografi/IMG_2263.HEIC,2,koleksi_etnografi,0.2588033378124237,koleksi etnografi,/Users/mdaffaatstsaqif/Downloads/klaster asli/hasil_dec_softmax_10d/cluster_dec/cluster_02__koleksi_etnografi/IMG_2263_3913.HEIC
/Users/mdaffaatstsaqif/Downloads/klaster asli/koleksi etnografi/IMG_2264.HEIC,2,koleksi_etnografi,0.2588181793689728,koleksi etnografi,/Users/mdaffaatstsaqif/Downloads/klaster asli/hasil_dec_softmax_10d/cluster_dec/cluster_02__koleksi_etnografi/IMG_2264_1066.HEIC
/Users/mdaffaatstsaqif/Downloads/klaster asli/koleksi etnografi/IMG_2265.HEIC,2,koleksi_etnografi,0.2588091194629669,koleksi etnografi,/Users/mdaffaatstsaqif/Downloads/klaster asli/hasil_dec_softmax_10d/cluster_dec/cluster_02__koleksi_etnografi/IMG_2265_7723.HEIC
/Users/mdaffaatstsaqif/Downloads/klaster asli/koleksi etnografi/IMG_2266.HEIC,2,koleksi_etnografi,0.2588183879852295,koleksi etnografi,/Users/mdaffaatstsaqif/Downloads/klaster asli/hasil_dec_softmax_10d/cluster_dec/cluster_02__koleksi_etnografi/IMG_2266_4380.HEIC
/Users/mdaffaatstsaqif/Downloads/klaster asli/koleksi etnografi/IMG_2267.HEIC,2,koleksi_etnografi,0.2588183879852295,koleksi etnografi,/Users/mdaffaatstsaqif/Downloads/klaster asli/hasil_dec_softmax_10d/cluster_dec/cluster_02__koleksi_etnografi/IMG_2267_4107.HEIC
/Users/mdaffaatstsaqif/Downloads/klaster asli/koleksi etnografi/IMG_2268.HEIC,2,koleksi_etnografi,0.2588183581829071,koleksi etnografi,/Users/mdaffaatstsaqif/Downloads/klaster asli/hasil_dec_softmax_10d/cluster_dec/cluster_02__koleksi_etnografi/IMG_2268_5726.HEIC
/Users/mdaffaatstsaqif/Downloads/klaster asli/koleksi etnografi/IMG_2269.HEIC,2,koleksi_etnografi,0.2588183581829071,koleksi etnografi,/Users/mdaffaatstsaqif/Downloads/klaster asli/hasil_dec_softmax_10d/cluster_dec/cluster_02__koleksi_etnografi/IMG_2269_3373.HEIC
/Users/mdaffaatstsaqif/Downloads/klaster asli/koleksi etnografi/IMG_2270.HEIC,2,koleksi_etnografi,0.2588183879852295,koleksi etnografi,/Users/mdaffaatstsaqif/Downloads/klaster asli/hasil_dec_softmax_10d/cluster_dec/cluster_02__koleksi_etnografi/IMG_2270_8945.HEIC
/Users/mdaffaatstsaqif/Downloads/klaster asli/koleksi etnografi/IMG_2271.HEIC,2,koleksi_etnografi,0.2588180899620056,koleksi etnografi,/Users/mdaffaatstsaqif/Downloads/klaster asli/hasil_dec_softmax_10d/cluster_dec/cluster_02__koleksi_etnografi/IMG_2271_2082.HEIC
/Users/mdaffaatstsaqif/Downloads/klaster asli/koleksi etnografi/IMG_2272.HEIC,2,koleksi_etnografi,0.2588183581829071,koleksi etnografi,/Users/mdaffaatstsaqif/Downloads/klaster asli/hasil_dec_softmax_10d/cluster_dec/cluster_02__koleksi_etnografi/IMG_2272_8967.HEIC
/Users/mdaffaatstsaqif/Downloads/klaster asli/koleksi etnografi/IMG_2273.HEIC,2,koleksi_etnografi,0.2588183879852295,koleksi etnografi,/Users/mdaffaatstsaqif/Downloads/klaster asli/hasil_dec_softmax_10d/cluster_dec/cluster_02__koleksi_etnografi/IMG_2273_6748.HEIC
/Users/mdaffaatstsaqif/Downloads/klaster asli/koleksi etnografi/IMG_2274.HEIC,2,koleksi_etnografi,0.2588183879852295,koleksi etnografi,/Users/mdaffaatstsaqif/Downloads/klaster asli/hasil_dec_softmax_10d/cluster_dec/cluster_02__koleksi_etnografi/IMG_2274_9817.HEIC
/Users/mdaffaatstsaqif/Downloads/klaster asli/koleksi etnografi/IMG_2275.HEIC,2,koleksi_etnografi,0.2588183879852295,koleksi etnografi,/Users/mdaffaatstsaqif/Downloads/klaster asli/hasil_dec_softmax_10d/cluster_dec/cluster_02__koleksi_etnografi/IMG_2275_417.HEIC
/Users/mdaffaatstsaqif/Downloads/klaster asli/koleksi etnografi/IMG_2276.HEIC,2,koleksi_etnografi,0.2588183879852295,koleksi etnografi,/Users/mdaffaatstsaqif/Downloads/klaster asli/hasil_dec_softmax_10d/cluster_dec/cluster_02__koleksi_etnografi/IMG_2276_8306.HEIC
/Users/mdaffaatstsaqif/Downloads/klaster asli/koleksi etnografi/IMG_2277.HEIC,2,koleksi_etnografi,0.25881263613700867,koleksi etnografi,/Users/mdaffaatstsaqif/Downloads/klaster asli/hasil_dec_softmax_10d/cluster_dec/cluster_02__koleksi_etnografi/IMG_2277_8808.HEIC
/Users/mdaffaatstsaqif/Downloads/klaster asli/koleksi etnografi/IMG_2278.HEIC,2,koleksi_etnografi,0.2588183879852295,koleksi etnografi,/Users/mdaffaatstsaqif/Downloads/klaster asli/hasil_dec_softmax_10d/cluster_dec/cluster_02__koleksi_etnografi/IMG_2278_3974.HEIC
/Users/mdaffaatstsaqif/Downloads/klaster asli/koleksi etnografi/IMG_2279.HEIC,2,koleksi_etnografi,0.2588183879852295,koleksi etnografi,/Users/mdaffaatstsaqif/Downloads/klaster asli/hasil_dec_softmax_10d/cluster_dec/cluster_02__koleksi_etnografi/IMG_2279_3267.HEIC
/Users/mdaffaatstsaqif/Downloads/klaster asli/koleksi etnografi/IMG_2280.HEIC,2,koleksi_etnografi,0.2588183879852295,koleksi etnografi,/Users/mdaffaatstsaqif/Downloads/klaster asli/hasil_dec_softmax_10d/cluster_dec/cluster_02__koleksi_etnografi/IMG_2280_825.HEIC
/Users/mdaffaatstsaqif/Downloads/klaster asli/koleksi etnografi/IMG_2281.HEIC,2,koleksi_etnografi,0.25881797075271606,koleksi etnografi,/Users/mdaffaatstsaqif/Downloads/klaster asli/hasil_dec_softmax_10d/cluster_dec/cluster_02__koleksi_etnografi/IMG_2281_7668.HEIC
/Users/mdaffaatstsaqif/Downloads/klaster asli/koleksi etnografi/IMG_2282.HEIC,2,koleksi_etnografi,0.2588145434856415,koleksi etnografi,/Users/mdaffaatstsaqif/Downloads/klaster asli/hasil_dec_softmax_10d/cluster_dec/cluster_02__koleksi_etnografi/IMG_2282_5745.HEIC
/Users/mdaffaatstsaqif/Downloads/klaster asli/koleksi etnografi/IMG_2283.HEIC,2,koleksi_etnografi,0.2588181793689728,koleksi etnografi,/Users/mdaffaatstsaqif/Downloads/klaster asli/hasil_dec_softmax_10d/cluster_dec/cluster_02__koleksi_etnografi/IMG_2283_9708.HEIC
/Users/mdaffaatstsaqif/Downloads/klaster asli/koleksi etnografi/IMG_2284.HEIC,2,koleksi_etnografi,0.25881683826446533,koleksi etnografi,/Users/mdaffaatstsaqif/Downloads/klaster asli/hasil_dec_softmax_10d/cluster_dec/cluster_02__koleksi_etnografi/IMG_2284_412.HEIC
/Users/mdaffaatstsaqif/Downloads/klaster asli/koleksi etnografi/IMG_2285.HEIC,2,koleksi_etnografi,0.25881826877593994,koleksi etnografi,/Users/mdaffaatstsaqif/Downloads/klaster asli/hasil_dec_softmax_10d/cluster_dec/cluster_02__koleksi_etnografi/IMG_2285_7543.HEIC
/Users/mdaffaatstsaqif/Downloads/klaster asli/koleksi etnografi/IMG_2286.HEIC,2,koleksi_etnografi,0.2588183879852295,koleksi etnografi,/Users/mdaffaatstsaqif/Downloads/klaster asli/hasil_dec_softmax_10d/cluster_dec/cluster_02__koleksi_etnografi/IMG_2286_7587.HEIC
/Users/mdaffaatstsaqif/Downloads/klaster asli/koleksi etnografi/IMG_2287.HEIC,2,koleksi_etnografi,0.2588183581829071,koleksi etnografi,/Users/mdaffaatstsaqif/Downloads/klaster asli/hasil_dec_softmax_10d/cluster_dec/cluster_02__koleksi_etnografi/IMG_2287_728.HEIC
/Users/mdaffaatstsaqif/Downloads/klaster asli/koleksi etnografi/IMG_2288.HEIC,2,koleksi_etnografi,0.2588179409503937,koleksi etnografi,/Users/mdaffaatstsaqif/Downloads/klaster asli/hasil_dec_softmax_10d/cluster_dec/cluster_02__koleksi_etnografi/IMG_2288_7164.HEIC
/Users/mdaffaatstsaqif/Downloads/klaster asli/koleksi etnografi/IMG_2289.HEIC,2,koleksi_etnografi,0.25881752371788025,koleksi etnografi,/Users/mdaffaatstsaqif/Downloads/klaster asli/hasil_dec_softmax_10d/cluster_dec/cluster_02__koleksi_etnografi/IMG_2289_8867.HEIC
/Users/mdaffaatstsaqif/Downloads/klaster asli/koleksi arkeologi/IMG_2290.heic,3,koleksi_geologi,0.2276633232831955,koleksi arkeologi,/Users/mdaffaatstsaqif/Downloads/klaster asli/hasil_dec_softmax_10d/cluster_dec/cluster_03__koleksi_geologi/IMG_2290_5988.heic
/Users/mdaffaatstsaqif/Downloads/klaster asli/koleksi arkeologi/IMG_2291.heic,0,koleksi_arkeologi,0.26012107729911804,koleksi arkeologi,/Users/mdaffaatstsaqif/Downloads/klaster asli/hasil_dec_softmax_10d/cluster_dec/cluster_00__koleksi_arkeologi/IMG_2291_2504.heic
/Users/mdaffaatstsaqif/Downloads/klaster asli/koleksi arkeologi/IMG_2292.heic,0,koleksi_arkeologi,0.26011988520622253,koleksi arkeologi,/Users/mdaffaatstsaqif/Downloads/klaster asli/hasil_dec_softmax_10d/cluster_dec/cluster_00__koleksi_arkeologi/IMG_2292_2967.heic
/Users/mdaffaatstsaqif/Downloads/klaster asli/koleksi arkeologi/IMG_2293.heic,0,koleksi_arkeologi,0.26007965207099915,koleksi arkeologi,/Users/mdaffaatstsaqif/Downloads/klaster asli/hasil_dec_softmax_10d/cluster_dec/cluster_00__koleksi_arkeologi/IMG_2293_2786.heic
/Users/mdaffaatstsaqif/Downloads/klaster asli/koleksi arkeologi/IMG_2294.heic,0,koleksi_arkeologi,0.2601805031299591,koleksi arkeologi,/Users/mdaffaatstsaqif/Downloads/klaster asli/hasil_dec_softmax_10d/cluster_dec/cluster_00__koleksi_arkeologi/IMG_2294_1122.heic
/Users/mdaffaatstsaqif/Downloads/klaster asli/koleksi arkeologi/IMG_2295.heic,0,koleksi_arkeologi,0.2601524293422699,koleksi arkeologi,/Users/mdaffaatstsaqif/Downloads/klaster asli/hasil_dec_softmax_10d/cluster_dec/cluster_00__koleksi_arkeologi/IMG_2295_4079.heic
/Users/mdaffaatstsaqif/Downloads/klaster asli/koleksi arkeologi/IMG_2296.heic,0,koleksi_arkeologi,0.2601778507232666,koleksi arkeologi,/Users/mdaffaatstsaqif/Downloads/klaster asli/hasil_dec_softmax_10d/cluster_dec/cluster_00__koleksi_arkeologi/IMG_2296_1571.heic
/Users/mdaffaatstsaqif/Downloads/klaster asli/koleksi arkeologi/IMG_2297.heic,0,koleksi_arkeologi,0.2601081430912018,koleksi arkeologi,/Users/mdaffaatstsaqif/Downloads/klaster asli/hasil_dec_softmax_10d/cluster_dec/cluster_00__koleksi_arkeologi/IMG_2297_5073.heic
/Users/mdaffaatstsaqif/Downloads/klaster asli/koleksi arkeologi/IMG_2298.heic,0,koleksi_arkeologi,0.26000046730041504,koleksi arkeologi,/Users/mdaffaatstsaqif/Downloads/klaster asli/hasil_dec_softmax_10d/cluster_dec/cluster_00__koleksi_arkeologi/IMG_2298_5104.heic
/Users/mdaffaatstsaqif/Downloads/klaster asli/koleksi arkeologi/IMG_2299.heic,0,koleksi_arkeologi,0.2601269781589508,koleksi arkeologi,/Users/mdaffaatstsaqif/Downloads/klaster asli/hasil_dec_softmax_10d/cluster_dec/cluster_00__koleksi_arkeologi/IMG_2299_2143.heic
/Users/mdaffaatstsaqif/Downloads/klaster asli/koleksi arkeologi/IMG_2300.heic,0,koleksi_arkeologi,0.2601722180843353,koleksi arkeologi,/Users/mdaffaatstsaqif/Downloads/klaster asli/hasil_dec_softmax_10d/cluster_dec/cluster_00__koleksi_arkeologi/IMG_2300_9879.heic
/Users/mdaffaatstsaqif/Downloads/klaster asli/koleksi arkeologi/IMG_2301.heic,0,koleksi_arkeologi,0.2601754665374756,koleksi arkeologi,/Users/mdaffaatstsaqif/Downloads/klaster asli/hasil_dec_softmax_10d/cluster_dec/cluster_00__koleksi_arkeologi/IMG_2301_6806.heic
/Users/mdaffaatstsaqif/Downloads/klaster asli/koleksi arkeologi/IMG_2302.heic,0,koleksi_arkeologi,0.2595725953578949,koleksi arkeologi,/Users/mdaffaatstsaqif/Downloads/klaster asli/hasil_dec_softmax_10d/cluster_dec/cluster_00__koleksi_arkeologi/IMG_2302_7357.heic
/Users/mdaffaatstsaqif/Downloads/klaster asli/koleksi arkeologi/IMG_2303.heic,3,koleksi_geologi,0.2580249309539795,koleksi arkeologi,/Users/mdaffaatstsaqif/Downloads/klaster asli/hasil_dec_softmax_10d/cluster_dec/cluster_03__koleksi_geologi/IMG_2303_3440.heic
/Users/mdaffaatstsaqif/Downloads/klaster asli/koleksi arkeologi/IMG_2304.heic,0,koleksi_arkeologi,0.26000815629959106,koleksi arkeologi,/Users/mdaffaatstsaqif/Downloads/klaster asli/hasil_dec_softmax_10d/cluster_dec/cluster_00__koleksi_arkeologi/IMG_2304_3766.heic
/Users/mdaffaatstsaqif/Downloads/klaster asli/koleksi arkeologi/IMG_2305.heic,0,koleksi_arkeologi,0.2599332630634308,koleksi arkeologi,/Users/mdaffaatstsaqif/Downloads/klaster asli/hasil_dec_softmax_10d/cluster_dec/cluster_00__koleksi_arkeologi/IMG_2305_5644.heic
/Users/mdaffaatstsaqif/Downloads/klaster asli/koleksi arkeologi/IMG_2306.heic,0,koleksi_arkeologi,0.26017335057258606,koleksi arkeologi,/Users/mdaffaatstsaqif/Downloads/klaster asli/hasil_dec_softmax_10d/cluster_dec/cluster_00__koleksi_arkeologi/IMG_2306_2914.heic
/Users/mdaffaatstsaqif/Downloads/klaster asli/koleksi arkeologi/IMG_2307.heic,0,koleksi_arkeologi,0.2516583502292633,koleksi arkeologi,/Users/mdaffaatstsaqif/Downloads/klaster asli/hasil_dec_softmax_10d/cluster_dec/cluster_00__koleksi_arkeologi/IMG_2307_4968.heic
/Users/mdaffaatstsaqif/Downloads/klaster asli/koleksi arkeologi/IMG_2308.heic,9,koleksi_teknologika,0.2512677311897278,koleksi arkeologi,/Users/mdaffaatstsaqif/Downloads/klaster asli/hasil_dec_softmax_10d/cluster_dec/cluster_09__koleksi_teknologika/IMG_2308_5917.heic
/Users/mdaffaatstsaqif/Downloads/klaster asli/koleksi arkeologi/IMG_2309.heic,4,koleksi_keramik,0.2584923505783081,koleksi arkeologi,/Users/mdaffaatstsaqif/Downloads/klaster asli/hasil_dec_softmax_10d/cluster_dec/cluster_04__koleksi_keramik/IMG_2309_8787.heic
/Users/mdaffaatstsaqif/Downloads/klaster asli/koleksi arkeologi/IMG_2310.heic,4,koleksi_keramik,0.25857916474342346,koleksi arkeologi,/Users/mdaffaatstsaqif/Downloads/klaster asli/hasil_dec_softmax_10d/cluster_dec/cluster_04__koleksi_keramik/IMG_2310_728.heic
/Users/mdaffaatstsaqif/Downloads/klaster asli/koleksi arkeologi/IMG_2311.heic,9,koleksi_teknologika,0.2577730119228363,koleksi arkeologi,/Users/mdaffaatstsaqif/Downloads/klaster asli/hasil_dec_softmax_10d/cluster_dec/cluster_09__koleksi_teknologika/IMG_2311_1365.heic
/Users/mdaffaatstsaqif/Downloads/klaster asli/koleksi arkeologi/IMG_2312.heic,0,koleksi_arkeologi,0.2584031820297241,koleksi arkeologi,/Users/mdaffaatstsaqif/Downloads/klaster asli/hasil_dec_softmax_10d/cluster_dec/cluster_00__koleksi_arkeologi/IMG_2312_4492.heic
/Users/mdaffaatstsaqif/Downloads/klaster asli/koleksi arkeologi/IMG_2313.heic,0,koleksi_arkeologi,0.2598089277744293,koleksi arkeologi,/Users/mdaffaatstsaqif/Downloads/klaster asli/hasil_dec_softmax_10d/cluster_dec/cluster_00__koleksi_arkeologi/IMG_2313_698.heic
/Users/mdaffaatstsaqif/Downloads/klaster asli/koleksi arkeologi/IMG_2314.heic,0,koleksi_arkeologi,0.26017025113105774,koleksi arkeologi,/Users/mdaffaatstsaqif/Downloads/klaster asli/hasil_dec_softmax_10d/cluster_dec/cluster_00__koleksi_arkeologi/IMG_2314_7186.heic
/Users/mdaffaatstsaqif/Downloads/klaster asli/koleksi arkeologi/IMG_2315.heic,0,koleksi_arkeologi,0.2601178288459778,koleksi arkeologi,/Users/mdaffaatstsaqif/Downloads/klaster asli/hasil_dec_softmax_10d/cluster_dec/cluster_00__koleksi_arkeologi/IMG_2315_395.heic
/Users/mdaffaatstsaqif/Downloads/klaster asli/koleksi arkeologi/IMG_2316.heic,0,koleksi_arkeologi,0.2600773572921753,koleksi arkeologi,/Users/mdaffaatstsaqif/Downloads/klaster asli/hasil_dec_softmax_10d/cluster_dec/cluster_00__koleksi_arkeologi/IMG_2316_7400.heic
/Users/mdaffaatstsaqif/Downloads/klaster asli/koleksi arkeologi/IMG_2317.heic,0,koleksi_arkeologi,0.25872141122817993,koleksi arkeologi,/Users/mdaffaatstsaqif/Downloads/klaster asli/hasil_dec_softmax_10d/cluster_dec/cluster_00__koleksi_arkeologi/IMG_2317_8082.heic
/Users/mdaffaatstsaqif/Downloads/klaster asli/koleksi arkeologi/IMG_2318.heic,0,koleksi_arkeologi,0.2601752281188965,koleksi arkeologi,/Users/mdaffaatstsaqif/Downloads/klaster asli/hasil_dec_softmax_10d/cluster_dec/cluster_00__koleksi_arkeologi/IMG_2318_4171.heic
/Users/mdaffaatstsaqif/Downloads/klaster asli/koleksi arkeologi/IMG_2319.heic,0,koleksi_arkeologi,0.19332550466060638,koleksi arkeologi,/Users/mdaffaatstsaqif/Downloads/klaster asli/hasil_dec_softmax_10d/cluster_dec/cluster_00__koleksi_arkeologi/IMG_2319_4360.heic
/Users/mdaffaatstsaqif/Downloads/klaster asli/koleksi arkeologi/IMG_2320.heic,0,koleksi_arkeologi,0.2601613998413086,koleksi arkeologi,/Users/mdaffaatstsaqif/Downloads/klaster asli/hasil_dec_softmax_10d/cluster_dec/cluster_00__koleksi_arkeologi/IMG_2320_2502.heic
/Users/mdaffaatstsaqif/Downloads/klaster asli/koleksi arkeologi/IMG_2321.heic,0,koleksi_arkeologi,0.26007208228111267,koleksi arkeologi,/Users/mdaffaatstsaqif/Downloads/klaster asli/hasil_dec_softmax_10d/cluster_dec/cluster_00__koleksi_arkeologi/IMG_2321_717.heic
/Users/mdaffaatstsaqif/Downloads/klaster asli/koleksi arkeologi/IMG_2322.heic,0,koleksi_arkeologi,0.2598091661930084,koleksi arkeologi,/Users/mdaffaatstsaqif/Downloads/klaster asli/hasil_dec_softmax_10d/cluster_dec/cluster_00__koleksi_arkeologi/IMG_2322_2782.heic
/Users/mdaffaatstsaqif/Downloads/klaster asli/koleksi arkeologi/IMG_2323.heic,0,koleksi_arkeologi,0.2601814270019531,koleksi arkeologi,/Users/mdaffaatstsaqif/Downloads/klaster asli/hasil_dec_softmax_10d/cluster_dec/cluster_00__koleksi_arkeologi/IMG_2323_4946.heic
/Users/mdaffaatstsaqif/Downloads/klaster asli/koleksi arkeologi/IMG_2324.heic,0,koleksi_arkeologi,0.26018136739730835,koleksi arkeologi,/Users/mdaffaatstsaqif/Downloads/klaster asli/hasil_dec_softmax_10d/cluster_dec/cluster_00__koleksi_arkeologi/IMG_2324_5486.heic
/Users/mdaffaatstsaqif/Downloads/klaster asli/koleksi arkeologi/IMG_2325.heic,0,koleksi_arkeologi,0.2591240108013153,koleksi arkeologi,/Users/mdaffaatstsaqif/Downloads/klaster asli/hasil_dec_softmax_10d/cluster_dec/cluster_00__koleksi_arkeologi/IMG_2325_8335.heic
/Users/mdaffaatstsaqif/Downloads/klaster asli/koleksi arkeologi/IMG_2326.heic,2,koleksi_etnografi,0.24588486552238464,koleksi arkeologi,/Users/mdaffaatstsaqif/Downloads/klaster asli/hasil_dec_softmax_10d/cluster_dec/cluster_02__koleksi_etnografi/IMG_2326_4980.heic
/Users/mdaffaatstsaqif/Downloads/klaster asli/koleksi arkeologi/IMG_2327.heic,2,koleksi_etnografi,0.2587864100933075,koleksi arkeologi,/Users/mdaffaatstsaqif/Downloads/klaster asli/hasil_dec_softmax_10d/cluster_dec/cluster_02__koleksi_etnografi/IMG_2327_7266.heic
/Users/mdaffaatstsaqif/Downloads/klaster asli/koleksi arkeologi/IMG_2328.heic,0,koleksi_arkeologi,0.2499576359987259,koleksi arkeologi,/Users/mdaffaatstsaqif/Downloads/klaster asli/hasil_dec_softmax_10d/cluster_dec/cluster_00__koleksi_arkeologi/IMG_2328_4491.heic
/Users/mdaffaatstsaqif/Downloads/klaster asli/koleksi arkeologi/IMG_2329.heic,0,koleksi_arkeologi,0.25942739844322205,koleksi arkeologi,/Users/mdaffaatstsaqif/Downloads/klaster asli/hasil_dec_softmax_10d/cluster_dec/cluster_00__koleksi_arkeologi/IMG_2329_7192.heic
/Users/mdaffaatstsaqif/Downloads/klaster asli/koleksi arkeologi/IMG_2330.heic,0,koleksi_arkeologi,0.2601773738861084,koleksi arkeologi,/Users/mdaffaatstsaqif/Downloads/klaster asli/hasil_dec_softmax_10d/cluster_dec/cluster_00__koleksi_arkeologi/IMG_2330_5588.heic
/Users/mdaffaatstsaqif/Downloads/klaster asli/koleksi arkeologi/IMG_2331.heic,0,koleksi_arkeologi,0.2601742446422577,koleksi arkeologi,/Users/mdaffaatstsaqif/Downloads/klaster asli/hasil_dec_softmax_10d/cluster_dec/cluster_00__koleksi_arkeologi/IMG_2331_7651.heic
/Users/mdaffaatstsaqif/Downloads/klaster asli/koleksi arkeologi/IMG_2332.heic,0,koleksi_arkeologi,0.25994664430618286,koleksi arkeologi,/Users/mdaffaatstsaqif/Downloads/klaster asli/hasil_dec_softmax_10d/cluster_dec/cluster_00__koleksi_arkeologi/IMG_2332_3636.heic
/Users/mdaffaatstsaqif/Downloads/klaster asli/koleksi arkeologi/IMG_2333.heic,0,koleksi_arkeologi,0.2505152225494385,koleksi arkeologi,/Users/mdaffaatstsaqif/Downloads/klaster asli/hasil_dec_softmax_10d/cluster_dec/cluster_00__koleksi_arkeologi/IMG_2333_1167.heic
/Users/mdaffaatstsaqif/Downloads/klaster asli/koleksi arkeologi/IMG_2334.heic,2,koleksi_etnografi,0.25881797075271606,koleksi arkeologi,/Users/mdaffaatstsaqif/Downloads/klaster asli/hasil_dec_softmax_10d/cluster_dec/cluster_02__koleksi_etnografi/IMG_2334_1062.heic
/Users/mdaffaatstsaqif/Downloads/klaster asli/koleksi arkeologi/IMG_2335.heic,2,koleksi_etnografi,0.258813738822937,koleksi arkeologi,/Users/mdaffaatstsaqif/Downloads/klaster asli/hasil_dec_softmax_10d/cluster_dec/cluster_02__koleksi_etnografi/IMG_2335_2156.heic
/Users/mdaffaatstsaqif/Downloads/klaster asli/koleksi arkeologi/IMG_2336.heic,2,koleksi_etnografi,0.25049644708633423,koleksi arkeologi,/Users/mdaffaatstsaqif/Downloads/klaster asli/hasil_dec_softmax_10d/cluster_dec/cluster_02__koleksi_etnografi/IMG_2336_7860.heic
/Users/mdaffaatstsaqif/Downloads/klaster asli/koleksi arkeologi/IMG_2337.heic,0,koleksi_arkeologi,0.26017916202545166,koleksi arkeologi,/Users/mdaffaatstsaqif/Downloads/klaster asli/hasil_dec_softmax_10d/cluster_dec/cluster_00__koleksi_arkeologi/IMG_2337_5161.heic
/Users/mdaffaatstsaqif/Downloads/klaster asli/koleksi arkeologi/IMG_2338.heic,0,koleksi_arkeologi,0.26017600297927856,koleksi arkeologi,/Users/mdaffaatstsaqif/Downloads/klaster asli/hasil_dec_softmax_10d/cluster_dec/cluster_00__koleksi_arkeologi/IMG_2338_5305.heic
/Users/mdaffaatstsaqif/Downloads/klaster asli/koleksi arkeologi/IMG_2339.heic,0,koleksi_arkeologi,0.26015448570251465,koleksi arkeologi,/Users/mdaffaatstsaqif/Downloads/klaster asli/hasil_dec_softmax_10d/cluster_dec/cluster_00__koleksi_arkeologi/IMG_2339_6541.heic
/Users/mdaffaatstsaqif/Downloads/klaster asli/koleksi arkeologi/IMG_2340.heic,0,koleksi_arkeologi,0.25505331158638,koleksi arkeologi,/Users/mdaffaatstsaqif/Downloads/klaster asli/hasil_dec_softmax_10d/cluster_dec/cluster_00__koleksi_arkeologi/IMG_2340_4729.heic
/Users/mdaffaatstsaqif/Downloads/klaster asli/koleksi arkeologi/IMG_2341.heic,0,koleksi_arkeologi,0.22050896286964417,koleksi arkeologi,/Users/mdaffaatstsaqif/Downloads/klaster asli/hasil_dec_softmax_10d/cluster_dec/cluster_00__koleksi_arkeologi/IMG_2341_9348.heic
/Users/mdaffaatstsaqif/Downloads/klaster asli/koleksi arkeologi/IMG_2342.heic,0,koleksi_arkeologi,0.2600291669368744,koleksi arkeologi,/Users/mdaffaatstsaqif/Downloads/klaster asli/hasil_dec_softmax_10d/cluster_dec/cluster_00__koleksi_arkeologi/IMG_2342_7330.heic
/Users/mdaffaatstsaqif/Downloads/klaster asli/koleksi arkeologi/IMG_2343.heic,0,koleksi_arkeologi,0.26017922163009644,koleksi arkeologi,/Users/mdaffaatstsaqif/Downloads/klaster asli/hasil_dec_softmax_10d/cluster_dec/cluster_00__koleksi_arkeologi/IMG_2343_5334.heic
/Users/mdaffaatstsaqif/Downloads/klaster asli/koleksi arkeologi/IMG_2344.heic,0,koleksi_arkeologi,0.2560097575187683,koleksi arkeologi,/Users/mdaffaatstsaqif/Downloads/klaster asli/hasil_dec_softmax_10d/cluster_dec/cluster_00__koleksi_arkeologi/IMG_2344_8924.heic
/Users/mdaffaatstsaqif/Downloads/klaster asli/koleksi arkeologi/IMG_2345.heic,0,koleksi_arkeologi,0.17343537509441376,koleksi arkeologi,/Users/mdaffaatstsaqif/Downloads/klaster asli/hasil_dec_softmax_10d/cluster_dec/cluster_00__koleksi_arkeologi/IMG_2345_4330.heic
/Users/mdaffaatstsaqif/Downloads/klaster asli/koleksi arkeologi/IMG_2346.heic,0,koleksi_arkeologi,0.260146826505661,koleksi arkeologi,/Users/mdaffaatstsaqif/Downloads/klaster asli/hasil_dec_softmax_10d/cluster_dec/cluster_00__koleksi_arkeologi/IMG_2346_8010.heic
/Users/mdaffaatstsaqif/Downloads/klaster asli/koleksi arkeologi/IMG_2347.heic,0,koleksi_arkeologi,0.14120478928089142,koleksi arkeologi,/Users/mdaffaatstsaqif/Downloads/klaster asli/hasil_dec_softmax_10d/cluster_dec/cluster_00__koleksi_arkeologi/IMG_2347_6801.heic
/Users/mdaffaatstsaqif/Downloads/klaster asli/koleksi arkeologi/IMG_2348.heic,2,koleksi_etnografi,0.2571200728416443,koleksi arkeologi,/Users/mdaffaatstsaqif/Downloads/klaster asli/hasil_dec_softmax_10d/cluster_dec/cluster_02__koleksi_etnografi/IMG_2348_4846.heic
/Users/mdaffaatstsaqif/Downloads/klaster asli/koleksi arkeologi/IMG_2352.heic,0,koleksi_arkeologi,0.2504687011241913,koleksi arkeologi,/Users/mdaffaatstsaqif/Downloads/klaster asli/hasil_dec_softmax_10d/cluster_dec/cluster_00__koleksi_arkeologi/IMG_2352_6731.heic
/Users/mdaffaatstsaqif/Downloads/klaster asli/koleksi arkeologi/IMG_2353.heic,2,koleksi_etnografi,0.25805720686912537,koleksi arkeologi,/Users/mdaffaatstsaqif/Downloads/klaster asli/hasil_dec_softmax_10d/cluster_dec/cluster_02__koleksi_etnografi/IMG_2353_7241.heic
/Users/mdaffaatstsaqif/Downloads/klaster asli/koleksi arkeologi/IMG_2354.heic,2,koleksi_etnografi,0.2579421103000641,koleksi arkeologi,/Users/mdaffaatstsaqif/Downloads/klaster asli/hasil_dec_softmax_10d/cluster_dec/cluster_02__koleksi_etnografi/IMG_2354_953.heic
/Users/mdaffaatstsaqif/Downloads/klaster asli/koleksi arkeologi/IMG_2355.heic,0,koleksi_arkeologi,0.2527269124984741,koleksi arkeologi,/Users/mdaffaatstsaqif/Downloads/klaster asli/hasil_dec_softmax_10d/cluster_dec/cluster_00__koleksi_arkeologi/IMG_2355_2539.heic
/Users/mdaffaatstsaqif/Downloads/klaster asli/koleksi arkeologi/IMG_2356.heic,0,koleksi_arkeologi,0.2601732015609741,koleksi arkeologi,/Users/mdaffaatstsaqif/Downloads/klaster asli/hasil_dec_softmax_10d/cluster_dec/cluster_00__koleksi_arkeologi/IMG_2356_7056.heic
/Users/mdaffaatstsaqif/Downloads/klaster asli/koleksi arkeologi/IMG_2357.heic,0,koleksi_arkeologi,0.26017966866493225,koleksi arkeologi,/Users/mdaffaatstsaqif/Downloads/klaster asli/hasil_dec_softmax_10d/cluster_dec/cluster_00__koleksi_arkeologi/IMG_2357_1542.heic
/Users/mdaffaatstsaqif/Downloads/klaster asli/koleksi arkeologi/IMG_2358.heic,0,koleksi_arkeologi,0.26017868518829346,koleksi arkeologi,/Users/mdaffaatstsaqif/Downloads/klaster asli/hasil_dec_softmax_10d/cluster_dec/cluster_00__koleksi_arkeologi/IMG_2358_5293.heic
/Users/mdaffaatstsaqif/Downloads/klaster asli/koleksi arkeologi/IMG_2359.heic,0,koleksi_arkeologi,0.2601793706417084,koleksi arkeologi,/Users/mdaffaatstsaqif/Downloads/klaster asli/hasil_dec_softmax_10d/cluster_dec/cluster_00__koleksi_arkeologi/IMG_2359_1191.heic
/Users/mdaffaatstsaqif/Downloads/klaster asli/koleksi arkeologi/IMG_2360.heic,0,koleksi_arkeologi,0.26017242670059204,koleksi arkeologi,/Users/mdaffaatstsaqif/Downloads/klaster asli/hasil_dec_softmax_10d/cluster_dec/cluster_00__koleksi_arkeologi/IMG_2360_6313.heic
/Users/mdaffaatstsaqif/Downloads/klaster asli/koleksi arkeologi/IMG_2361.heic,2,koleksi_etnografi,0.2416701316833496,koleksi arkeologi,/Users/mdaffaatstsaqif/Downloads/klaster asli/hasil_dec_softmax_10d/cluster_dec/cluster_02__koleksi_etnografi/IMG_2361_6938.heic
/Users/mdaffaatstsaqif/Downloads/klaster asli/koleksi arkeologi/IMG_2362.heic,0,koleksi_arkeologi,0.25975301861763,koleksi arkeologi,/Users/mdaffaatstsaqif/Downloads/klaster asli/hasil_dec_softmax_10d/cluster_dec/cluster_00__koleksi_arkeologi/IMG_2362_2681.heic
/Users/mdaffaatstsaqif/Downloads/klaster asli/koleksi arkeologi/IMG_2363.heic,0,koleksi_arkeologi,0.2601393461227417,koleksi arkeologi,/Users/mdaffaatstsaqif/Downloads/klaster asli/hasil_dec_softmax_10d/cluster_dec/cluster_00__koleksi_arkeologi/IMG_2363_9409.heic
/Users/mdaffaatstsaqif/Downloads/klaster asli/koleksi arkeologi/IMG_2364.heic,3,koleksi_geologi,0.2207421213388443,koleksi arkeologi,/Users/mdaffaatstsaqif/Downloads/klaster asli/hasil_dec_softmax_10d/cluster_dec/cluster_03__koleksi_geologi/IMG_2364_1540.heic
/Users/mdaffaatstsaqif/Downloads/klaster asli/koleksi arkeologi/IMG_2365.heic,0,koleksi_arkeologi,0.2547583281993866,koleksi arkeologi,/Users/mdaffaatstsaqif/Downloads/klaster asli/hasil_dec_softmax_10d/cluster_dec/cluster_00__koleksi_arkeologi/IMG_2365_6172.heic
/Users/mdaffaatstsaqif/Downloads/klaster asli/koleksi arkeologi/IMG_2366.heic,2,koleksi_etnografi,0.2587999105453491,koleksi arkeologi,/Users/mdaffaatstsaqif/Downloads/klaster asli/hasil_dec_softmax_10d/cluster_dec/cluster_02__koleksi_etnografi/IMG_2366_5541.heic
/Users/mdaffaatstsaqif/Downloads/klaster asli/koleksi arkeologi/IMG_2367.heic,0,koleksi_arkeologi,0.25971361994743347,koleksi arkeologi,/Users/mdaffaatstsaqif/Downloads/klaster asli/hasil_dec_softmax_10d/cluster_dec/cluster_00__koleksi_arkeologi/IMG_2367_9580.heic
/Users/mdaffaatstsaqif/Downloads/klaster asli/koleksi arkeologi/IMG_2370.heic,9,koleksi_teknologika,0.255479097366333,koleksi arkeologi,/Users/mdaffaatstsaqif/Downloads/klaster asli/hasil_dec_softmax_10d/cluster_dec/cluster_09__koleksi_teknologika/IMG_2370_1365.heic
/Users/mdaffaatstsaqif/Downloads/klaster asli/koleksi arkeologi/IMG_2371.heic,0,koleksi_arkeologi,0.2593342065811157,koleksi arkeologi,/Users/mdaffaatstsaqif/Downloads/klaster asli/hasil_dec_softmax_10d/cluster_dec/cluster_00__koleksi_arkeologi/IMG_2371_8691.heic
/Users/mdaffaatstsaqif/Downloads/klaster asli/koleksi arkeologi/IMG_2372.heic,0,koleksi_arkeologi,0.26003164052963257,koleksi arkeologi,/Users/mdaffaatstsaqif/Downloads/klaster asli/hasil_dec_softmax_10d/cluster_dec/cluster_00__koleksi_arkeologi/IMG_2372_9872.heic
/Users/mdaffaatstsaqif/Downloads/klaster asli/koleksi arkeologi/IMG_2374.heic,0,koleksi_arkeologi,0.20041969418525696,koleksi arkeologi,/Users/mdaffaatstsaqif/Downloads/klaster asli/hasil_dec_softmax_10d/cluster_dec/cluster_00__koleksi_arkeologi/IMG_2374_8702.heic
/Users/mdaffaatstsaqif/Downloads/klaster asli/koleksi arkeologi/IMG_2375.heic,0,koleksi_arkeologi,0.2557993233203888,koleksi arkeologi,/Users/mdaffaatstsaqif/Downloads/klaster asli/hasil_dec_softmax_10d/cluster_dec/cluster_00__koleksi_arkeologi/IMG_2375_7494.heic
/Users/mdaffaatstsaqif/Downloads/klaster asli/koleksi arkeologi/IMG_2376.heic,0,koleksi_arkeologi,0.2600385248661041,koleksi arkeologi,/Users/mdaffaatstsaqif/Downloads/klaster asli/hasil_dec_softmax_10d/cluster_dec/cluster_00__koleksi_arkeologi/IMG_2376_4312.heic
/Users/mdaffaatstsaqif/Downloads/klaster asli/koleksi geologi/IMG_2067.HEIC,3,koleksi_geologi,0.25806528329849243,koleksi geologi,/Users/mdaffaatstsaqif/Downloads/klaster asli/hasil_dec_softmax_10d/cluster_dec/cluster_03__koleksi_geologi/IMG_2067_1324.HEIC
/Users/mdaffaatstsaqif/Downloads/klaster asli/koleksi geologi/IMG_2068.HEIC,3,koleksi_geologi,0.2580653429031372,koleksi geologi,/Users/mdaffaatstsaqif/Downloads/klaster asli/hasil_dec_softmax_10d/cluster_dec/cluster_03__koleksi_geologi/IMG_2068_9347.HEIC
/Users/mdaffaatstsaqif/Downloads/klaster asli/koleksi geologi/IMG_2069.HEIC,3,koleksi_geologi,0.2580600082874298,koleksi geologi,/Users/mdaffaatstsaqif/Downloads/klaster asli/hasil_dec_softmax_10d/cluster_dec/cluster_03__koleksi_geologi/IMG_2069_3141.HEIC
/Users/mdaffaatstsaqif/Downloads/klaster asli/koleksi geologi/IMG_2070.HEIC,3,koleksi_geologi,0.24054503440856934,koleksi geologi,/Users/mdaffaatstsaqif/Downloads/klaster asli/hasil_dec_softmax_10d/cluster_dec/cluster_03__koleksi_geologi/IMG_2070_7419.HEIC
/Users/mdaffaatstsaqif/Downloads/klaster asli/koleksi geologi/IMG_2071.HEIC,3,koleksi_geologi,0.2580653131008148,koleksi geologi,/Users/mdaffaatstsaqif/Downloads/klaster asli/hasil_dec_softmax_10d/cluster_dec/cluster_03__koleksi_geologi/IMG_2071_3486.HEIC
/Users/mdaffaatstsaqif/Downloads/klaster asli/koleksi geologi/IMG_2072.HEIC,3,koleksi_geologi,0.2580653429031372,koleksi geologi,/Users/mdaffaatstsaqif/Downloads/klaster asli/hasil_dec_softmax_10d/cluster_dec/cluster_03__koleksi_geologi/IMG_2072_1810.HEIC
/Users/mdaffaatstsaqif/Downloads/klaster asli/koleksi geologi/IMG_2073.HEIC,3,koleksi_geologi,0.25806528329849243,koleksi geologi,/Users/mdaffaatstsaqif/Downloads/klaster asli/hasil_dec_softmax_10d/cluster_dec/cluster_03__koleksi_geologi/IMG_2073_6588.HEIC
/Users/mdaffaatstsaqif/Downloads/klaster asli/koleksi geologi/IMG_2074.HEIC,3,koleksi_geologi,0.2580653429031372,koleksi geologi,/Users/mdaffaatstsaqif/Downloads/klaster asli/hasil_dec_softmax_10d/cluster_dec/cluster_03__koleksi_geologi/IMG_2074_2923.HEIC
/Users/mdaffaatstsaqif/Downloads/klaster asli/koleksi geologi/IMG_2075.HEIC,3,koleksi_geologi,0.2580653131008148,koleksi geologi,/Users/mdaffaatstsaqif/Downloads/klaster asli/hasil_dec_softmax_10d/cluster_dec/cluster_03__koleksi_geologi/IMG_2075_5301.HEIC
/Users/mdaffaatstsaqif/Downloads/klaster asli/koleksi geologi/IMG_2076.HEIC,3,koleksi_geologi,0.2580653429031372,koleksi geologi,/Users/mdaffaatstsaqif/Downloads/klaster asli/hasil_dec_softmax_10d/cluster_dec/cluster_03__koleksi_geologi/IMG_2076_4186.HEIC
/Users/mdaffaatstsaqif/Downloads/klaster asli/koleksi geologi/IMG_2077.HEIC,3,koleksi_geologi,0.25806525349617004,koleksi geologi,/Users/mdaffaatstsaqif/Downloads/klaster asli/hasil_dec_softmax_10d/cluster_dec/cluster_03__koleksi_geologi/IMG_2077_8905.HEIC
/Users/mdaffaatstsaqif/Downloads/klaster asli/koleksi geologi/IMG_2078.HEIC,3,koleksi_geologi,0.2580653429031372,koleksi geologi,/Users/mdaffaatstsaqif/Downloads/klaster asli/hasil_dec_softmax_10d/cluster_dec/cluster_03__koleksi_geologi/IMG_2078_5977.HEIC
/Users/mdaffaatstsaqif/Downloads/klaster asli/koleksi geologi/IMG_2079.HEIC,3,koleksi_geologi,0.2580653429031372,koleksi geologi,/Users/mdaffaatstsaqif/Downloads/klaster asli/hasil_dec_softmax_10d/cluster_dec/cluster_03__koleksi_geologi/IMG_2079_4268.HEIC
/Users/mdaffaatstsaqif/Downloads/klaster asli/koleksi geologi/IMG_2080.HEIC,3,koleksi_geologi,0.2580653429031372,koleksi geologi,/Users/mdaffaatstsaqif/Downloads/klaster asli/hasil_dec_softmax_10d/cluster_dec/cluster_03__koleksi_geologi/IMG_2080_4748.HEIC
/Users/mdaffaatstsaqif/Downloads/klaster asli/koleksi geologi/IMG_2081.HEIC,3,koleksi_geologi,0.2580653429031372,koleksi geologi,/Users/mdaffaatstsaqif/Downloads/klaster asli/hasil_dec_softmax_10d/cluster_dec/cluster_03__koleksi_geologi/IMG_2081_4849.HEIC
/Users/mdaffaatstsaqif/Downloads/klaster asli/koleksi geologi/IMG_2082.HEIC,3,koleksi_geologi,0.25806519389152527,koleksi geologi,/Users/mdaffaatstsaqif/Downloads/klaster asli/hasil_dec_softmax_10d/cluster_dec/cluster_03__koleksi_geologi/IMG_2082_9435.HEIC
/Users/mdaffaatstsaqif/Downloads/klaster asli/koleksi geologi/IMG_2083.HEIC,3,koleksi_geologi,0.25806528329849243,koleksi geologi,/Users/mdaffaatstsaqif/Downloads/klaster asli/hasil_dec_softmax_10d/cluster_dec/cluster_03__koleksi_geologi/IMG_2083_3709.HEIC
/Users/mdaffaatstsaqif/Downloads/klaster asli/koleksi geologi/IMG_2084.HEIC,3,koleksi_geologi,0.25806450843811035,koleksi geologi,/Users/mdaffaatstsaqif/Downloads/klaster asli/hasil_dec_softmax_10d/cluster_dec/cluster_03__koleksi_geologi/IMG_2084_9273.HEIC
/Users/mdaffaatstsaqif/Downloads/klaster asli/koleksi geologi/IMG_2085.HEIC,3,koleksi_geologi,0.2580100893974304,koleksi geologi,/Users/mdaffaatstsaqif/Downloads/klaster asli/hasil_dec_softmax_10d/cluster_dec/cluster_03__koleksi_geologi/IMG_2085_6619.HEIC
/Users/mdaffaatstsaqif/Downloads/klaster asli/koleksi geologi/IMG_2086.HEIC,3,koleksi_geologi,0.2551739513874054,koleksi geologi,/Users/mdaffaatstsaqif/Downloads/klaster asli/hasil_dec_softmax_10d/cluster_dec/cluster_03__koleksi_geologi/IMG_2086_8647.HEIC
/Users/mdaffaatstsaqif/Downloads/klaster asli/koleksi geologi/IMG_2087.HEIC,3,koleksi_geologi,0.25806528329849243,koleksi geologi,/Users/mdaffaatstsaqif/Downloads/klaster asli/hasil_dec_softmax_10d/cluster_dec/cluster_03__koleksi_geologi/IMG_2087_9086.HEIC
