path,cluster,category,gt_folder,dest
/Users/mdaffaatstsaqif/Downloads/klaster asli/koleksi keramik/IMG_2476.HEIC,9,?,koleksi keramik,/Users/mdaffaatstsaqif/Downloads/klaster asli/hasil_finetuned/cluster_hdbscan/cluster_09__?/IMG_2476.HEIC
/Users/mdaffaatstsaqif/Downloads/klaster asli/koleksi keramik/IMG_2477.HEIC,9,?,koleksi keramik,/Users/mdaffaatstsaqif/Downloads/klaster asli/hasil_finetuned/cluster_hdbscan/cluster_09__?/IMG_2477.HEIC
/Users/mdaffaatstsaqif/Downloads/klaster asli/koleksi keramik/IMG_2478.HEIC,19,?,koleksi keramik,/Users/mdaffaatstsaqif/Downloads/klaster asli/hasil_finetuned/cluster_hdbscan/cluster_19__?/IMG_2478.HEIC
/Users/mdaffaatstsaqif/Downloads/klaster asli/koleksi keramik/IMG_2479.HEIC,19,?,koleksi keramik,/Users/mdaffaatstsaqif/Downloads/klaster asli/hasil_finetuned/cluster_hdbscan/cluster_19__?/IMG_2479.HEIC
/Users/mdaffaatstsaqif/Downloads/klaster asli/koleksi keramik/IMG_2480.HEIC,9,?,koleksi keramik,/Users/mdaffaatstsaqif/Downloads/klaster asli/hasil_finetuned/cluster_hdbscan/cluster_09__?/IMG_2480.HEIC
/Users/mdaffaatstsaqif/Downloads/klaster asli/koleksi keramik/IMG_2481.HEIC,9,?,koleksi keramik,/Users/mdaffaatstsaqif/Downloads/klaster asli/hasil_finetuned/cluster_hdbscan/cluster_09__?/IMG_2481.HEIC
/Users/mdaffaatstsaqif/Downloads/klaster asli/koleksi keramik/IMG_2482.HEIC,9,?,koleksi keramik,/Users/mdaffaatstsaqif/Downloads/klaster asli/hasil_finetuned/cluster_hdbscan/cluster_09__?/IMG_2482.HEIC
/Users/mdaffaatstsaqif/Downloads/klaster asli/koleksi keramik/IMG_2483.HEIC,9,?,koleksi keramik,/Users/mdaffaatstsaqif/Downloads/klaster asli/hasil_finetuned/cluster_hdbscan/cluster_09__?/IMG_2483.HEIC
/Users/mdaffaatstsaqif/Downloads/klaster asli/koleksi keramik/IMG_2484.HEIC,9,?,koleksi keramik,/Users/mdaffaatstsaqif/Downloads/klaster asli/hasil_finetuned/cluster_hdbscan/cluster_09__?/IMG_2484.HEIC
/Users/mdaffaatstsaqif/Downloads/klaster asli/koleksi keramik/IMG_2485.HEIC,9,?,koleksi keramik,/Users/mdaffaatstsaqif/Downloads/klaster asli/hasil_finetuned/cluster_hdbscan/cluster_09__?/IMG_2485.HEIC
/Users/mdaffaatstsaqif/Downloads/klaster asli/koleksi keramik/IMG_2486.HEIC,9,?,koleksi keramik,/Users/mdaffaatstsaqif/Downloads/klaster asli/hasil_finetuned/cluster_hdbscan/cluster_09__?/IMG_2486.HEIC
/Users/mdaffaatstsaqif/Downloads/klaster asli/koleksi keramik/IMG_2487.HEIC,9,?,koleksi keramik,/Users/mdaffaatstsaqif/Downloads/klaster asli/hasil_finetuned/cluster_hdbscan/cluster_09__?/IMG_2487.HEIC
/Users/mdaffaatstsaqif/Downloads/klaster asli/koleksi keramik/IMG_2488.HEIC,9,?,koleksi keramik,/Users/mdaffaatstsaqif/Downloads/klaster asli/hasil_finetuned/cluster_hdbscan/cluster_09__?/IMG_2488.HEIC
/Users/mdaffaatstsaqif/Downloads/klaster asli/koleksi keramik/IMG_2489.HEIC,9,?,koleksi keramik,/Users/mdaffaatstsaqif/Downloads/klaster asli/hasil_finetuned/cluster_hdbscan/cluster_09__?/IMG_2489.HEIC
/Users/mdaffaatstsaqif/Downloads/klaster asli/koleksi keramik/IMG_2490.HEIC,9,?,koleksi keramik,/Users/mdaffaatstsaqif/Downloads/klaster asli/hasil_finetuned/cluster_hdbscan/cluster_09__?/IMG_2490.HEIC
/Users/mdaffaatstsaqif/Downloads/klaster asli/koleksi keramik/IMG_2491.HEIC,9,?,koleksi keramik,/Users/mdaffaatstsaqif/Downloads/klaster asli/hasil_finetuned/cluster_hdbscan/cluster_09__?/IMG_2491.HEIC
/Users/mdaffaatstsaqif/Downloads/klaster asli/koleksi keramik/IMG_2492.HEIC,9,?,koleksi keramik,/Users/mdaffaatstsaqif/Downloads/klaster asli/hasil_finetuned/cluster_hdbscan/cluster_09__?/IMG_2492.HEIC
/Users/mdaffaatstsaqif/Downloads/klaster asli/koleksi keramik/IMG_2493.HEIC,9,?,koleksi keramik,/Users/mdaffaatstsaqif/Downloads/klaster asli/hasil_finetuned/cluster_hdbscan/cluster_09__?/IMG_2493.HEIC
/Users/mdaffaatstsaqif/Downloads/klaster asli/koleksi keramik/IMG_2494.HEIC,9,?,koleksi keramik,/Users/mdaffaatstsaqif/Downloads/klaster asli/hasil_finetuned/cluster_hdbscan/cluster_09__?/IMG_2494.HEIC
/Users/mdaffaatstsaqif/Downloads/klaster asli/koleksi keramik/IMG_2495.HEIC,9,?,koleksi keramik,/Users/mdaffaatstsaqif/Downloads/klaster asli/hasil_finetuned/cluster_hdbscan/cluster_09__?/IMG_2495.HEIC
/Users/mdaffaatstsaqif/Downloads/klaster asli/koleksi keramik/IMG_2496.HEIC,9,?,koleksi keramik,/Users/mdaffaatstsaqif/Downloads/klaster asli/hasil_finetuned/cluster_hdbscan/cluster_09__?/IMG_2496.HEIC
/Users/mdaffaatstsaqif/Downloads/klaster asli/koleksi keramik/IMG_2497.HEIC,9,?,koleksi keramik,/Users/mdaffaatstsaqif/Downloads/klaster asli/hasil_finetuned/cluster_hdbscan/cluster_09__?/IMG_2497.HEIC
/Users/mdaffaatstsaqif/Downloads/klaster asli/koleksi keramik/IMG_2498.HEIC,9,?,koleksi keramik,/Users/mdaffaatstsaqif/Downloads/klaster asli/hasil_finetuned/cluster_hdbscan/cluster_09__?/IMG_2498.HEIC
/Users/mdaffaatstsaqif/Downloads/klaster asli/koleksi keramik/IMG_2499.HEIC,9,?,koleksi keramik,/Users/mdaffaatstsaqif/Downloads/klaster asli/hasil_finetuned/cluster_hdbscan/cluster_09__?/IMG_2499.HEIC
/Users/mdaffaatstsaqif/Downloads/klaster asli/koleksi keramik/IMG_2500.HEIC,9,?,koleksi keramik,/Users/mdaffaatstsaqif/Downloads/klaster asli/hasil_finetuned/cluster_hdbscan/cluster_09__?/IMG_2500.HEIC
/Users/mdaffaatstsaqif/Downloads/klaster asli/koleksi keramik/IMG_2501.HEIC,9,?,koleksi keramik,/Users/mdaffaatstsaqif/Downloads/klaster asli/hasil_finetuned/cluster_hdbscan/cluster_09__?/IMG_2501.HEIC
/Users/mdaffaatstsaqif/Downloads/klaster asli/koleksi keramik/IMG_2502.HEIC,19,?,koleksi keramik,/Users/mdaffaatstsaqif/Downloads/klaster asli/hasil_finetuned/cluster_hdbscan/cluster_19__?/IMG_2502.HEIC
/Users/mdaffaatstsaqif/Downloads/klaster asli/koleksi keramik/IMG_2503.HEIC,19,?,koleksi keramik,/Users/mdaffaatstsaqif/Downloads/klaster asli/hasil_finetuned/cluster_hdbscan/cluster_19__?/IMG_2503.HEIC
/Users/mdaffaatstsaqif/Downloads/klaster asli/koleksi keramik/IMG_2504.HEIC,19,?,koleksi keramik,/Users/mdaffaatstsaqif/Downloads/klaster asli/hasil_finetuned/cluster_hdbscan/cluster_19__?/IMG_2504.HEIC
/Users/mdaffaatstsaqif/Downloads/klaster asli/koleksi keramik/IMG_2505.HEIC,19,?,koleksi keramik,/Users/mdaffaatstsaqif/Downloads/klaster asli/hasil_finetuned/cluster_hdbscan/cluster_19__?/IMG_2505.HEIC
/Users/mdaffaatstsaqif/Downloads/klaster asli/koleksi keramik/IMG_2506.HEIC,7,?,koleksi keramik,/Users/mdaffaatstsaqif/Downloads/klaster asli/hasil_finetuned/cluster_hdbscan/cluster_07__?/IMG_2506.HEIC
/Users/mdaffaatstsaqif/Downloads/klaster asli/koleksi keramik/IMG_2507.HEIC,7,?,koleksi keramik,/Users/mdaffaatstsaqif/Downloads/klaster asli/hasil_finetuned/cluster_hdbscan/cluster_07__?/IMG_2507.HEIC
/Users/mdaffaatstsaqif/Downloads/klaster asli/koleksi keramik/IMG_2508.HEIC,7,?,koleksi keramik,/Users/mdaffaatstsaqif/Downloads/klaster asli/hasil_finetuned/cluster_hdbscan/cluster_07__?/IMG_2508.HEIC
/Users/mdaffaatstsaqif/Downloads/klaster asli/koleksi keramik/IMG_2509.HEIC,7,?,koleksi keramik,/Users/mdaffaatstsaqif/Downloads/klaster asli/hasil_finetuned/cluster_hdbscan/cluster_07__?/IMG_2509.HEIC
/Users/mdaffaatstsaqif/Downloads/klaster asli/koleksi keramik/IMG_2510.HEIC,7,?,koleksi keramik,/Users/mdaffaatstsaqif/Downloads/klaster asli/hasil_finetuned/cluster_hdbscan/cluster_07__?/IMG_2510.HEIC
/Users/mdaffaatstsaqif/Downloads/klaster asli/koleksi keramik/IMG_2511.HEIC,20,?,koleksi keramik,/Users/mdaffaatstsaqif/Downloads/klaster asli/hasil_finetuned/cluster_hdbscan/cluster_20__?/IMG_2511.HEIC
/Users/mdaffaatstsaqif/Downloads/klaster asli/koleksi keramik/IMG_2512.HEIC,19,?,koleksi keramik,/Users/mdaffaatstsaqif/Downloads/klaster asli/hasil_finetuned/cluster_hdbscan/cluster_19__?/IMG_2512.HEIC
/Users/mdaffaatstsaqif/Downloads/klaster asli/koleksi keramik/IMG_2513.HEIC,7,?,koleksi keramik,/Users/mdaffaatstsaqif/Downloads/klaster asli/hasil_finetuned/cluster_hdbscan/cluster_07__?/IMG_2513.HEIC
/Users/mdaffaatstsaqif/Downloads/klaster asli/koleksi keramik/IMG_2514.HEIC,7,?,koleksi keramik,/Users/mdaffaatstsaqif/Downloads/klaster asli/hasil_finetuned/cluster_hdbscan/cluster_07__?/IMG_2514.HEIC
/Users/mdaffaatstsaqif/Downloads/klaster asli/koleksi keramik/IMG_2515.HEIC,7,?,koleksi keramik,/Users/mdaffaatstsaqif/Downloads/klaster asli/hasil_finetuned/cluster_hdbscan/cluster_07__?/IMG_2515.HEIC
/Users/mdaffaatstsaqif/Downloads/klaster asli/koleksi keramik/IMG_2516.HEIC,7,?,koleksi keramik,/Users/mdaffaatstsaqif/Downloads/klaster asli/hasil_finetuned/cluster_hdbscan/cluster_07__?/IMG_2516.HEIC
/Users/mdaffaatstsaqif/Downloads/klaster asli/koleksi keramik/IMG_2517.HEIC,7,?,koleksi keramik,/Users/mdaffaatstsaqif/Downloads/klaster asli/hasil_finetuned/cluster_hdbscan/cluster_07__?/IMG_2517.HEIC
/Users/mdaffaatstsaqif/Downloads/klaster asli/koleksi keramik/IMG_2518.HEIC,14,?,koleksi keramik,/Users/mdaffaatstsaqif/Downloads/klaster asli/hasil_finetuned/cluster_hdbscan/cluster_14__?/IMG_2518.HEIC
/Users/mdaffaatstsaqif/Downloads/klaster asli/koleksi keramik/IMG_2519.HEIC,13,?,koleksi keramik,/Users/mdaffaatstsaqif/Downloads/klaster asli/hasil_finetuned/cluster_hdbscan/cluster_13__?/IMG_2519.HEIC
/Users/mdaffaatstsaqif/Downloads/klaster asli/koleksi keramik/IMG_2520.HEIC,14,?,koleksi keramik,/Users/mdaffaatstsaqif/Downloads/klaster asli/hasil_finetuned/cluster_hdbscan/cluster_14__?/IMG_2520.HEIC
/Users/mdaffaatstsaqif/Downloads/klaster asli/koleksi keramik/IMG_2521.HEIC,13,?,koleksi keramik,/Users/mdaffaatstsaqif/Downloads/klaster asli/hasil_finetuned/cluster_hdbscan/cluster_13__?/IMG_2521.HEIC
/Users/mdaffaatstsaqif/Downloads/klaster asli/koleksi keramik/IMG_2522.HEIC,13,?,koleksi keramik,/Users/mdaffaatstsaqif/Downloads/klaster asli/hasil_finetuned/cluster_hdbscan/cluster_13__?/IMG_2522.HEIC
/Users/mdaffaatstsaqif/Downloads/klaster asli/koleksi keramik/IMG_2523.HEIC,13,?,koleksi keramik,/Users/mdaffaatstsaqif/Downloads/klaster asli/hasil_finetuned/cluster_hdbscan/cluster_13__?/IMG_2523.HEIC
/Users/mdaffaatstsaqif/Downloads/klaster asli/koleksi keramik/IMG_2524.HEIC,13,?,koleksi keramik,/Users/mdaffaatstsaqif/Downloads/klaster asli/hasil_finetuned/cluster_hdbscan/cluster_13__?/IMG_2524.HEIC
/Users/mdaffaatstsaqif/Downloads/klaster asli/koleksi keramik/IMG_2525.HEIC,13,?,koleksi keramik,/Users/mdaffaatstsaqif/Downloads/klaster asli/hasil_finetuned/cluster_hdbscan/cluster_13__?/IMG_2525.HEIC
/Users/mdaffaatstsaqif/Downloads/klaster asli/koleksi keramik/IMG_2526.HEIC,12,?,koleksi keramik,/Users/mdaffaatstsaqif/Downloads/klaster asli/hasil_finetuned/cluster_hdbscan/cluster_12__?/IMG_2526.HEIC
/Users/mdaffaatstsaqif/Downloads/klaster asli/koleksi keramik/IMG_2527.HEIC,12,?,koleksi keramik,/Users/mdaffaatstsaqif/Downloads/klaster asli/hasil_finetuned/cluster_hdbscan/cluster_12__?/IMG_2527.HEIC
/Users/mdaffaatstsaqif/Downloads/klaster asli/koleksi keramik/IMG_2528.HEIC,13,?,koleksi keramik,/Users/mdaffaatstsaqif/Downloads/klaster asli/hasil_finetuned/cluster_hdbscan/cluster_13__?/IMG_2528.HEIC
/Users/mdaffaatstsaqif/Downloads/klaster asli/koleksi keramik/IMG_2529.HEIC,13,?,koleksi keramik,/Users/mdaffaatstsaqif/Downloads/klaster asli/hasil_finetuned/cluster_hdbscan/cluster_13__?/IMG_2529.HEIC
/Users/mdaffaatstsaqif/Downloads/klaster asli/koleksi keramik/IMG_2530.HEIC,-1,noise,koleksi keramik,/Users/mdaffaatstsaqif/Downloads/klaster asli/hasil_finetuned/cluster_hdbscan/noise/IMG_2530_5588.HEIC
/Users/mdaffaatstsaqif/Downloads/klaster asli/koleksi keramik/IMG_2531.HEIC,13,?,koleksi keramik,/Users/mdaffaatstsaqif/Downloads/klaster asli/hasil_finetuned/cluster_hdbscan/cluster_13__?/IMG_2531.HEIC
/Users/mdaffaatstsaqif/Downloads/klaster asli/koleksi keramik/IMG_2532.HEIC,-1,noise,koleksi keramik,/Users/mdaffaatstsaqif/Downloads/klaster asli/hasil_finetuned/cluster_hdbscan/noise/IMG_2532_966.HEIC
/Users/mdaffaatstsaqif/Downloads/klaster asli/koleksi keramik/IMG_2533.HEIC,13,?,koleksi keramik,/Users/mdaffaatstsaqif/Downloads/klaster asli/hasil_finetuned/cluster_hdbscan/cluster_13__?/IMG_2533.HEIC
/Users/mdaffaatstsaqif/Downloads/klaster asli/koleksi keramik/IMG_2534.HEIC,-1,noise,koleksi keramik,/Users/mdaffaatstsaqif/Downloads/klaster asli/hasil_finetuned/cluster_hdbscan/noise/IMG_2534_4944.HEIC
/Users/mdaffaatstsaqif/Downloads/klaster asli/koleksi keramik/IMG_2535.HEIC,-1,noise,koleksi keramik,/Users/mdaffaatstsaqif/Downloads/klaster asli/hasil_finetuned/cluster_hdbscan/noise/IMG_2535_3432.HEIC
/Users/mdaffaatstsaqif/Downloads/klaster asli/koleksi keramik/IMG_2536.HEIC,-1,noise,koleksi keramik,/Users/mdaffaatstsaqif/Downloads/klaster asli/hasil_finetuned/cluster_hdbscan/noise/IMG_2536_688.HEIC
/Users/mdaffaatstsaqif/Downloads/klaster asli/koleksi keramik/IMG_2537.HEIC,13,?,koleksi keramik,/Users/mdaffaatstsaqif/Downloads/klaster asli/hasil_finetuned/cluster_hdbscan/cluster_13__?/IMG_2537.HEIC
/Users/mdaffaatstsaqif/Downloads/klaster asli/koleksi keramik/IMG_2538.HEIC,19,?,koleksi keramik,/Users/mdaffaatstsaqif/Downloads/klaster asli/hasil_finetuned/cluster_hdbscan/cluster_19__?/IMG_2538.HEIC
/Users/mdaffaatstsaqif/Downloads/klaster asli/koleksi keramik/IMG_2539.HEIC,19,?,koleksi keramik,/Users/mdaffaatstsaqif/Downloads/klaster asli/hasil_finetuned/cluster_hdbscan/cluster_19__?/IMG_2539.HEIC
/Users/mdaffaatstsaqif/Downloads/klaster asli/koleksi keramik/IMG_2540.HEIC,19,?,koleksi keramik,/Users/mdaffaatstsaqif/Downloads/klaster asli/hasil_finetuned/cluster_hdbscan/cluster_19__?/IMG_2540.HEIC
/Users/mdaffaatstsaqif/Downloads/klaster asli/koleksi keramik/IMG_2541.HEIC,19,?,koleksi keramik,/Users/mdaffaatstsaqif/Downloads/klaster asli/hasil_finetuned/cluster_hdbscan/cluster_19__?/IMG_2541.HEIC
/Users/mdaffaatstsaqif/Downloads/klaster asli/koleksi keramik/IMG_2542.HEIC,19,?,koleksi keramik,/Users/mdaffaatstsaqif/Downloads/klaster asli/hasil_finetuned/cluster_hdbscan/cluster_19__?/IMG_2542.HEIC
/Users/mdaffaatstsaqif/Downloads/klaster asli/koleksi keramik/IMG_2543.HEIC,19,?,koleksi keramik,/Users/mdaffaatstsaqif/Downloads/klaster asli/hasil_finetuned/cluster_hdbscan/cluster_19__?/IMG_2543.HEIC
/Users/mdaffaatstsaqif/Downloads/klaster asli/koleksi keramik/IMG_2544.HEIC,19,?,koleksi keramik,/Users/mdaffaatstsaqif/Downloads/klaster asli/hasil_finetuned/cluster_hdbscan/cluster_19__?/IMG_2544.HEIC
/Users/mdaffaatstsaqif/Downloads/klaster asli/koleksi keramik/IMG_2545.HEIC,19,?,koleksi keramik,/Users/mdaffaatstsaqif/Downloads/klaster asli/hasil_finetuned/cluster_hdbscan/cluster_19__?/IMG_2545.HEIC
/Users/mdaffaatstsaqif/Downloads/klaster asli/koleksi keramik/IMG_2546.HEIC,20,?,koleksi keramik,/Users/mdaffaatstsaqif/Downloads/klaster asli/hasil_finetuned/cluster_hdbscan/cluster_20__?/IMG_2546.HEIC
/Users/mdaffaatstsaqif/Downloads/klaster asli/koleksi keramik/IMG_2547.HEIC,20,?,koleksi keramik,/Users/mdaffaatstsaqif/Downloads/klaster asli/hasil_finetuned/cluster_hdbscan/cluster_20__?/IMG_2547.HEIC
/Users/mdaffaatstsaqif/Downloads/klaster asli/koleksi keramik/IMG_2548.HEIC,19,?,koleksi keramik,/Users/mdaffaatstsaqif/Downloads/klaster asli/hasil_finetuned/cluster_hdbscan/cluster_19__?/IMG_2548.HEIC
/Users/mdaffaatstsaqif/Downloads/klaster asli/koleksi keramik/IMG_2549.HEIC,20,?,koleksi keramik,/Users/mdaffaatstsaqif/Downloads/klaster asli/hasil_finetuned/cluster_hdbscan/cluster_20__?/IMG_2549.HEIC
/Users/mdaffaatstsaqif/Downloads/klaster asli/koleksi keramik/IMG_2550.HEIC,20,?,koleksi keramik,/Users/mdaffaatstsaqif/Downloads/klaster asli/hasil_finetuned/cluster_hdbscan/cluster_20__?/IMG_2550.HEIC
/Users/mdaffaatstsaqif/Downloads/klaster asli/koleksi keramik/IMG_2551.HEIC,20,?,koleksi keramik,/Users/mdaffaatstsaqif/Downloads/klaster asli/hasil_finetuned/cluster_hdbscan/cluster_20__?/IMG_2551.HEIC
/Users/mdaffaatstsaqif/Downloads/klaster asli/koleksi keramik/IMG_2552.HEIC,20,?,koleksi keramik,/Users/mdaffaatstsaqif/Downloads/klaster asli/hasil_finetuned/cluster_hdbscan/cluster_20__?/IMG_2552.HEIC
/Users/mdaffaatstsaqif/Downloads/klaster asli/koleksi keramik/IMG_2553.HEIC,9,?,koleksi keramik,/Users/mdaffaatstsaqif/Downloads/klaster asli/hasil_finetuned/cluster_hdbscan/cluster_09__?/IMG_2553.HEIC
/Users/mdaffaatstsaqif/Downloads/klaster asli/koleksi keramik/IMG_2554.HEIC,9,?,koleksi keramik,/Users/mdaffaatstsaqif/Downloads/klaster asli/hasil_finetuned/cluster_hdbscan/cluster_09__?/IMG_2554.HEIC
/Users/mdaffaatstsaqif/Downloads/klaster asli/koleksi keramik/IMG_2555.HEIC,20,?,koleksi keramik,/Users/mdaffaatstsaqif/Downloads/klaster asli/hasil_finetuned/cluster_hdbscan/cluster_20__?/IMG_2555.HEIC
/Users/mdaffaatstsaqif/Downloads/klaster asli/koleksi keramik/IMG_2556.HEIC,20,?,koleksi keramik,/Users/mdaffaatstsaqif/Downloads/klaster asli/hasil_finetuned/cluster_hdbscan/cluster_20__?/IMG_2556.HEIC
/Users/mdaffaatstsaqif/Downloads/klaster asli/koleksi keramik/IMG_2557.HEIC,19,?,koleksi keramik,/Users/mdaffaatstsaqif/Downloads/klaster asli/hasil_finetuned/cluster_hdbscan/cluster_19__?/IMG_2557.HEIC
/Users/mdaffaatstsaqif/Downloads/klaster asli/koleksi keramik/IMG_2558.HEIC,19,?,koleksi keramik,/Users/mdaffaatstsaqif/Downloads/klaster asli/hasil_finetuned/cluster_hdbscan/cluster_19__?/IMG_2558.HEIC
/Users/mdaffaatstsaqif/Downloads/klaster asli/koleksi keramik/IMG_2559.HEIC,7,?,koleksi keramik,/Users/mdaffaatstsaqif/Downloads/klaster asli/hasil_finetuned/cluster_hdbscan/cluster_07__?/IMG_2559.HEIC
/Users/mdaffaatstsaqif/Downloads/klaster asli/koleksi keramik/IMG_2560.HEIC,15,?,koleksi keramik,/Users/mdaffaatstsaqif/Downloads/klaster asli/hasil_finetuned/cluster_hdbscan/cluster_15__?/IMG_2560.HEIC
/Users/mdaffaatstsaqif/Downloads/klaster asli/koleksi keramik/IMG_2561.HEIC,15,?,koleksi keramik,/Users/mdaffaatstsaqif/Downloads/klaster asli/hasil_finetuned/cluster_hdbscan/cluster_15__?/IMG_2561.HEIC
/Users/mdaffaatstsaqif/Downloads/klaster asli/koleksi keramik/IMG_2562.HEIC,15,?,koleksi keramik,/Users/mdaffaatstsaqif/Downloads/klaster asli/hasil_finetuned/cluster_hdbscan/cluster_15__?/IMG_2562.HEIC
/Users/mdaffaatstsaqif/Downloads/klaster asli/koleksi keramik/IMG_2563.HEIC,12,?,koleksi keramik,/Users/mdaffaatstsaqif/Downloads/klaster asli/hasil_finetuned/cluster_hdbscan/cluster_12__?/IMG_2563.HEIC
/Users/mdaffaatstsaqif/Downloads/klaster asli/koleksi keramik/IMG_2564.HEIC,12,?,koleksi keramik,/Users/mdaffaatstsaqif/Downloads/klaster asli/hasil_finetuned/cluster_hdbscan/cluster_12__?/IMG_2564.HEIC
/Users/mdaffaatstsaqif/Downloads/klaster asli/koleksi keramik/IMG_2565.HEIC,12,?,koleksi keramik,/Users/mdaffaatstsaqif/Downloads/klaster asli/hasil_finetuned/cluster_hdbscan/cluster_12__?/IMG_2565.HEIC
/Users/mdaffaatstsaqif/Downloads/klaster asli/koleksi keramik/IMG_2566.HEIC,7,?,koleksi keramik,/Users/mdaffaatstsaqif/Downloads/klaster asli/hasil_finetuned/cluster_hdbscan/cluster_07__?/IMG_2566.HEIC
/Users/mdaffaatstsaqif/Downloads/klaster asli/koleksi keramik/IMG_2567.HEIC,7,?,koleksi keramik,/Users/mdaffaatstsaqif/Downloads/klaster asli/hasil_finetuned/cluster_hdbscan/cluster_07__?/IMG_2567.HEIC
/Users/mdaffaatstsaqif/Downloads/klaster asli/koleksi keramik/IMG_2568.HEIC,7,?,koleksi keramik,/Users/mdaffaatstsaqif/Downloads/klaster asli/hasil_finetuned/cluster_hdbscan/cluster_07__?/IMG_2568.HEIC
/Users/mdaffaatstsaqif/Downloads/klaster asli/koleksi keramik/IMG_2569.HEIC,14,?,koleksi keramik,/Users/mdaffaatstsaqif/Downloads/klaster asli/hasil_finetuned/cluster_hdbscan/cluster_14__?/IMG_2569.HEIC
/Users/mdaffaatstsaqif/Downloads/klaster asli/koleksi keramik/IMG_2570.HEIC,14,?,koleksi keramik,/Users/mdaffaatstsaqif/Downloads/klaster asli/hasil_finetuned/cluster_hdbscan/cluster_14__?/IMG_2570.HEIC
/Users/mdaffaatstsaqif/Downloads/klaster asli/koleksi keramik/IMG_2571.HEIC,7,?,koleksi keramik,/Users/mdaffaatstsaqif/Downloads/klaster asli/hasil_finetuned/cluster_hdbscan/cluster_07__?/IMG_2571.HEIC
/Users/mdaffaatstsaqif/Downloads/klaster asli/koleksi keramik/IMG_2572.HEIC,7,?,koleksi keramik,/Users/mdaffaatstsaqif/Downloads/klaster asli/hasil_finetuned/cluster_hdbscan/cluster_07__?/IMG_2572.HEIC
/Users/mdaffaatstsaqif/Downloads/klaster asli/koleksi keramik/IMG_2573.HEIC,7,?,koleksi keramik,/Users/mdaffaatstsaqif/Downloads/klaster asli/hasil_finetuned/cluster_hdbscan/cluster_07__?/IMG_2573.HEIC
/Users/mdaffaatstsaqif/Downloads/klaster asli/koleksi keramik/IMG_2574.HEIC,7,?,koleksi keramik,/Users/mdaffaatstsaqif/Downloads/klaster asli/hasil_finetuned/cluster_hdbscan/cluster_07__?/IMG_2574.HEIC
/Users/mdaffaatstsaqif/Downloads/klaster asli/koleksi keramik/IMG_2575.HEIC,7,?,koleksi keramik,/Users/mdaffaatstsaqif/Downloads/klaster asli/hasil_finetuned/cluster_hdbscan/cluster_07__?/IMG_2575.HEIC
/Users/mdaffaatstsaqif/Downloads/klaster asli/koleksi keramik/IMG_2576.HEIC,14,?,koleksi keramik,/Users/mdaffaatstsaqif/Downloads/klaster asli/hasil_finetuned/cluster_hdbscan/cluster_14__?/IMG_2576.HEIC
/Users/mdaffaatstsaqif/Downloads/klaster asli/koleksi keramik/IMG_2577.HEIC,14,?,koleksi keramik,/Users/mdaffaatstsaqif/Downloads/klaster asli/hasil_finetuned/cluster_hdbscan/cluster_14__?/IMG_2577.HEIC
/Users/mdaffaatstsaqif/Downloads/klaster asli/koleksi keramik/IMG_2578.HEIC,14,?,koleksi keramik,/Users/mdaffaatstsaqif/Downloads/klaster asli/hasil_finetuned/cluster_hdbscan/cluster_14__?/IMG_2578.HEIC
/Users/mdaffaatstsaqif/Downloads/klaster asli/koleksi keramik/IMG_2579.HEIC,13,?,koleksi keramik,/Users/mdaffaatstsaqif/Downloads/klaster asli/hasil_finetuned/cluster_hdbscan/cluster_13__?/IMG_2579.HEIC
/Users/mdaffaatstsaqif/Downloads/klaster asli/koleksi keramik/IMG_2580.HEIC,14,?,koleksi keramik,/Users/mdaffaatstsaqif/Downloads/klaster asli/hasil_finetuned/cluster_hdbscan/cluster_14__?/IMG_2580.HEIC
/Users/mdaffaatstsaqif/Downloads/klaster asli/koleksi keramik/IMG_2581.HEIC,14,?,koleksi keramik,/Users/mdaffaatstsaqif/Downloads/klaster asli/hasil_finetuned/cluster_hdbscan/cluster_14__?/IMG_2581.HEIC
/Users/mdaffaatstsaqif/Downloads/klaster asli/koleksi keramik/IMG_2582.HEIC,12,?,koleksi keramik,/Users/mdaffaatstsaqif/Downloads/klaster asli/hasil_finetuned/cluster_hdbscan/cluster_12__?/IMG_2582.HEIC
/Users/mdaffaatstsaqif/Downloads/klaster asli/koleksi keramik/IMG_2583.HEIC,12,?,koleksi keramik,/Users/mdaffaatstsaqif/Downloads/klaster asli/hasil_finetuned/cluster_hdbscan/cluster_12__?/IMG_2583.HEIC
/Users/mdaffaatstsaqif/Downloads/klaster asli/koleksi keramik/IMG_2584.HEIC,12,?,koleksi keramik,/Users/mdaffaatstsaqif/Downloads/klaster asli/hasil_finetuned/cluster_hdbscan/cluster_12__?/IMG_2584.HEIC
/Users/mdaffaatstsaqif/Downloads/klaster asli/koleksi keramik/IMG_2585.HEIC,12,?,koleksi keramik,/Users/mdaffaatstsaqif/Downloads/klaster asli/hasil_finetuned/cluster_hdbscan/cluster_12__?/IMG_2585.HEIC
/Users/mdaffaatstsaqif/Downloads/klaster asli/koleksi keramik/IMG_2586.HEIC,12,?,koleksi keramik,/Users/mdaffaatstsaqif/Downloads/klaster asli/hasil_finetuned/cluster_hdbscan/cluster_12__?/IMG_2586.HEIC
/Users/mdaffaatstsaqif/Downloads/klaster asli/koleksi keramik/IMG_2587.HEIC,12,?,koleksi keramik,/Users/mdaffaatstsaqif/Downloads/klaster asli/hasil_finetuned/cluster_hdbscan/cluster_12__?/IMG_2587.HEIC
/Users/mdaffaatstsaqif/Downloads/klaster asli/koleksi senjata/IMG_2139.HEIC,0,?,koleksi senjata,/Users/mdaffaatstsaqif/Downloads/klaster asli/hasil_finetuned/cluster_hdbscan/cluster_00__?/IMG_2139_4243.HEIC
/Users/mdaffaatstsaqif/Downloads/klaster asli/koleksi senjata/IMG_2140.HEIC,0,?,koleksi senjata,/Users/mdaffaatstsaqif/Downloads/klaster asli/hasil_finetuned/cluster_hdbscan/cluster_00__?/IMG_2140_3701.HEIC
/Users/mdaffaatstsaqif/Downloads/klaster asli/koleksi senjata/IMG_2141.HEIC,0,?,koleksi senjata,/Users/mdaffaatstsaqif/Downloads/klaster asli/hasil_finetuned/cluster_hdbscan/cluster_00__?/IMG_2141_8533.HEIC
/Users/mdaffaatstsaqif/Downloads/klaster asli/koleksi senjata/IMG_2142.HEIC,0,?,koleksi senjata,/Users/mdaffaatstsaqif/Downloads/klaster asli/hasil_finetuned/cluster_hdbscan/cluster_00__?/IMG_2142_5182.HEIC
/Users/mdaffaatstsaqif/Downloads/klaster asli/koleksi senjata/IMG_2143.HEIC,0,?,koleksi senjata,/Users/mdaffaatstsaqif/Downloads/klaster asli/hasil_finetuned/cluster_hdbscan/cluster_00__?/IMG_2143_9916.HEIC
/Users/mdaffaatstsaqif/Downloads/klaster asli/koleksi senjata/IMG_2144.HEIC,0,?,koleksi senjata,/Users/mdaffaatstsaqif/Downloads/klaster asli/hasil_finetuned/cluster_hdbscan/cluster_00__?/IMG_2144_6704.HEIC
/Users/mdaffaatstsaqif/Downloads/klaster asli/koleksi senjata/IMG_2145.HEIC,0,?,koleksi senjata,/Users/mdaffaatstsaqif/Downloads/klaster asli/hasil_finetuned/cluster_hdbscan/cluster_00__?/IMG_2145_4422.HEIC
/Users/mdaffaatstsaqif/Downloads/klaster asli/koleksi senjata/IMG_2146.HEIC,0,?,koleksi senjata,/Users/mdaffaatstsaqif/Downloads/klaster asli/hasil_finetuned/cluster_hdbscan/cluster_00__?/IMG_2146_9984.HEIC
/Users/mdaffaatstsaqif/Downloads/klaster asli/koleksi senjata/IMG_2147.HEIC,0,?,koleksi senjata,/Users/mdaffaatstsaqif/Downloads/klaster asli/hasil_finetuned/cluster_hdbscan/cluster_00__?/IMG_2147_1759.HEIC
/Users/mdaffaatstsaqif/Downloads/klaster asli/koleksi senjata/IMG_2148.HEIC,0,?,koleksi senjata,/Users/mdaffaatstsaqif/Downloads/klaster asli/hasil_finetuned/cluster_hdbscan/cluster_00__?/IMG_2148_9181.HEIC
/Users/mdaffaatstsaqif/Downloads/klaster asli/koleksi senjata/IMG_2149.HEIC,0,?,koleksi senjata,/Users/mdaffaatstsaqif/Downloads/klaster asli/hasil_finetuned/cluster_hdbscan/cluster_00__?/IMG_2149_2482.HEIC
/Users/mdaffaatstsaqif/Downloads/klaster asli/koleksi senjata/IMG_2150.HEIC,0,?,koleksi senjata,/Users/mdaffaatstsaqif/Downloads/klaster asli/hasil_finetuned/cluster_hdbscan/cluster_00__?/IMG_2150_8058.HEIC
/Users/mdaffaatstsaqif/Downloads/klaster asli/koleksi naskah kuno/IMG_2427.HEIC,10,?,koleksi naskah kuno,/Users/mdaffaatstsaqif/Downloads/klaster asli/hasil_finetuned/cluster_hdbscan/cluster_10__?/IMG_2427.HEIC
/Users/mdaffaatstsaqif/Downloads/klaster asli/koleksi naskah kuno/IMG_2428.HEIC,10,?,koleksi naskah kuno,/Users/mdaffaatstsaqif/Downloads/klaster asli/hasil_finetuned/cluster_hdbscan/cluster_10__?/IMG_2428.HEIC
/Users/mdaffaatstsaqif/Downloads/klaster asli/koleksi naskah kuno/IMG_2429.HEIC,10,?,koleksi naskah kuno,/Users/mdaffaatstsaqif/Downloads/klaster asli/hasil_finetuned/cluster_hdbscan/cluster_10__?/IMG_2429.HEIC
/Users/mdaffaatstsaqif/Downloads/klaster asli/koleksi naskah kuno/IMG_2430.HEIC,10,?,koleksi naskah kuno,/Users/mdaffaatstsaqif/Downloads/klaster asli/hasil_finetuned/cluster_hdbscan/cluster_10__?/IMG_2430.HEIC
/Users/mdaffaatstsaqif/Downloads/klaster asli/koleksi naskah kuno/IMG_2431.HEIC,10,?,koleksi naskah kuno,/Users/mdaffaatstsaqif/Downloads/klaster asli/hasil_finetuned/cluster_hdbscan/cluster_10__?/IMG_2431.HEIC
/Users/mdaffaatstsaqif/Downloads/klaster asli/koleksi naskah kuno/IMG_2432.HEIC,10,?,koleksi naskah kuno,/Users/mdaffaatstsaqif/Downloads/klaster asli/hasil_finetuned/cluster_hdbscan/cluster_10__?/IMG_2432.HEIC
/Users/mdaffaatstsaqif/Downloads/klaster asli/koleksi naskah kuno/IMG_2433.HEIC,10,?,koleksi naskah kuno,/Users/mdaffaatstsaqif/Downloads/klaster asli/hasil_finetuned/cluster_hdbscan/cluster_10__?/IMG_2433.HEIC
/Users/mdaffaatstsaqif/Downloads/klaster asli/koleksi naskah kuno/IMG_2434.HEIC,10,?,koleksi naskah kuno,/Users/mdaffaatstsaqif/Downloads/klaster asli/hasil_finetuned/cluster_hdbscan/cluster_10__?/IMG_2434.HEIC
/Users/mdaffaatstsaqif/Downloads/klaster asli/koleksi naskah kuno/IMG_2435.HEIC,10,?,koleksi naskah kuno,/Users/mdaffaatstsaqif/Downloads/klaster asli/hasil_finetuned/cluster_hdbscan/cluster_10__?/IMG_2435.HEIC
/Users/mdaffaatstsaqif/Downloads/klaster asli/koleksi naskah kuno/IMG_2436.HEIC,10,?,koleksi naskah kuno,/Users/mdaffaatstsaqif/Downloads/klaster asli/hasil_finetuned/cluster_hdbscan/cluster_10__?/IMG_2436.HEIC
/Users/mdaffaatstsaqif/Downloads/klaster asli/koleksi naskah kuno/IMG_2437.HEIC,10,?,koleksi naskah kuno,/Users/mdaffaatstsaqif/Downloads/klaster asli/hasil_finetuned/cluster_hdbscan/cluster_10__?/IMG_2437.HEIC
/Users/mdaffaatstsaqif/Downloads/klaster asli/koleksi naskah kuno/IMG_2438.HEIC,11,?,koleksi naskah kuno,/Users/mdaffaatstsaqif/Downloads/klaster asli/hasil_finetuned/cluster_hdbscan/cluster_11__?/IMG_2438.HEIC
/Users/mdaffaatstsaqif/Downloads/klaster asli/koleksi naskah kuno/IMG_2439.HEIC,11,?,koleksi naskah kuno,/Users/mdaffaatstsaqif/Downloads/klaster asli/hasil_finetuned/cluster_hdbscan/cluster_11__?/IMG_2439.HEIC
/Users/mdaffaatstsaqif/Downloads/klaster asli/koleksi naskah kuno/IMG_2440.HEIC,11,?,koleksi naskah kuno,/Users/mdaffaatstsaqif/Downloads/klaster asli/hasil_finetuned/cluster_hdbscan/cluster_11__?/IMG_2440.HEIC
/Users/mdaffaatstsaqif/Downloads/klaster asli/koleksi naskah kuno/IMG_2441.HEIC,11,?,koleksi naskah kuno,/Users/mdaffaatstsaqif/Downloads/klaster asli/hasil_finetuned/cluster_hdbscan/cluster_11__?/IMG_2441.HEIC
/Users/mdaffaatstsaqif/Downloads/klaster asli/koleksi naskah kuno/IMG_2442.HEIC,5,?,koleksi naskah kuno,/Users/mdaffaatstsaqif/Downloads/klaster asli/hasil_finetuned/cluster_hdbscan/cluster_05__?/IMG_2442_951.HEIC
/Users/mdaffaatstsaqif/Downloads/klaster asli/koleksi naskah kuno/IMG_2443.HEIC,5,?,koleksi naskah kuno,/Users/mdaffaatstsaqif/Downloads/klaster asli/hasil_finetuned/cluster_hdbscan/cluster_05__?/IMG_2443_8914.HEIC
/Users/mdaffaatstsaqif/Downloads/klaster asli/koleksi naskah kuno/IMG_2444.HEIC,5,?,koleksi naskah kuno,/Users/mdaffaatstsaqif/Downloads/klaster asli/hasil_finetuned/cluster_hdbscan/cluster_05__?/IMG_2444_2079.HEIC
/Users/mdaffaatstsaqif/Downloads/klaster asli/koleksi naskah kuno/IMG_2445.HEIC,5,?,koleksi naskah kuno,/Users/mdaffaatstsaqif/Downloads/klaster asli/hasil_finetuned/cluster_hdbscan/cluster_05__?/IMG_2445_2717.HEIC
/Users/mdaffaatstsaqif/Downloads/klaster asli/koleksi naskah kuno/IMG_2446.HEIC,5,?,koleksi naskah kuno,/Users/mdaffaatstsaqif/Downloads/klaster asli/hasil_finetuned/cluster_hdbscan/cluster_05__?/IMG_2446_4524.HEIC
/Users/mdaffaatstsaqif/Downloads/klaster asli/koleksi naskah kuno/IMG_2447.HEIC,10,?,koleksi naskah kuno,/Users/mdaffaatstsaqif/Downloads/klaster asli/hasil_finetuned/cluster_hdbscan/cluster_10__?/IMG_2447.HEIC
/Users/mdaffaatstsaqif/Downloads/klaster asli/koleksi naskah kuno/IMG_2448.HEIC,10,?,koleksi naskah kuno,/Users/mdaffaatstsaqif/Downloads/klaster asli/hasil_finetuned/cluster_hdbscan/cluster_10__?/IMG_2448.HEIC
/Users/mdaffaatstsaqif/Downloads/klaster asli/koleksi naskah kuno/IMG_2449.HEIC,10,?,koleksi naskah kuno,/Users/mdaffaatstsaqif/Downloads/klaster asli/hasil_finetuned/cluster_hdbscan/cluster_10__?/IMG_2449.HEIC
/Users/mdaffaatstsaqif/Downloads/klaster asli/koleksi naskah kuno/IMG_2450.HEIC,10,?,koleksi naskah kuno,/Users/mdaffaatstsaqif/Downloads/klaster asli/hasil_finetuned/cluster_hdbscan/cluster_10__?/IMG_2450.HEIC
/Users/mdaffaatstsaqif/Downloads/klaster asli/koleksi naskah kuno/IMG_2451.HEIC,10,?,koleksi naskah kuno,/Users/mdaffaatstsaqif/Downloads/klaster asli/hasil_finetuned/cluster_hdbscan/cluster_10__?/IMG_2451.HEIC
/Users/mdaffaatstsaqif/Downloads/klaster asli/koleksi naskah kuno/IMG_2452.HEIC,10,?,koleksi naskah kuno,/Users/mdaffaatstsaqif/Downloads/klaster asli/hasil_finetuned/cluster_hdbscan/cluster_10__?/IMG_2452.HEIC
/Users/mdaffaatstsaqif/Downloads/klaster asli/koleksi naskah kuno/IMG_2453.HEIC,10,?,koleksi naskah kuno,/Users/mdaffaatstsaqif/Downloads/klaster asli/hasil_finetuned/cluster_hdbscan/cluster_10__?/IMG_2453.HEIC
/Users/mdaffaatstsaqif/Downloads/klaster asli/koleksi naskah kuno/IMG_2454.HEIC,10,?,koleksi naskah kuno,/Users/mdaffaatstsaqif/Downloads/klaster asli/hasil_finetuned/cluster_hdbscan/cluster_10__?/IMG_2454.HEIC
/Users/mdaffaatstsaqif/Downloads/klaster asli/koleksi naskah kuno/IMG_2455.HEIC,26,?,koleksi naskah kuno,/Users/mdaffaatstsaqif/Downloads/klaster asli/hasil_finetuned/cluster_hdbscan/cluster_26__?/IMG_2455.HEIC
/Users/mdaffaatstsaqif/Downloads/klaster asli/koleksi naskah kuno/IMG_2456.HEIC,5,?,koleksi naskah kuno,/Users/mdaffaatstsaqif/Downloads/klaster asli/hasil_finetuned/cluster_hdbscan/cluster_05__?/IMG_2456_9692.HEIC
/Users/mdaffaatstsaqif/Downloads/klaster asli/koleksi naskah kuno/IMG_2457.HEIC,5,?,koleksi naskah kuno,/Users/mdaffaatstsaqif/Downloads/klaster asli/hasil_finetuned/cluster_hdbscan/cluster_05__?/IMG_2457_8477.HEIC
/Users/mdaffaatstsaqif/Downloads/klaster asli/koleksi naskah kuno/IMG_2460.HEIC,5,?,koleksi naskah kuno,/Users/mdaffaatstsaqif/Downloads/klaster asli/hasil_finetuned/cluster_hdbscan/cluster_05__?/IMG_2460_7311.HEIC
/Users/mdaffaatstsaqif/Downloads/klaster asli/koleksi naskah kuno/IMG_2461.HEIC,5,?,koleksi naskah kuno,/Users/mdaffaatstsaqif/Downloads/klaster asli/hasil_finetuned/cluster_hdbscan/cluster_05__?/IMG_2461_7186.HEIC
/Users/mdaffaatstsaqif/Downloads/klaster asli/koleksi naskah kuno/IMG_2462.HEIC,1,?,koleksi naskah kuno,/Users/mdaffaatstsaqif/Downloads/klaster asli/hasil_finetuned/cluster_hdbscan/cluster_01__?/IMG_2462_2065.HEIC
/Users/mdaffaatstsaqif/Downloads/klaster asli/koleksi naskah kuno/IMG_2463.HEIC,1,?,koleksi naskah kuno,/Users/mdaffaatstsaqif/Downloads/klaster asli/hasil_finetuned/cluster_hdbscan/cluster_01__?/IMG_2463_768.HEIC
/Users/mdaffaatstsaqif/Downloads/klaster asli/koleksi naskah kuno/IMG_2464.HEIC,1,?,koleksi naskah kuno,/Users/mdaffaatstsaqif/Downloads/klaster asli/hasil_finetuned/cluster_hdbscan/cluster_01__?/IMG_2464_5490.HEIC
/Users/mdaffaatstsaqif/Downloads/klaster asli/koleksi naskah kuno/IMG_2465.HEIC,1,?,koleksi naskah kuno,/Users/mdaffaatstsaqif/Downloads/klaster asli/hasil_finetuned/cluster_hdbscan/cluster_01__?/IMG_2465_6645.HEIC
/Users/mdaffaatstsaqif/Downloads/klaster asli/koleksi naskah kuno/IMG_2466.HEIC,1,?,koleksi naskah kuno,/Users/mdaffaatstsaqif/Downloads/klaster asli/hasil_finetuned/cluster_hdbscan/cluster_01__?/IMG_2466_5083.HEIC
/Users/mdaffaatstsaqif/Downloads/klaster asli/koleksi naskah kuno/IMG_2467.HEIC,1,?,koleksi naskah kuno,/Users/mdaffaatstsaqif/Downloads/klaster asli/hasil_finetuned/cluster_hdbscan/cluster_01__?/IMG_2467_5232.HEIC
/Users/mdaffaatstsaqif/Downloads/klaster asli/koleksi naskah kuno/IMG_2468.HEIC,1,?,koleksi naskah kuno,/Users/mdaffaatstsaqif/Downloads/klaster asli/hasil_finetuned/cluster_hdbscan/cluster_01__?/IMG_2468_5797.HEIC
/Users/mdaffaatstsaqif/Downloads/klaster asli/koleksi naskah kuno/IMG_2469.HEIC,1,?,koleksi naskah kuno,/Users/mdaffaatstsaqif/Downloads/klaster asli/hasil_finetuned/cluster_hdbscan/cluster_01__?/IMG_2469_9138.HEIC
/Users/mdaffaatstsaqif/Downloads/klaster asli/koleksi naskah kuno/IMG_2470.HEIC,1,?,koleksi naskah kuno,/Users/mdaffaatstsaqif/Downloads/klaster asli/hasil_finetuned/cluster_hdbscan/cluster_01__?/IMG_2470_4926.HEIC
/Users/mdaffaatstsaqif/Downloads/klaster asli/koleksi naskah kuno/IMG_2471.HEIC,11,?,koleksi naskah kuno,/Users/mdaffaatstsaqif/Downloads/klaster asli/hasil_finetuned/cluster_hdbscan/cluster_11__?/IMG_2471.HEIC
/Users/mdaffaatstsaqif/Downloads/klaster asli/koleksi naskah kuno/IMG_2472.HEIC,11,?,koleksi naskah kuno,/Users/mdaffaatstsaqif/Downloads/klaster asli/hasil_finetuned/cluster_hdbscan/cluster_11__?/IMG_2472.HEIC
/Users/mdaffaatstsaqif/Downloads/klaster asli/koleksi naskah kuno/IMG_2473.HEIC,11,?,koleksi naskah kuno,/Users/mdaffaatstsaqif/Downloads/klaster asli/hasil_finetuned/cluster_hdbscan/cluster_11__?/IMG_2473.HEIC
/Users/mdaffaatstsaqif/Downloads/klaster asli/koleksi naskah kuno/IMG_2474.HEIC,11,?,koleksi naskah kuno,/Users/mdaffaatstsaqif/Downloads/klaster asli/hasil_finetuned/cluster_hdbscan/cluster_11__?/IMG_2474.HEIC
/Users/mdaffaatstsaqif/Downloads/klaster asli/koleksi naskah kuno/IMG_2475.HEIC,11,?,koleksi naskah kuno,/Users/mdaffaatstsaqif/Downloads/klaster asli/hasil_finetuned/cluster_hdbscan/cluster_11__?/IMG_2475.HEIC
/Users/mdaffaatstsaqif/Downloads/klaster asli/koleksi biologi/IMG_2090.heic,23,?,koleksi biologi,/Users/mdaffaatstsaqif/Downloads/klaster asli/hasil_finetuned/cluster_hdbscan/cluster_23__?/IMG_2090.heic
/Users/mdaffaatstsaqif/Downloads/klaster asli/koleksi biologi/IMG_2091.heic,23,?,koleksi biologi,/Users/mdaffaatstsaqif/Downloads/klaster asli/hasil_finetuned/cluster_hdbscan/cluster_23__?/IMG_2091.heic
/Users/mdaffaatstsaqif/Downloads/klaster asli/koleksi biologi/IMG_2092.heic,-1,noise,koleksi biologi,/Users/mdaffaatstsaqif/Downloads/klaster asli/hasil_finetuned/cluster_hdbscan/noise/IMG_2092.heic
/Users/mdaffaatstsaqif/Downloads/klaster asli/koleksi biologi/IMG_2093.heic,-1,noise,koleksi biologi,/Users/mdaffaatstsaqif/Downloads/klaster asli/hasil_finetuned/cluster_hdbscan/noise/IMG_2093.heic
/Users/mdaffaatstsaqif/Downloads/klaster asli/koleksi biologi/IMG_2094.heic,23,?,koleksi biologi,/Users/mdaffaatstsaqif/Downloads/klaster asli/hasil_finetuned/cluster_hdbscan/cluster_23__?/IMG_2094.heic
/Users/mdaffaatstsaqif/Downloads/klaster asli/koleksi biologi/IMG_2095.heic,23,?,koleksi biologi,/Users/mdaffaatstsaqif/Downloads/klaster asli/hasil_finetuned/cluster_hdbscan/cluster_23__?/IMG_2095.heic
/Users/mdaffaatstsaqif/Downloads/klaster asli/koleksi biologi/IMG_2096.heic,23,?,koleksi biologi,/Users/mdaffaatstsaqif/Downloads/klaster asli/hasil_finetuned/cluster_hdbscan/cluster_23__?/IMG_2096.heic
/Users/mdaffaatstsaqif/Downloads/klaster asli/koleksi biologi/IMG_2097.heic,23,?,koleksi biologi,/Users/mdaffaatstsaqif/Downloads/klaster asli/hasil_finetuned/cluster_hdbscan/cluster_23__?/IMG_2097.heic
/Users/mdaffaatstsaqif/Downloads/klaster asli/koleksi biologi/IMG_2099.heic,17,?,koleksi biologi,/Users/mdaffaatstsaqif/Downloads/klaster asli/hasil_finetuned/cluster_hdbscan/cluster_17__?/IMG_2099.heic
/Users/mdaffaatstsaqif/Downloads/klaster asli/koleksi biologi/IMG_2100.heic,17,?,koleksi biologi,/Users/mdaffaatstsaqif/Downloads/klaster asli/hasil_finetuned/cluster_hdbscan/cluster_17__?/IMG_2100.heic
/Users/mdaffaatstsaqif/Downloads/klaster asli/koleksi biologi/IMG_2101.heic,17,?,koleksi biologi,/Users/mdaffaatstsaqif/Downloads/klaster asli/hasil_finetuned/cluster_hdbscan/cluster_17__?/IMG_2101.heic
/Users/mdaffaatstsaqif/Downloads/klaster asli/koleksi biologi/IMG_2102.heic,23,?,koleksi biologi,/Users/mdaffaatstsaqif/Downloads/klaster asli/hasil_finetuned/cluster_hdbscan/cluster_23__?/IMG_2102.heic
/Users/mdaffaatstsaqif/Downloads/klaster asli/koleksi biologi/IMG_2103.heic,23,?,koleksi biologi,/Users/mdaffaatstsaqif/Downloads/klaster asli/hasil_finetuned/cluster_hdbscan/cluster_23__?/IMG_2103.heic
/Users/mdaffaatstsaqif/Downloads/klaster asli/koleksi biologi/IMG_2104.heic,17,?,koleksi biologi,/Users/mdaffaatstsaqif/Downloads/klaster asli/hasil_finetuned/cluster_hdbscan/cluster_17__?/IMG_2104.heic
/Users/mdaffaatstsaqif/Downloads/klaster asli/koleksi biologi/IMG_2105.heic,17,?,koleksi biologi,/Users/mdaffaatstsaqif/Downloads/klaster asli/hasil_finetuned/cluster_hdbscan/cluster_17__?/IMG_2105.heic
/Users/mdaffaatstsaqif/Downloads/klaster asli/koleksi biologi/IMG_2106.heic,17,?,koleksi biologi,/Users/mdaffaatstsaqif/Downloads/klaster asli/hasil_finetuned/cluster_hdbscan/cluster_17__?/IMG_2106.heic
/Users/mdaffaatstsaqif/Downloads/klaster asli/koleksi biologi/IMG_2107.heic,17,?,koleksi biologi,/Users/mdaffaatstsaqif/Downloads/klaster asli/hasil_finetuned/cluster_hdbscan/cluster_17__?/IMG_2107.heic
/Users/mdaffaatstsaqif/Downloads/klaster asli/koleksi biologi/IMG_2108.heic,17,?,koleksi biologi,/Users/mdaffaatstsaqif/Downloads/klaster asli/hasil_finetuned/cluster_hdbscan/cluster_17__?/IMG_2108.heic
/Users/mdaffaatstsaqif/Downloads/klaster asli/koleksi biologi/IMG_2109.heic,17,?,koleksi biologi,/Users/mdaffaatstsaqif/Downloads/klaster asli/hasil_finetuned/cluster_hdbscan/cluster_17__?/IMG_2109.heic
/Users/mdaffaatstsaqif/Downloads/klaster asli/koleksi biologi/IMG_2110.heic,25,?,koleksi biologi,/Users/mdaffaatstsaqif/Downloads/klaster asli/hasil_finetuned/cluster_hdbscan/cluster_25__?/IMG_2110.heic
/Users/mdaffaatstsaqif/Downloads/klaster asli/koleksi biologi/IMG_2111.heic,17,?,koleksi biologi,/Users/mdaffaatstsaqif/Downloads/klaster asli/hasil_finetuned/cluster_hdbscan/cluster_17__?/IMG_2111.heic
/Users/mdaffaatstsaqif/Downloads/klaster asli/koleksi biologi/IMG_2112.heic,17,?,koleksi biologi,/Users/mdaffaatstsaqif/Downloads/klaster asli/hasil_finetuned/cluster_hdbscan/cluster_17__?/IMG_2112.heic
/Users/mdaffaatstsaqif/Downloads/klaster asli/koleksi biologi/IMG_2113.heic,17,?,koleksi biologi,/Users/mdaffaatstsaqif/Downloads/klaster asli/hasil_finetuned/cluster_hdbscan/cluster_17__?/IMG_2113.heic
/Users/mdaffaatstsaqif/Downloads/klaster asli/koleksi biologi/IMG_2114.heic,17,?,koleksi biologi,/Users/mdaffaatstsaqif/Downloads/klaster asli/hasil_finetuned/cluster_hdbscan/cluster_17__?/IMG_2114.heic
/Users/mdaffaatstsaqif/Downloads/klaster asli/koleksi biologi/IMG_2115.heic,17,?,koleksi biologi,/Users/mdaffaatstsaqif/Downloads/klaster asli/hasil_finetuned/cluster_hdbscan/cluster_17__?/IMG_2115.heic
/Users/mdaffaatstsaqif/Downloads/klaster asli/koleksi biologi/IMG_2116.heic,17,?,koleksi biologi,/Users/mdaffaatstsaqif/Downloads/klaster asli/hasil_finetuned/cluster_hdbscan/cluster_17__?/IMG_2116.heic
/Users/mdaffaatstsaqif/Downloads/klaster asli/koleksi biologi/IMG_2117.heic,17,?,koleksi biologi,/Users/mdaffaatstsaqif/Downloads/klaster asli/hasil_finetuned/cluster_hdbscan/cluster_17__?/IMG_2117.heic
/Users/mdaffaatstsaqif/Downloads/klaster asli/koleksi biologi/IMG_2118.heic,17,?,koleksi biologi,/Users/mdaffaatstsaqif/Downloads/klaster asli/hasil_finetuned/cluster_hdbscan/cluster_17__?/IMG_2118.heic
/Users/mdaffaatstsaqif/Downloads/klaster asli/koleksi biologi/IMG_2119.heic,17,?,koleksi biologi,/Users/mdaffaatstsaqif/Downloads/klaster asli/hasil_finetuned/cluster_hdbscan/cluster_17__?/IMG_2119.heic
/Users/mdaffaatstsaqif/Downloads/klaster asli/koleksi biologi/IMG_2120.heic,17,?,koleksi biologi,/Users/mdaffaatstsaqif/Downloads/klaster asli/hasil_finetuned/cluster_hdbscan/cluster_17__?/IMG_2120.heic
/Users/mdaffaatstsaqif/Downloads/klaster asli/koleksi biologi/IMG_2121.heic,17,?,koleksi biologi,/Users/mdaffaatstsaqif/Downloads/klaster asli/hasil_finetuned/cluster_hdbscan/cluster_17__?/IMG_2121.heic
/Users/mdaffaatstsaqif/Downloads/klaster asli/koleksi biologi/IMG_2122.heic,17,?,koleksi biologi,/Users/mdaffaatstsaqif/Downloads/klaster asli/hasil_finetuned/cluster_hdbscan/cluster_17__?/IMG_2122.heic
/Users/mdaffaatstsaqif/Downloads/klaster asli/koleksi biologi/IMG_2123.heic,17,?,koleksi biologi,/Users/mdaffaatstsaqif/Downloads/klaster asli/hasil_finetuned/cluster_hdbscan/cluster_17__?/IMG_2123.heic
/Users/mdaffaatstsaqif/Downloads/klaster asli/koleksi biologi/IMG_2124.heic,17,?,koleksi biologi,/Users/mdaffaatstsaqif/Downloads/klaster asli/hasil_finetuned/cluster_hdbscan/cluster_17__?/IMG_2124.heic
/Users/mdaffaatstsaqif/Downloads/klaster asli/koleksi biologi/IMG_2125.heic,17,?,koleksi biologi,/Users/mdaffaatstsaqif/Downloads/klaster asli/hasil_finetuned/cluster_hdbscan/cluster_17__?/IMG_2125.heic
/Users/mdaffaatstsaqif/Downloads/klaster asli/koleksi biologi/IMG_2126.heic,17,?,koleksi biologi,/Users/mdaffaatstsaqif/Downloads/klaster asli/hasil_finetuned/cluster_hdbscan/cluster_17__?/IMG_2126.heic
/Users/mdaffaatstsaqif/Downloads/klaster asli/koleksi biologi/IMG_2127.heic,17,?,koleksi biologi,/Users/mdaffaatstsaqif/Downloads/klaster asli/hasil_finetuned/cluster_hdbscan/cluster_17__?/IMG_2127.heic
/Users/mdaffaatstsaqif/Downloads/klaster asli/koleksi biologi/IMG_2128.heic,17,?,koleksi biologi,/Users/mdaffaatstsaqif/Downloads/klaster asli/hasil_finetuned/cluster_hdbscan/cluster_17__?/IMG_2128.heic
/Users/mdaffaatstsaqif/Downloads/klaster asli/koleksi biologi/IMG_2129.heic,17,?,koleksi biologi,/Users/mdaffaatstsaqif/Downloads/klaster asli/hasil_finetuned/cluster_hdbscan/cluster_17__?/IMG_2129.heic
/Users/mdaffaatstsaqif/Downloads/klaster asli/koleksi biologi/IMG_2130.heic,18,?,koleksi biologi,/Users/mdaffaatstsaqif/Downloads/klaster asli/hasil_finetuned/cluster_hdbscan/cluster_18__?/IMG_2130.heic
/Users/mdaffaatstsaqif/Downloads/klaster asli/koleksi biologi/IMG_2131.heic,17,?,koleksi biologi,/Users/mdaffaatstsaqif/Downloads/klaster asli/hasil_finetuned/cluster_hdbscan/cluster_17__?/IMG_2131.heic
/Users/mdaffaatstsaqif/Downloads/klaster asli/koleksi biologi/IMG_2132.heic,17,?,koleksi biologi,/Users/mdaffaatstsaqif/Downloads/klaster asli/hasil_finetuned/cluster_hdbscan/cluster_17__?/IMG_2132.heic
/Users/mdaffaatstsaqif/Downloads/klaster asli/koleksi biologi/IMG_2133.heic,17,?,koleksi biologi,/Users/mdaffaatstsaqif/Downloads/klaster asli/hasil_finetuned/cluster_hdbscan/cluster_17__?/IMG_2133.heic
/Users/mdaffaatstsaqif/Downloads/klaster asli/koleksi biologi/IMG_2134.heic,17,?,koleksi biologi,/Users/mdaffaatstsaqif/Downloads/klaster asli/hasil_finetuned/cluster_hdbscan/cluster_17__?/IMG_2134.heic
/Users/mdaffaatstsaqif/Downloads/klaster asli/koleksi biologi/IMG_2135.heic,17,?,koleksi biologi,/Users/mdaffaatstsaqif/Downloads/klaster asli/hasil_finetuned/cluster_hdbscan/cluster_17__?/IMG_2135.heic
/Users/mdaffaatstsaqif/Downloads/klaster asli/koleksi biologi/IMG_2136.heic,17,?,koleksi biologi,/Users/mdaffaatstsaqif/Downloads/klaster asli/hasil_finetuned/cluster_hdbscan/cluster_17__?/IMG_2136.heic
/Users/mdaffaatstsaqif/Downloads/klaster asli/koleksi biologi/IMG_2137.heic,17,?,koleksi biologi,/Users/mdaffaatstsaqif/Downloads/klaster asli/hasil_finetuned/cluster_hdbscan/cluster_17__?/IMG_2137.heic
/Users/mdaffaatstsaqif/Downloads/klaster asli/koleksi biologi/IMG_2138.heic,32,?,koleksi biologi,/Users/mdaffaatstsaqif/Downloads/klaster asli/hasil_finetuned/cluster_hdbscan/cluster_32__?/IMG_2138.heic
/Users/mdaffaatstsaqif/Downloads/klaster asli/koleksi numismatik/IMG_2377.HEIC,3,?,koleksi numismatik,/Users/mdaffaatstsaqif/Downloads/klaster asli/hasil_finetuned/cluster_hdbscan/cluster_03__?/IMG_2377.HEIC
/Users/mdaffaatstsaqif/Downloads/klaster asli/koleksi numismatik/IMG_2378.HEIC,18,?,koleksi numismatik,/Users/mdaffaatstsaqif/Downloads/klaster asli/hasil_finetuned/cluster_hdbscan/cluster_18__?/IMG_2378.HEIC
/Users/mdaffaatstsaqif/Downloads/klaster asli/koleksi numismatik/IMG_2379.HEIC,18,?,koleksi numismatik,/Users/mdaffaatstsaqif/Downloads/klaster asli/hasil_finetuned/cluster_hdbscan/cluster_18__?/IMG_2379.HEIC
/Users/mdaffaatstsaqif/Downloads/klaster asli/koleksi numismatik/IMG_2380.HEIC,18,?,koleksi numismatik,/Users/mdaffaatstsaqif/Downloads/klaster asli/hasil_finetuned/cluster_hdbscan/cluster_18__?/IMG_2380.HEIC
/Users/mdaffaatstsaqif/Downloads/klaster asli/koleksi numismatik/IMG_2381.HEIC,3,?,koleksi numismatik,/Users/mdaffaatstsaqif/Downloads/klaster asli/hasil_finetuned/cluster_hdbscan/cluster_03__?/IMG_2381.HEIC
/Users/mdaffaatstsaqif/Downloads/klaster asli/koleksi numismatik/IMG_2382.HEIC,6,?,koleksi numismatik,/Users/mdaffaatstsaqif/Downloads/klaster asli/hasil_finetuned/cluster_hdbscan/cluster_06__?/IMG_2382.HEIC
/Users/mdaffaatstsaqif/Downloads/klaster asli/koleksi numismatik/IMG_2383.HEIC,6,?,koleksi numismatik,/Users/mdaffaatstsaqif/Downloads/klaster asli/hasil_finetuned/cluster_hdbscan/cluster_06__?/IMG_2383.HEIC
/Users/mdaffaatstsaqif/Downloads/klaster asli/koleksi numismatik/IMG_2384.HEIC,6,?,koleksi numismatik,/Users/mdaffaatstsaqif/Downloads/klaster asli/hasil_finetuned/cluster_hdbscan/cluster_06__?/IMG_2384.HEIC
/Users/mdaffaatstsaqif/Downloads/klaster asli/koleksi numismatik/IMG_2385.HEIC,6,?,koleksi numismatik,/Users/mdaffaatstsaqif/Downloads/klaster asli/hasil_finetuned/cluster_hdbscan/cluster_06__?/IMG_2385.HEIC
/Users/mdaffaatstsaqif/Downloads/klaster asli/koleksi numismatik/IMG_2386.HEIC,6,?,koleksi numismatik,/Users/mdaffaatstsaqif/Downloads/klaster asli/hasil_finetuned/cluster_hdbscan/cluster_06__?/IMG_2386.HEIC
/Users/mdaffaatstsaqif/Downloads/klaster asli/koleksi numismatik/IMG_2387.HEIC,6,?,koleksi numismatik,/Users/mdaffaatstsaqif/Downloads/klaster asli/hasil_finetuned/cluster_hdbscan/cluster_06__?/IMG_2387.HEIC
/Users/mdaffaatstsaqif/Downloads/klaster asli/koleksi numismatik/IMG_2388.HEIC,4,?,koleksi numismatik,/Users/mdaffaatstsaqif/Downloads/klaster asli/hasil_finetuned/cluster_hdbscan/cluster_04__?/IMG_2388.HEIC
/Users/mdaffaatstsaqif/Downloads/klaster asli/koleksi numismatik/IMG_2389.HEIC,4,?,koleksi numismatik,/Users/mdaffaatstsaqif/Downloads/klaster asli/hasil_finetuned/cluster_hdbscan/cluster_04__?/IMG_2389.HEIC
/Users/mdaffaatstsaqif/Downloads/klaster asli/koleksi numismatik/IMG_2390.HEIC,4,?,koleksi numismatik,/Users/mdaffaatstsaqif/Downloads/klaster asli/hasil_finetuned/cluster_hdbscan/cluster_04__?/IMG_2390.HEIC
/Users/mdaffaatstsaqif/Downloads/klaster asli/koleksi numismatik/IMG_2391.HEIC,4,?,koleksi numismatik,/Users/mdaffaatstsaqif/Downloads/klaster asli/hasil_finetuned/cluster_hdbscan/cluster_04__?/IMG_2391.HEIC
/Users/mdaffaatstsaqif/Downloads/klaster asli/koleksi numismatik/IMG_2392.HEIC,4,?,koleksi numismatik,/Users/mdaffaatstsaqif/Downloads/klaster asli/hasil_finetuned/cluster_hdbscan/cluster_04__?/IMG_2392.HEIC
/Users/mdaffaatstsaqif/Downloads/klaster asli/koleksi numismatik/IMG_2393.HEIC,4,?,koleksi numismatik,/Users/mdaffaatstsaqif/Downloads/klaster asli/hasil_finetuned/cluster_hdbscan/cluster_04__?/IMG_2393.HEIC
/Users/mdaffaatstsaqif/Downloads/klaster asli/koleksi numismatik/IMG_2394.HEIC,4,?,koleksi numismatik,/Users/mdaffaatstsaqif/Downloads/klaster asli/hasil_finetuned/cluster_hdbscan/cluster_04__?/IMG_2394.HEIC
/Users/mdaffaatstsaqif/Downloads/klaster asli/koleksi numismatik/IMG_2395.HEIC,4,?,koleksi numismatik,/Users/mdaffaatstsaqif/Downloads/klaster asli/hasil_finetuned/cluster_hdbscan/cluster_04__?/IMG_2395.HEIC
/Users/mdaffaatstsaqif/Downloads/klaster asli/koleksi numismatik/IMG_2396.HEIC,4,?,koleksi numismatik,/Users/mdaffaatstsaqif/Downloads/klaster asli/hasil_finetuned/cluster_hdbscan/cluster_04__?/IMG_2396.HEIC
/Users/mdaffaatstsaqif/Downloads/klaster asli/koleksi numismatik/IMG_2397.HEIC,4,?,koleksi numismatik,/Users/mdaffaatstsaqif/Downloads/klaster asli/hasil_finetuned/cluster_hdbscan/cluster_04__?/IMG_2397.HEIC
/Users/mdaffaatstsaqif/Downloads/klaster asli/koleksi numismatik/IMG_2398.HEIC,4,?,koleksi numismatik,/Users/mdaffaatstsaqif/Downloads/klaster asli/hasil_finetuned/cluster_hdbscan/cluster_04__?/IMG_2398.HEIC
/Users/mdaffaatstsaqif/Downloads/klaster asli/koleksi numismatik/IMG_2399.HEIC,4,?,koleksi numismatik,/Users/mdaffaatstsaqif/Downloads/klaster asli/hasil_finetuned/cluster_hdbscan/cluster_04__?/IMG_2399.HEIC
/Users/mdaffaatstsaqif/Downloads/klaster asli/koleksi numismatik/IMG_2400.HEIC,4,?,koleksi numismatik,/Users/mdaffaatstsaqif/Downloads/klaster asli/hasil_finetuned/cluster_hdbscan/cluster_04__?/IMG_2400.HEIC
/Users/mdaffaatstsaqif/Downloads/klaster asli/koleksi numismatik/IMG_2401.HEIC,3,?,koleksi numismatik,/Users/mdaffaatstsaqif/Downloads/klaster asli/hasil_finetuned/cluster_hdbscan/cluster_03__?/IMG_2401.HEIC
/Users/mdaffaatstsaqif/Downloads/klaster asli/koleksi numismatik/IMG_2402.HEIC,3,?,koleksi numismatik,/Users/mdaffaatstsaqif/Downloads/klaster asli/hasil_finetuned/cluster_hdbscan/cluster_03__?/IMG_2402.HEIC
/Users/mdaffaatstsaqif/Downloads/klaster asli/koleksi numismatik/IMG_2403.HEIC,3,?,koleksi numismatik,/Users/mdaffaatstsaqif/Downloads/klaster asli/hasil_finetuned/cluster_hdbscan/cluster_03__?/IMG_2403.HEIC
/Users/mdaffaatstsaqif/Downloads/klaster asli/koleksi numismatik/IMG_2404.HEIC,3,?,koleksi numismatik,/Users/mdaffaatstsaqif/Downloads/klaster asli/hasil_finetuned/cluster_hdbscan/cluster_03__?/IMG_2404.HEIC
/Users/mdaffaatstsaqif/Downloads/klaster asli/koleksi numismatik/IMG_2405.HEIC,3,?,koleksi numismatik,/Users/mdaffaatstsaqif/Downloads/klaster asli/hasil_finetuned/cluster_hdbscan/cluster_03__?/IMG_2405.HEIC
/Users/mdaffaatstsaqif/Downloads/klaster asli/koleksi numismatik/IMG_2406.HEIC,3,?,koleksi numismatik,/Users/mdaffaatstsaqif/Downloads/klaster asli/hasil_finetuned/cluster_hdbscan/cluster_03__?/IMG_2406.HEIC
/Users/mdaffaatstsaqif/Downloads/klaster asli/koleksi numismatik/IMG_2407.HEIC,3,?,koleksi numismatik,/Users/mdaffaatstsaqif/Downloads/klaster asli/hasil_finetuned/cluster_hdbscan/cluster_03__?/IMG_2407.HEIC
/Users/mdaffaatstsaqif/Downloads/klaster asli/koleksi numismatik/IMG_2408.HEIC,3,?,koleksi numismatik,/Users/mdaffaatstsaqif/Downloads/klaster asli/hasil_finetuned/cluster_hdbscan/cluster_03__?/IMG_2408.HEIC
/Users/mdaffaatstsaqif/Downloads/klaster asli/koleksi numismatik/IMG_2409.HEIC,3,?,koleksi numismatik,/Users/mdaffaatstsaqif/Downloads/klaster asli/hasil_finetuned/cluster_hdbscan/cluster_03__?/IMG_2409.HEIC
/Users/mdaffaatstsaqif/Downloads/klaster asli/koleksi numismatik/IMG_2410.HEIC,3,?,koleksi numismatik,/Users/mdaffaatstsaqif/Downloads/klaster asli/hasil_finetuned/cluster_hdbscan/cluster_03__?/IMG_2410.HEIC
/Users/mdaffaatstsaqif/Downloads/klaster asli/koleksi numismatik/IMG_2411.HEIC,3,?,koleksi numismatik,/Users/mdaffaatstsaqif/Downloads/klaster asli/hasil_finetuned/cluster_hdbscan/cluster_03__?/IMG_2411.HEIC
/Users/mdaffaatstsaqif/Downloads/klaster asli/koleksi numismatik/IMG_2412.HEIC,3,?,koleksi numismatik,/Users/mdaffaatstsaqif/Downloads/klaster asli/hasil_finetuned/cluster_hdbscan/cluster_03__?/IMG_2412.HEIC
/Users/mdaffaatstsaqif/Downloads/klaster asli/koleksi numismatik/IMG_2413.HEIC,3,?,koleksi numismatik,/Users/mdaffaatstsaqif/Downloads/klaster asli/hasil_finetuned/cluster_hdbscan/cluster_03__?/IMG_2413.HEIC
/Users/mdaffaatstsaqif/Downloads/klaster asli/koleksi numismatik/IMG_2414.HEIC,3,?,koleksi numismatik,/Users/mdaffaatstsaqif/Downloads/klaster asli/hasil_finetuned/cluster_hdbscan/cluster_03__?/IMG_2414.HEIC
/Users/mdaffaatstsaqif/Downloads/klaster asli/koleksi numismatik/IMG_2415.HEIC,3,?,koleksi numismatik,/Users/mdaffaatstsaqif/Downloads/klaster asli/hasil_finetuned/cluster_hdbscan/cluster_03__?/IMG_2415.HEIC
/Users/mdaffaatstsaqif/Downloads/klaster asli/koleksi numismatik/IMG_2416.HEIC,3,?,koleksi numismatik,/Users/mdaffaatstsaqif/Downloads/klaster asli/hasil_finetuned/cluster_hdbscan/cluster_03__?/IMG_2416.HEIC
/Users/mdaffaatstsaqif/Downloads/klaster asli/koleksi numismatik/IMG_2417.HEIC,3,?,koleksi numismatik,/Users/mdaffaatstsaqif/Downloads/klaster asli/hasil_finetuned/cluster_hdbscan/cluster_03__?/IMG_2417.HEIC
/Users/mdaffaatstsaqif/Downloads/klaster asli/koleksi numismatik/IMG_2418.HEIC,6,?,koleksi numismatik,/Users/mdaffaatstsaqif/Downloads/klaster asli/hasil_finetuned/cluster_hdbscan/cluster_06__?/IMG_2418.HEIC
/Users/mdaffaatstsaqif/Downloads/klaster asli/koleksi numismatik/IMG_2419.HEIC,6,?,koleksi numismatik,/Users/mdaffaatstsaqif/Downloads/klaster asli/hasil_finetuned/cluster_hdbscan/cluster_06__?/IMG_2419.HEIC
/Users/mdaffaatstsaqif/Downloads/klaster asli/koleksi numismatik/IMG_2420.HEIC,6,?,koleksi numismatik,/Users/mdaffaatstsaqif/Downloads/klaster asli/hasil_finetuned/cluster_hdbscan/cluster_06__?/IMG_2420.HEIC
/Users/mdaffaatstsaqif/Downloads/klaster asli/koleksi numismatik/IMG_2421.HEIC,6,?,koleksi numismatik,/Users/mdaffaatstsaqif/Downloads/klaster asli/hasil_finetuned/cluster_hdbscan/cluster_06__?/IMG_2421.HEIC
/Users/mdaffaatstsaqif/Downloads/klaster asli/koleksi numismatik/IMG_2422.HEIC,6,?,koleksi numismatik,/Users/mdaffaatstsaqif/Downloads/klaster asli/hasil_finetuned/cluster_hdbscan/cluster_06__?/IMG_2422.HEIC
/Users/mdaffaatstsaqif/Downloads/klaster asli/koleksi numismatik/IMG_2423.HEIC,6,?,koleksi numismatik,/Users/mdaffaatstsaqif/Downloads/klaster asli/hasil_finetuned/cluster_hdbscan/cluster_06__?/IMG_2423.HEIC
/Users/mdaffaatstsaqif/Downloads/klaster asli/koleksi numismatik/IMG_2424.HEIC,6,?,koleksi numismatik,/Users/mdaffaatstsaqif/Downloads/klaster asli/hasil_finetuned/cluster_hdbscan/cluster_06__?/IMG_2424.HEIC
/Users/mdaffaatstsaqif/Downloads/klaster asli/koleksi numismatik/IMG_2425.HEIC,6,?,koleksi numismatik,/Users/mdaffaatstsaqif/Downloads/klaster asli/hasil_finetuned/cluster_hdbscan/cluster_06__?/IMG_2425.HEIC
/Users/mdaffaatstsaqif/Downloads/klaster asli/koleksi numismatik/IMG_2426.HEIC,6,?,koleksi numismatik,/Users/mdaffaatstsaqif/Downloads/klaster asli/hasil_finetuned/cluster_hdbscan/cluster_06__?/IMG_2426.HEIC
/Users/mdaffaatstsaqif/Downloads/klaster asli/koleksi teknologika/IMG_2714.heic,-1,noise,koleksi teknologika,/Users/mdaffaatstsaqif/Downloads/klaster asli/hasil_finetuned/cluster_hdbscan/noise/IMG_2714_6016.heic
/Users/mdaffaatstsaqif/Downloads/klaster asli/koleksi teknologika/IMG_2715.heic,-1,noise,koleksi teknologika,/Users/mdaffaatstsaqif/Downloads/klaster asli/hasil_finetuned/cluster_hdbscan/noise/IMG_2715_3335.heic
/Users/mdaffaatstsaqif/Downloads/klaster asli/koleksi teknologika/IMG_2716.heic,-1,noise,koleksi teknologika,/Users/mdaffaatstsaqif/Downloads/klaster asli/hasil_finetuned/cluster_hdbscan/noise/IMG_2716_8038.heic
/Users/mdaffaatstsaqif/Downloads/klaster asli/koleksi teknologika/IMG_2717.heic,-1,noise,koleksi teknologika,/Users/mdaffaatstsaqif/Downloads/klaster asli/hasil_finetuned/cluster_hdbscan/noise/IMG_2717_4873.heic
/Users/mdaffaatstsaqif/Downloads/klaster asli/koleksi teknologika/IMG_2718.heic,-1,noise,koleksi teknologika,/Users/mdaffaatstsaqif/Downloads/klaster asli/hasil_finetuned/cluster_hdbscan/noise/IMG_2718_1481.heic
/Users/mdaffaatstsaqif/Downloads/klaster asli/koleksi teknologika/IMG_2719.heic,-1,noise,koleksi teknologika,/Users/mdaffaatstsaqif/Downloads/klaster asli/hasil_finetuned/cluster_hdbscan/noise/IMG_2719_6305.heic
/Users/mdaffaatstsaqif/Downloads/klaster asli/koleksi teknologika/IMG_2720.heic,-1,noise,koleksi teknologika,/Users/mdaffaatstsaqif/Downloads/klaster asli/hasil_finetuned/cluster_hdbscan/noise/IMG_2720.heic
/Users/mdaffaatstsaqif/Downloads/klaster asli/koleksi teknologika/IMG_2721.heic,-1,noise,koleksi teknologika,/Users/mdaffaatstsaqif/Downloads/klaster asli/hasil_finetuned/cluster_hdbscan/noise/IMG_2721.heic
/Users/mdaffaatstsaqif/Downloads/klaster asli/koleksi teknologika/IMG_2722.heic,-1,noise,koleksi teknologika,/Users/mdaffaatstsaqif/Downloads/klaster asli/hasil_finetuned/cluster_hdbscan/noise/IMG_2722.heic
/Users/mdaffaatstsaqif/Downloads/klaster asli/koleksi teknologika/IMG_2723.heic,30,?,koleksi teknologika,/Users/mdaffaatstsaqif/Downloads/klaster asli/hasil_finetuned/cluster_hdbscan/cluster_30__?/IMG_2723.heic
/Users/mdaffaatstsaqif/Downloads/klaster asli/koleksi teknologika/IMG_2724.heic,30,?,koleksi teknologika,/Users/mdaffaatstsaqif/Downloads/klaster asli/hasil_finetuned/cluster_hdbscan/cluster_30__?/IMG_2724.heic
/Users/mdaffaatstsaqif/Downloads/klaster asli/koleksi teknologika/IMG_2725.heic,30,?,koleksi teknologika,/Users/mdaffaatstsaqif/Downloads/klaster asli/hasil_finetuned/cluster_hdbscan/cluster_30__?/IMG_2725.heic
/Users/mdaffaatstsaqif/Downloads/klaster asli/koleksi teknologika/IMG_2726.heic,30,?,koleksi teknologika,/Users/mdaffaatstsaqif/Downloads/klaster asli/hasil_finetuned/cluster_hdbscan/cluster_30__?/IMG_2726.heic
/Users/mdaffaatstsaqif/Downloads/klaster asli/koleksi teknologika/IMG_2728.heic,21,?,koleksi teknologika,/Users/mdaffaatstsaqif/Downloads/klaster asli/hasil_finetuned/cluster_hdbscan/cluster_21__?/IMG_2728.heic
/Users/mdaffaatstsaqif/Downloads/klaster asli/koleksi teknologika/IMG_2729.heic,21,?,koleksi teknologika,/Users/mdaffaatstsaqif/Downloads/klaster asli/hasil_finetuned/cluster_hdbscan/cluster_21__?/IMG_2729.heic
/Users/mdaffaatstsaqif/Downloads/klaster asli/koleksi teknologika/IMG_2730.heic,-1,noise,koleksi teknologika,/Users/mdaffaatstsaqif/Downloads/klaster asli/hasil_finetuned/cluster_hdbscan/noise/IMG_2730.heic
/Users/mdaffaatstsaqif/Downloads/klaster asli/koleksi teknologika/IMG_2731.heic,21,?,koleksi teknologika,/Users/mdaffaatstsaqif/Downloads/klaster asli/hasil_finetuned/cluster_hdbscan/cluster_21__?/IMG_2731.heic
/Users/mdaffaatstsaqif/Downloads/klaster asli/koleksi teknologika/IMG_2732.heic,21,?,koleksi teknologika,/Users/mdaffaatstsaqif/Downloads/klaster asli/hasil_finetuned/cluster_hdbscan/cluster_21__?/IMG_2732.heic
/Users/mdaffaatstsaqif/Downloads/klaster asli/koleksi teknologika/IMG_2733.heic,21,?,koleksi teknologika,/Users/mdaffaatstsaqif/Downloads/klaster asli/hasil_finetuned/cluster_hdbscan/cluster_21__?/IMG_2733.heic
/Users/mdaffaatstsaqif/Downloads/klaster asli/koleksi teknologika/IMG_2734.heic,21,?,koleksi teknologika,/Users/mdaffaatstsaqif/Downloads/klaster asli/hasil_finetuned/cluster_hdbscan/cluster_21__?/IMG_2734.heic
/Users/mdaffaatstsaqif/Downloads/klaster asli/koleksi teknologika/IMG_2735.heic,31,?,koleksi teknologika,/Users/mdaffaatstsaqif/Downloads/klaster asli/hasil_finetuned/cluster_hdbscan/cluster_31__?/IMG_2735.heic
/Users/mdaffaatstsaqif/Downloads/klaster asli/koleksi teknologika/IMG_2736.heic,31,?,koleksi teknologika,/Users/mdaffaatstsaqif/Downloads/klaster asli/hasil_finetuned/cluster_hdbscan/cluster_31__?/IMG_2736.heic
/Users/mdaffaatstsaqif/Downloads/klaster asli/koleksi teknologika/IMG_2737.heic,31,?,koleksi teknologika,/Users/mdaffaatstsaqif/Downloads/klaster asli/hasil_finetuned/cluster_hdbscan/cluster_31__?/IMG_2737.heic
/Users/mdaffaatstsaqif/Downloads/klaster asli/koleksi teknologika/IMG_2738.heic,32,?,koleksi teknologika,/Users/mdaffaatstsaqif/Downloads/klaster asli/hasil_finetuned/cluster_hdbscan/cluster_32__?/IMG_2738_3451.heic
/Users/mdaffaatstsaqif/Downloads/klaster asli/koleksi teknologika/IMG_2739.heic,21,?,koleksi teknologika,/Users/mdaffaatstsaqif/Downloads/klaster asli/hasil_finetuned/cluster_hdbscan/cluster_21__?/IMG_2739.heic
/Users/mdaffaatstsaqif/Downloads/klaster asli/koleksi teknologika/IMG_2740.heic,21,?,koleksi teknologika,/Users/mdaffaatstsaqif/Downloads/klaster asli/hasil_finetuned/cluster_hdbscan/cluster_21__?/IMG_2740.heic
/Users/mdaffaatstsaqif/Downloads/klaster asli/koleksi teknologika/IMG_2741.heic,21,?,koleksi teknologika,/Users/mdaffaatstsaqif/Downloads/klaster asli/hasil_finetuned/cluster_hdbscan/cluster_21__?/IMG_2741.heic
/Users/mdaffaatstsaqif/Downloads/klaster asli/koleksi teknologika/IMG_2742.heic,21,?,koleksi teknologika,/Users/mdaffaatstsaqif/Downloads/klaster asli/hasil_finetuned/cluster_hdbscan/cluster_21__?/IMG_2742.heic
/Users/mdaffaatstsaqif/Downloads/klaster asli/koleksi teknologika/IMG_2743.heic,32,?,koleksi teknologika,/Users/mdaffaatstsaqif/Downloads/klaster asli/hasil_finetuned/cluster_hdbscan/cluster_32__?/IMG_2743_54.heic
/Users/mdaffaatstsaqif/Downloads/klaster asli/koleksi teknologika/IMG_2744.heic,32,?,koleksi teknologika,/Users/mdaffaatstsaqif/Downloads/klaster asli/hasil_finetuned/cluster_hdbscan/cluster_32__?/IMG_2744_7643.heic
/Users/mdaffaatstsaqif/Downloads/klaster asli/koleksi teknologika/IMG_2745.heic,32,?,koleksi teknologika,/Users/mdaffaatstsaqif/Downloads/klaster asli/hasil_finetuned/cluster_hdbscan/cluster_32__?/IMG_2745.heic
/Users/mdaffaatstsaqif/Downloads/klaster asli/koleksi teknologika/IMG_2746.heic,32,?,koleksi teknologika,/Users/mdaffaatstsaqif/Downloads/klaster asli/hasil_finetuned/cluster_hdbscan/cluster_32__?/IMG_2746.heic
/Users/mdaffaatstsaqif/Downloads/klaster asli/koleksi teknologika/IMG_2747.heic,32,?,koleksi teknologika,/Users/mdaffaatstsaqif/Downloads/klaster asli/hasil_finetuned/cluster_hdbscan/cluster_32__?/IMG_2747.heic
/Users/mdaffaatstsaqif/Downloads/klaster asli/koleksi teknologika/IMG_2748.heic,32,?,koleksi teknologika,/Users/mdaffaatstsaqif/Downloads/klaster asli/hasil_finetuned/cluster_hdbscan/cluster_32__?/IMG_2748_3462.heic
/Users/mdaffaatstsaqif/Downloads/klaster asli/koleksi teknologika/IMG_2749.heic,32,?,koleksi teknologika,/Users/mdaffaatstsaqif/Downloads/klaster asli/hasil_finetuned/cluster_hdbscan/cluster_32__?/IMG_2749_832.heic
/Users/mdaffaatstsaqif/Downloads/klaster asli/koleksi teknologika/IMG_2750.heic,32,?,koleksi teknologika,/Users/mdaffaatstsaqif/Downloads/klaster asli/hasil_finetuned/cluster_hdbscan/cluster_32__?/IMG_2750_5954.heic
/Users/mdaffaatstsaqif/Downloads/klaster asli/koleksi teknologika/IMG_2751.heic,32,?,koleksi teknologika,/Users/mdaffaatstsaqif/Downloads/klaster asli/hasil_finetuned/cluster_hdbscan/cluster_32__?/IMG_2751_8519.heic
/Users/mdaffaatstsaqif/Downloads/klaster asli/koleksi teknologika/IMG_2752.heic,32,?,koleksi teknologika,/Users/mdaffaatstsaqif/Downloads/klaster asli/hasil_finetuned/cluster_hdbscan/cluster_32__?/IMG_2752_7221.heic
/Users/mdaffaatstsaqif/Downloads/klaster asli/koleksi teknologika/IMG_2753.heic,33,?,koleksi teknologika,/Users/mdaffaatstsaqif/Downloads/klaster asli/hasil_finetuned/cluster_hdbscan/cluster_33__?/IMG_2753_3310.heic
/Users/mdaffaatstsaqif/Downloads/klaster asli/koleksi teknologika/IMG_2754.heic,33,?,koleksi teknologika,/Users/mdaffaatstsaqif/Downloads/klaster asli/hasil_finetuned/cluster_hdbscan/cluster_33__?/IMG_2754_3300.heic
/Users/mdaffaatstsaqif/Downloads/klaster asli/koleksi teknologika/IMG_2755.heic,33,?,koleksi teknologika,/Users/mdaffaatstsaqif/Downloads/klaster asli/hasil_finetuned/cluster_hdbscan/cluster_33__?/IMG_2755_6722.heic
/Users/mdaffaatstsaqif/Downloads/klaster asli/koleksi teknologika/IMG_2756.heic,32,?,koleksi teknologika,/Users/mdaffaatstsaqif/Downloads/klaster asli/hasil_finetuned/cluster_hdbscan/cluster_32__?/IMG_2756_7218.heic
/Users/mdaffaatstsaqif/Downloads/klaster asli/koleksi teknologika/IMG_2757.heic,31,?,koleksi teknologika,/Users/mdaffaatstsaqif/Downloads/klaster asli/hasil_finetuned/cluster_hdbscan/cluster_31__?/IMG_2757.heic
/Users/mdaffaatstsaqif/Downloads/klaster asli/koleksi teknologika/IMG_2758.heic,31,?,koleksi teknologika,/Users/mdaffaatstsaqif/Downloads/klaster asli/hasil_finetuned/cluster_hdbscan/cluster_31__?/IMG_2758.heic
/Users/mdaffaatstsaqif/Downloads/klaster asli/koleksi teknologika/IMG_2759.heic,31,?,koleksi teknologika,/Users/mdaffaatstsaqif/Downloads/klaster asli/hasil_finetuned/cluster_hdbscan/cluster_31__?/IMG_2759.heic
/Users/mdaffaatstsaqif/Downloads/klaster asli/koleksi teknologika/IMG_2760.heic,31,?,koleksi teknologika,/Users/mdaffaatstsaqif/Downloads/klaster asli/hasil_finetuned/cluster_hdbscan/cluster_31__?/IMG_2760.heic
/Users/mdaffaatstsaqif/Downloads/klaster asli/koleksi teknologika/IMG_2761.heic,31,?,koleksi teknologika,/Users/mdaffaatstsaqif/Downloads/klaster asli/hasil_finetuned/cluster_hdbscan/cluster_31__?/IMG_2761.heic
/Users/mdaffaatstsaqif/Downloads/klaster asli/koleksi teknologika/IMG_2762.heic,10,?,koleksi teknologika,/Users/mdaffaatstsaqif/Downloads/klaster asli/hasil_finetuned/cluster_hdbscan/cluster_10__?/IMG_2762.heic
/Users/mdaffaatstsaqif/Downloads/klaster asli/koleksi teknologika/IMG_2763.heic,10,?,koleksi teknologika,/Users/mdaffaatstsaqif/Downloads/klaster asli/hasil_finetuned/cluster_hdbscan/cluster_10__?/IMG_2763.heic
/Users/mdaffaatstsaqif/Downloads/klaster asli/koleksi teknologika/IMG_2764.heic,21,?,koleksi teknologika,/Users/mdaffaatstsaqif/Downloads/klaster asli/hasil_finetuned/cluster_hdbscan/cluster_21__?/IMG_2764.heic
/Users/mdaffaatstsaqif/Downloads/klaster asli/koleksi teknologika/IMG_2765.heic,21,?,koleksi teknologika,/Users/mdaffaatstsaqif/Downloads/klaster asli/hasil_finetuned/cluster_hdbscan/cluster_21__?/IMG_2765.heic
/Users/mdaffaatstsaqif/Downloads/klaster asli/koleksi teknologika/IMG_2766.heic,31,?,koleksi teknologika,/Users/mdaffaatstsaqif/Downloads/klaster asli/hasil_finetuned/cluster_hdbscan/cluster_31__?/IMG_2766.heic
/Users/mdaffaatstsaqif/Downloads/klaster asli/koleksi teknologika/IMG_2767.heic,31,?,koleksi teknologika,/Users/mdaffaatstsaqif/Downloads/klaster asli/hasil_finetuned/cluster_hdbscan/cluster_31__?/IMG_2767.heic
/Users/mdaffaatstsaqif/Downloads/klaster asli/koleksi teknologika/IMG_2768.heic,32,?,koleksi teknologika,/Users/mdaffaatstsaqif/Downloads/klaster asli/hasil_finetuned/cluster_hdbscan/cluster_32__?/IMG_2768_7776.heic
/Users/mdaffaatstsaqif/Downloads/klaster asli/koleksi teknologika/IMG_2769.heic,22,?,koleksi teknologika,/Users/mdaffaatstsaqif/Downloads/klaster asli/hasil_finetuned/cluster_hdbscan/cluster_22__?/IMG_2769.heic
/Users/mdaffaatstsaqif/Downloads/klaster asli/koleksi teknologika/IMG_2770.heic,22,?,koleksi teknologika,/Users/mdaffaatstsaqif/Downloads/klaster asli/hasil_finetuned/cluster_hdbscan/cluster_22__?/IMG_2770.heic
/Users/mdaffaatstsaqif/Downloads/klaster asli/koleksi teknologika/IMG_2771.heic,22,?,koleksi teknologika,/Users/mdaffaatstsaqif/Downloads/klaster asli/hasil_finetuned/cluster_hdbscan/cluster_22__?/IMG_2771.heic
/Users/mdaffaatstsaqif/Downloads/klaster asli/koleksi teknologika/IMG_2772.heic,22,?,koleksi teknologika,/Users/mdaffaatstsaqif/Downloads/klaster asli/hasil_finetuned/cluster_hdbscan/cluster_22__?/IMG_2772.heic
/Users/mdaffaatstsaqif/Downloads/klaster asli/koleksi teknologika/IMG_2773.heic,22,?,koleksi teknologika,/Users/mdaffaatstsaqif/Downloads/klaster asli/hasil_finetuned/cluster_hdbscan/cluster_22__?/IMG_2773.heic
/Users/mdaffaatstsaqif/Downloads/klaster asli/koleksi teknologika/IMG_2774.heic,22,?,koleksi teknologika,/Users/mdaffaatstsaqif/Downloads/klaster asli/hasil_finetuned/cluster_hdbscan/cluster_22__?/IMG_2774.heic
/Users/mdaffaatstsaqif/Downloads/klaster asli/koleksi kesenian/IMG_2588.heic,-1,noise,koleksi kesenian,/Users/mdaffaatstsaqif/Downloads/klaster asli/hasil_finetuned/cluster_hdbscan/noise/IMG_2588_3675.heic
/Users/mdaffaatstsaqif/Downloads/klaster asli/koleksi kesenian/IMG_2589.heic,-1,noise,koleksi kesenian,/Users/mdaffaatstsaqif/Downloads/klaster asli/hasil_finetuned/cluster_hdbscan/noise/IMG_2589_3054.heic
/Users/mdaffaatstsaqif/Downloads/klaster asli/koleksi kesenian/IMG_2590.heic,-1,noise,koleksi kesenian,/Users/mdaffaatstsaqif/Downloads/klaster asli/hasil_finetuned/cluster_hdbscan/noise/IMG_2590_7970.heic
/Users/mdaffaatstsaqif/Downloads/klaster asli/koleksi kesenian/IMG_2591.heic,-1,noise,koleksi kesenian,/Users/mdaffaatstsaqif/Downloads/klaster asli/hasil_finetuned/cluster_hdbscan/noise/IMG_2591_2143.heic
/Users/mdaffaatstsaqif/Downloads/klaster asli/koleksi kesenian/IMG_2592.heic,30,?,koleksi kesenian,/Users/mdaffaatstsaqif/Downloads/klaster asli/hasil_finetuned/cluster_hdbscan/cluster_30__?/IMG_2592.heic
/Users/mdaffaatstsaqif/Downloads/klaster asli/koleksi kesenian/IMG_2593.heic,30,?,koleksi kesenian,/Users/mdaffaatstsaqif/Downloads/klaster asli/hasil_finetuned/cluster_hdbscan/cluster_30__?/IMG_2593.heic
/Users/mdaffaatstsaqif/Downloads/klaster asli/koleksi kesenian/IMG_2594.heic,30,?,koleksi kesenian,/Users/mdaffaatstsaqif/Downloads/klaster asli/hasil_finetuned/cluster_hdbscan/cluster_30__?/IMG_2594.heic
/Users/mdaffaatstsaqif/Downloads/klaster asli/koleksi kesenian/IMG_2595.heic,26,?,koleksi kesenian,/Users/mdaffaatstsaqif/Downloads/klaster asli/hasil_finetuned/cluster_hdbscan/cluster_26__?/IMG_2595.heic
/Users/mdaffaatstsaqif/Downloads/klaster asli/koleksi kesenian/IMG_2596.heic,26,?,koleksi kesenian,/Users/mdaffaatstsaqif/Downloads/klaster asli/hasil_finetuned/cluster_hdbscan/cluster_26__?/IMG_2596.heic
/Users/mdaffaatstsaqif/Downloads/klaster asli/koleksi kesenian/IMG_2597.heic,16,?,koleksi kesenian,/Users/mdaffaatstsaqif/Downloads/klaster asli/hasil_finetuned/cluster_hdbscan/cluster_16__?/IMG_2597.heic
/Users/mdaffaatstsaqif/Downloads/klaster asli/koleksi kesenian/IMG_2598.heic,26,?,koleksi kesenian,/Users/mdaffaatstsaqif/Downloads/klaster asli/hasil_finetuned/cluster_hdbscan/cluster_26__?/IMG_2598.heic
/Users/mdaffaatstsaqif/Downloads/klaster asli/koleksi kesenian/IMG_2599.heic,-1,noise,koleksi kesenian,/Users/mdaffaatstsaqif/Downloads/klaster asli/hasil_finetuned/cluster_hdbscan/noise/IMG_2599_5207.heic
/Users/mdaffaatstsaqif/Downloads/klaster asli/koleksi kesenian/IMG_2600.heic,-1,noise,koleksi kesenian,/Users/mdaffaatstsaqif/Downloads/klaster asli/hasil_finetuned/cluster_hdbscan/noise/IMG_2600_9503.heic
/Users/mdaffaatstsaqif/Downloads/klaster asli/koleksi kesenian/IMG_2601.heic,2,?,koleksi kesenian,/Users/mdaffaatstsaqif/Downloads/klaster asli/hasil_finetuned/cluster_hdbscan/cluster_02__?/IMG_2601.heic
/Users/mdaffaatstsaqif/Downloads/klaster asli/koleksi kesenian/IMG_2602.heic,2,?,koleksi kesenian,/Users/mdaffaatstsaqif/Downloads/klaster asli/hasil_finetuned/cluster_hdbscan/cluster_02__?/IMG_2602.heic
/Users/mdaffaatstsaqif/Downloads/klaster asli/koleksi kesenian/IMG_2603.heic,2,?,koleksi kesenian,/Users/mdaffaatstsaqif/Downloads/klaster asli/hasil_finetuned/cluster_hdbscan/cluster_02__?/IMG_2603.heic
/Users/mdaffaatstsaqif/Downloads/klaster asli/koleksi kesenian/IMG_2604.heic,2,?,koleksi kesenian,/Users/mdaffaatstsaqif/Downloads/klaster asli/hasil_finetuned/cluster_hdbscan/cluster_02__?/IMG_2604.heic
/Users/mdaffaatstsaqif/Downloads/klaster asli/koleksi kesenian/IMG_2605.heic,2,?,koleksi kesenian,/Users/mdaffaatstsaqif/Downloads/klaster asli/hasil_finetuned/cluster_hdbscan/cluster_02__?/IMG_2605.heic
/Users/mdaffaatstsaqif/Downloads/klaster asli/koleksi kesenian/IMG_2606.heic,2,?,koleksi kesenian,/Users/mdaffaatstsaqif/Downloads/klaster asli/hasil_finetuned/cluster_hdbscan/cluster_02__?/IMG_2606.heic
/Users/mdaffaatstsaqif/Downloads/klaster asli/koleksi kesenian/IMG_2607.heic,2,?,koleksi kesenian,/Users/mdaffaatstsaqif/Downloads/klaster asli/hasil_finetuned/cluster_hdbscan/cluster_02__?/IMG_2607.heic
/Users/mdaffaatstsaqif/Downloads/klaster asli/koleksi kesenian/IMG_2608.heic,2,?,koleksi kesenian,/Users/mdaffaatstsaqif/Downloads/klaster asli/hasil_finetuned/cluster_hdbscan/cluster_02__?/IMG_2608.heic
/Users/mdaffaatstsaqif/Downloads/klaster asli/koleksi kesenian/IMG_2609.heic,26,?,koleksi kesenian,/Users/mdaffaatstsaqif/Downloads/klaster asli/hasil_finetuned/cluster_hdbscan/cluster_26__?/IMG_2609.heic
/Users/mdaffaatstsaqif/Downloads/klaster asli/koleksi kesenian/IMG_2610.heic,26,?,koleksi kesenian,/Users/mdaffaatstsaqif/Downloads/klaster asli/hasil_finetuned/cluster_hdbscan/cluster_26__?/IMG_2610.heic
/Users/mdaffaatstsaqif/Downloads/klaster asli/koleksi kesenian/IMG_2611.heic,26,?,koleksi kesenian,/Users/mdaffaatstsaqif/Downloads/klaster asli/hasil_finetuned/cluster_hdbscan/cluster_26__?/IMG_2611.heic
/Users/mdaffaatstsaqif/Downloads/klaster asli/koleksi kesenian/IMG_2612.heic,22,?,koleksi kesenian,/Users/mdaffaatstsaqif/Downloads/klaster asli/hasil_finetuned/cluster_hdbscan/cluster_22__?/IMG_2612.heic
/Users/mdaffaatstsaqif/Downloads/klaster asli/koleksi kesenian/IMG_2613.heic,22,?,koleksi kesenian,/Users/mdaffaatstsaqif/Downloads/klaster asli/hasil_finetuned/cluster_hdbscan/cluster_22__?/IMG_2613.heic
/Users/mdaffaatstsaqif/Downloads/klaster asli/koleksi kesenian/IMG_2614.heic,26,?,koleksi kesenian,/Users/mdaffaatstsaqif/Downloads/klaster asli/hasil_finetuned/cluster_hdbscan/cluster_26__?/IMG_2614.heic
/Users/mdaffaatstsaqif/Downloads/klaster asli/koleksi kesenian/IMG_2615.heic,26,?,koleksi kesenian,/Users/mdaffaatstsaqif/Downloads/klaster asli/hasil_finetuned/cluster_hdbscan/cluster_26__?/IMG_2615.heic
/Users/mdaffaatstsaqif/Downloads/klaster asli/koleksi kesenian/IMG_2616.heic,26,?,koleksi kesenian,/Users/mdaffaatstsaqif/Downloads/klaster asli/hasil_finetuned/cluster_hdbscan/cluster_26__?/IMG_2616.heic
/Users/mdaffaatstsaqif/Downloads/klaster asli/koleksi kesenian/IMG_2617.heic,26,?,koleksi kesenian,/Users/mdaffaatstsaqif/Downloads/klaster asli/hasil_finetuned/cluster_hdbscan/cluster_26__?/IMG_2617.heic
/Users/mdaffaatstsaqif/Downloads/klaster asli/koleksi kesenian/IMG_2618.heic,26,?,koleksi kesenian,/Users/mdaffaatstsaqif/Downloads/klaster asli/hasil_finetuned/cluster_hdbscan/cluster_26__?/IMG_2618.heic
/Users/mdaffaatstsaqif/Downloads/klaster asli/koleksi kesenian/IMG_2619.heic,26,?,koleksi kesenian,/Users/mdaffaatstsaqif/Downloads/klaster asli/hasil_finetuned/cluster_hdbscan/cluster_26__?/IMG_2619.heic
/Users/mdaffaatstsaqif/Downloads/klaster asli/koleksi kesenian/IMG_2620.heic,26,?,koleksi kesenian,/Users/mdaffaatstsaqif/Downloads/klaster asli/hasil_finetuned/cluster_hdbscan/cluster_26__?/IMG_2620.heic
/Users/mdaffaatstsaqif/Downloads/klaster asli/koleksi kesenian/IMG_2621.heic,26,?,koleksi kesenian,/Users/mdaffaatstsaqif/Downloads/klaster asli/hasil_finetuned/cluster_hdbscan/cluster_26__?/IMG_2621.heic
/Users/mdaffaatstsaqif/Downloads/klaster asli/koleksi kesenian/IMG_2622.heic,26,?,koleksi kesenian,/Users/mdaffaatstsaqif/Downloads/klaster asli/hasil_finetuned/cluster_hdbscan/cluster_26__?/IMG_2622.heic
/Users/mdaffaatstsaqif/Downloads/klaster asli/koleksi kesenian/IMG_2623.heic,26,?,koleksi kesenian,/Users/mdaffaatstsaqif/Downloads/klaster asli/hasil_finetuned/cluster_hdbscan/cluster_26__?/IMG_2623.heic
/Users/mdaffaatstsaqif/Downloads/klaster asli/koleksi kesenian/IMG_2624.heic,26,?,koleksi kesenian,/Users/mdaffaatstsaqif/Downloads/klaster asli/hasil_finetuned/cluster_hdbscan/cluster_26__?/IMG_2624.heic
/Users/mdaffaatstsaqif/Downloads/klaster asli/koleksi kesenian/IMG_2625.heic,16,?,koleksi kesenian,/Users/mdaffaatstsaqif/Downloads/klaster asli/hasil_finetuned/cluster_hdbscan/cluster_16__?/IMG_2625.heic
/Users/mdaffaatstsaqif/Downloads/klaster asli/koleksi etnografi/IMG_2151.HEIC,19,?,koleksi etnografi,/Users/mdaffaatstsaqif/Downloads/klaster asli/hasil_finetuned/cluster_hdbscan/cluster_19__?/IMG_2151.HEIC
/Users/mdaffaatstsaqif/Downloads/klaster asli/koleksi etnografi/IMG_2152.HEIC,27,?,koleksi etnografi,/Users/mdaffaatstsaqif/Downloads/klaster asli/hasil_finetuned/cluster_hdbscan/cluster_27__?/IMG_2152.HEIC
/Users/mdaffaatstsaqif/Downloads/klaster asli/koleksi etnografi/IMG_2153.HEIC,27,?,koleksi etnografi,/Users/mdaffaatstsaqif/Downloads/klaster asli/hasil_finetuned/cluster_hdbscan/cluster_27__?/IMG_2153.HEIC
/Users/mdaffaatstsaqif/Downloads/klaster asli/koleksi etnografi/IMG_2154.HEIC,24,?,koleksi etnografi,/Users/mdaffaatstsaqif/Downloads/klaster asli/hasil_finetuned/cluster_hdbscan/cluster_24__?/IMG_2154.HEIC
/Users/mdaffaatstsaqif/Downloads/klaster asli/koleksi etnografi/IMG_2155.HEIC,24,?,koleksi etnografi,/Users/mdaffaatstsaqif/Downloads/klaster asli/hasil_finetuned/cluster_hdbscan/cluster_24__?/IMG_2155.HEIC
/Users/mdaffaatstsaqif/Downloads/klaster asli/koleksi etnografi/IMG_2156.HEIC,24,?,koleksi etnografi,/Users/mdaffaatstsaqif/Downloads/klaster asli/hasil_finetuned/cluster_hdbscan/cluster_24__?/IMG_2156.HEIC
/Users/mdaffaatstsaqif/Downloads/klaster asli/koleksi etnografi/IMG_2157.HEIC,-1,noise,koleksi etnografi,/Users/mdaffaatstsaqif/Downloads/klaster asli/hasil_finetuned/cluster_hdbscan/noise/IMG_2157.HEIC
/Users/mdaffaatstsaqif/Downloads/klaster asli/koleksi etnografi/IMG_2158.HEIC,24,?,koleksi etnografi,/Users/mdaffaatstsaqif/Downloads/klaster asli/hasil_finetuned/cluster_hdbscan/cluster_24__?/IMG_2158.HEIC
/Users/mdaffaatstsaqif/Downloads/klaster asli/koleksi etnografi/IMG_2159.HEIC,24,?,koleksi etnografi,/Users/mdaffaatstsaqif/Downloads/klaster asli/hasil_finetuned/cluster_hdbscan/cluster_24__?/IMG_2159.HEIC
/Users/mdaffaatstsaqif/Downloads/klaster asli/koleksi etnografi/IMG_2160.HEIC,24,?,koleksi etnografi,/Users/mdaffaatstsaqif/Downloads/klaster asli/hasil_finetuned/cluster_hdbscan/cluster_24__?/IMG_2160.HEIC
/Users/mdaffaatstsaqif/Downloads/klaster asli/koleksi etnografi/IMG_2161.HEIC,24,?,koleksi etnografi,/Users/mdaffaatstsaqif/Downloads/klaster asli/hasil_finetuned/cluster_hdbscan/cluster_24__?/IMG_2161.HEIC
/Users/mdaffaatstsaqif/Downloads/klaster asli/koleksi etnografi/IMG_2162.HEIC,24,?,koleksi etnografi,/Users/mdaffaatstsaqif/Downloads/klaster asli/hasil_finetuned/cluster_hdbscan/cluster_24__?/IMG_2162.HEIC
/Users/mdaffaatstsaqif/Downloads/klaster asli/koleksi etnografi/IMG_2163.HEIC,28,?,koleksi etnografi,/Users/mdaffaatstsaqif/Downloads/klaster asli/hasil_finetuned/cluster_hdbscan/cluster_28__?/IMG_2163.HEIC
/Users/mdaffaatstsaqif/Downloads/klaster asli/koleksi etnografi/IMG_2164.HEIC,28,?,koleksi etnografi,/Users/mdaffaatstsaqif/Downloads/klaster asli/hasil_finetuned/cluster_hdbscan/cluster_28__?/IMG_2164.HEIC
/Users/mdaffaatstsaqif/Downloads/klaster asli/koleksi etnografi/IMG_2165.HEIC,28,?,koleksi etnografi,/Users/mdaffaatstsaqif/Downloads/klaster asli/hasil_finetuned/cluster_hdbscan/cluster_28__?/IMG_2165.HEIC
/Users/mdaffaatstsaqif/Downloads/klaster asli/koleksi etnografi/IMG_2166.HEIC,22,?,koleksi etnografi,/Users/mdaffaatstsaqif/Downloads/klaster asli/hasil_finetuned/cluster_hdbscan/cluster_22__?/IMG_2166.HEIC
/Users/mdaffaatstsaqif/Downloads/klaster asli/koleksi etnografi/IMG_2167.HEIC,22,?,koleksi etnografi,/Users/mdaffaatstsaqif/Downloads/klaster asli/hasil_finetuned/cluster_hdbscan/cluster_22__?/IMG_2167.HEIC
/Users/mdaffaatstsaqif/Downloads/klaster asli/koleksi etnografi/IMG_2168.HEIC,32,?,koleksi etnografi,/Users/mdaffaatstsaqif/Downloads/klaster asli/hasil_finetuned/cluster_hdbscan/cluster_32__?/IMG_2168_2538.HEIC
/Users/mdaffaatstsaqif/Downloads/klaster asli/koleksi etnografi/IMG_2169.HEIC,-1,noise,koleksi etnografi,/Users/mdaffaatstsaqif/Downloads/klaster asli/hasil_finetuned/cluster_hdbscan/noise/IMG_2169_4547.HEIC
/Users/mdaffaatstsaqif/Downloads/klaster asli/koleksi etnografi/IMG_2170.HEIC,22,?,koleksi etnografi,/Users/mdaffaatstsaqif/Downloads/klaster asli/hasil_finetuned/cluster_hdbscan/cluster_22__?/IMG_2170.HEIC
/Users/mdaffaatstsaqif/Downloads/klaster asli/koleksi etnografi/IMG_2171.HEIC,22,?,koleksi etnografi,/Users/mdaffaatstsaqif/Downloads/klaster asli/hasil_finetuned/cluster_hdbscan/cluster_22__?/IMG_2171.HEIC
/Users/mdaffaatstsaqif/Downloads/klaster asli/koleksi etnografi/IMG_2172.HEIC,28,?,koleksi etnografi,/Users/mdaffaatstsaqif/Downloads/klaster asli/hasil_finetuned/cluster_hdbscan/cluster_28__?/IMG_2172.HEIC
/Users/mdaffaatstsaqif/Downloads/klaster asli/koleksi etnografi/IMG_2173.HEIC,28,?,koleksi etnografi,/Users/mdaffaatstsaqif/Downloads/klaster asli/hasil_finetuned/cluster_hdbscan/cluster_28__?/IMG_2173.HEIC
/Users/mdaffaatstsaqif/Downloads/klaster asli/koleksi etnografi/IMG_2174.HEIC,22,?,koleksi etnografi,/Users/mdaffaatstsaqif/Downloads/klaster asli/hasil_finetuned/cluster_hdbscan/cluster_22__?/IMG_2174.HEIC
/Users/mdaffaatstsaqif/Downloads/klaster asli/koleksi etnografi/IMG_2175.HEIC,16,?,koleksi etnografi,/Users/mdaffaatstsaqif/Downloads/klaster asli/hasil_finetuned/cluster_hdbscan/cluster_16__?/IMG_2175.HEIC
/Users/mdaffaatstsaqif/Downloads/klaster asli/koleksi etnografi/IMG_2176.HEIC,16,?,koleksi etnografi,/Users/mdaffaatstsaqif/Downloads/klaster asli/hasil_finetuned/cluster_hdbscan/cluster_16__?/IMG_2176.HEIC
/Users/mdaffaatstsaqif/Downloads/klaster asli/koleksi etnografi/IMG_2177.HEIC,16,?,koleksi etnografi,/Users/mdaffaatstsaqif/Downloads/klaster asli/hasil_finetuned/cluster_hdbscan/cluster_16__?/IMG_2177.HEIC
/Users/mdaffaatstsaqif/Downloads/klaster asli/koleksi etnografi/IMG_2178.HEIC,28,?,koleksi etnografi,/Users/mdaffaatstsaqif/Downloads/klaster asli/hasil_finetuned/cluster_hdbscan/cluster_28__?/IMG_2178.HEIC
/Users/mdaffaatstsaqif/Downloads/klaster asli/koleksi etnografi/IMG_2179.HEIC,28,?,koleksi etnografi,/Users/mdaffaatstsaqif/Downloads/klaster asli/hasil_finetuned/cluster_hdbscan/cluster_28__?/IMG_2179.HEIC
/Users/mdaffaatstsaqif/Downloads/klaster asli/koleksi etnografi/IMG_2180.HEIC,28,?,koleksi etnografi,/Users/mdaffaatstsaqif/Downloads/klaster asli/hasil_finetuned/cluster_hdbscan/cluster_28__?/IMG_2180.HEIC
/Users/mdaffaatstsaqif/Downloads/klaster asli/koleksi etnografi/IMG_2181.HEIC,28,?,koleksi etnografi,/Users/mdaffaatstsaqif/Downloads/klaster asli/hasil_finetuned/cluster_hdbscan/cluster_28__?/IMG_2181.HEIC
/Users/mdaffaatstsaqif/Downloads/klaster asli/koleksi etnografi/IMG_2182.HEIC,19,?,koleksi etnografi,/Users/mdaffaatstsaqif/Downloads/klaster asli/hasil_finetuned/cluster_hdbscan/cluster_19__?/IMG_2182.HEIC
/Users/mdaffaatstsaqif/Downloads/klaster asli/koleksi etnografi/IMG_2183.HEIC,19,?,koleksi etnografi,/Users/mdaffaatstsaqif/Downloads/klaster asli/hasil_finetuned/cluster_hdbscan/cluster_19__?/IMG_2183.HEIC
/Users/mdaffaatstsaqif/Downloads/klaster asli/koleksi etnografi/IMG_2184.HEIC,16,?,koleksi etnografi,/Users/mdaffaatstsaqif/Downloads/klaster asli/hasil_finetuned/cluster_hdbscan/cluster_16__?/IMG_2184.HEIC
/Users/mdaffaatstsaqif/Downloads/klaster asli/koleksi etnografi/IMG_2185.HEIC,16,?,koleksi etnografi,/Users/mdaffaatstsaqif/Downloads/klaster asli/hasil_finetuned/cluster_hdbscan/cluster_16__?/IMG_2185.HEIC
/Users/mdaffaatstsaqif/Downloads/klaster asli/koleksi etnografi/IMG_2186.HEIC,15,?,koleksi etnografi,/Users/mdaffaatstsaqif/Downloads/klaster asli/hasil_finetuned/cluster_hdbscan/cluster_15__?/IMG_2186.HEIC
/Users/mdaffaatstsaqif/Downloads/klaster asli/koleksi etnografi/IMG_2187.HEIC,15,?,koleksi etnografi,/Users/mdaffaatstsaqif/Downloads/klaster asli/hasil_finetuned/cluster_hdbscan/cluster_15__?/IMG_2187.HEIC
/Users/mdaffaatstsaqif/Downloads/klaster asli/koleksi etnografi/IMG_2188.HEIC,28,?,koleksi etnografi,/Users/mdaffaatstsaqif/Downloads/klaster asli/hasil_finetuned/cluster_hdbscan/cluster_28__?/IMG_2188.HEIC
/Users/mdaffaatstsaqif/Downloads/klaster asli/koleksi etnografi/IMG_2189.HEIC,28,?,koleksi etnografi,/Users/mdaffaatstsaqif/Downloads/klaster asli/hasil_finetuned/cluster_hdbscan/cluster_28__?/IMG_2189.HEIC
/Users/mdaffaatstsaqif/Downloads/klaster asli/koleksi etnografi/IMG_2190.HEIC,21,?,koleksi etnografi,/Users/mdaffaatstsaqif/Downloads/klaster asli/hasil_finetuned/cluster_hdbscan/cluster_21__?/IMG_2190.HEIC
/Users/mdaffaatstsaqif/Downloads/klaster asli/koleksi etnografi/IMG_2191.HEIC,29,?,koleksi etnografi,/Users/mdaffaatstsaqif/Downloads/klaster asli/hasil_finetuned/cluster_hdbscan/cluster_29__?/IMG_2191.HEIC
/Users/mdaffaatstsaqif/Downloads/klaster asli/koleksi etnografi/IMG_2192.HEIC,29,?,koleksi etnografi,/Users/mdaffaatstsaqif/Downloads/klaster asli/hasil_finetuned/cluster_hdbscan/cluster_29__?/IMG_2192.HEIC
/Users/mdaffaatstsaqif/Downloads/klaster asli/koleksi etnografi/IMG_2193.HEIC,30,?,koleksi etnografi,/Users/mdaffaatstsaqif/Downloads/klaster asli/hasil_finetuned/cluster_hdbscan/cluster_30__?/IMG_2193.HEIC
/Users/mdaffaatstsaqif/Downloads/klaster asli/koleksi etnografi/IMG_2194.HEIC,-1,noise,koleksi etnografi,/Users/mdaffaatstsaqif/Downloads/klaster asli/hasil_finetuned/cluster_hdbscan/noise/IMG_2194.HEIC
/Users/mdaffaatstsaqif/Downloads/klaster asli/koleksi etnografi/IMG_2195.HEIC,21,?,koleksi etnografi,/Users/mdaffaatstsaqif/Downloads/klaster asli/hasil_finetuned/cluster_hdbscan/cluster_21__?/IMG_2195.HEIC
/Users/mdaffaatstsaqif/Downloads/klaster asli/koleksi etnografi/IMG_2196.HEIC,21,?,koleksi etnografi,/Users/mdaffaatstsaqif/Downloads/klaster asli/hasil_finetuned/cluster_hdbscan/cluster_21__?/IMG_2196.HEIC
/Users/mdaffaatstsaqif/Downloads/klaster asli/koleksi etnografi/IMG_2197.HEIC,8,?,koleksi etnografi,/Users/mdaffaatstsaqif/Downloads/klaster asli/hasil_finetuned/cluster_hdbscan/cluster_08__?/IMG_2197.HEIC
/Users/mdaffaatstsaqif/Downloads/klaster asli/koleksi etnografi/IMG_2198.HEIC,8,?,koleksi etnografi,/Users/mdaffaatstsaqif/Downloads/klaster asli/hasil_finetuned/cluster_hdbscan/cluster_08__?/IMG_2198.HEIC
/Users/mdaffaatstsaqif/Downloads/klaster asli/koleksi etnografi/IMG_2199.HEIC,8,?,koleksi etnografi,/Users/mdaffaatstsaqif/Downloads/klaster asli/hasil_finetuned/cluster_hdbscan/cluster_08__?/IMG_2199.HEIC
/Users/mdaffaatstsaqif/Downloads/klaster asli/koleksi etnografi/IMG_2200.HEIC,8,?,koleksi etnografi,/Users/mdaffaatstsaqif/Downloads/klaster asli/hasil_finetuned/cluster_hdbscan/cluster_08__?/IMG_2200.HEIC
/Users/mdaffaatstsaqif/Downloads/klaster asli/koleksi etnografi/IMG_2201.HEIC,8,?,koleksi etnografi,/Users/mdaffaatstsaqif/Downloads/klaster asli/hasil_finetuned/cluster_hdbscan/cluster_08__?/IMG_2201.HEIC
/Users/mdaffaatstsaqif/Downloads/klaster asli/koleksi etnografi/IMG_2202.HEIC,8,?,koleksi etnografi,/Users/mdaffaatstsaqif/Downloads/klaster asli/hasil_finetuned/cluster_hdbscan/cluster_08__?/IMG_2202.HEIC
/Users/mdaffaatstsaqif/Downloads/klaster asli/koleksi etnografi/IMG_2203.HEIC,-1,noise,koleksi etnografi,/Users/mdaffaatstsaqif/Downloads/klaster asli/hasil_finetuned/cluster_hdbscan/noise/IMG_2203_5619.HEIC
/Users/mdaffaatstsaqif/Downloads/klaster asli/koleksi etnografi/IMG_2204.HEIC,-1,noise,koleksi etnografi,/Users/mdaffaatstsaqif/Downloads/klaster asli/hasil_finetuned/cluster_hdbscan/noise/IMG_2204_8356.HEIC
/Users/mdaffaatstsaqif/Downloads/klaster asli/koleksi etnografi/IMG_2205.HEIC,-1,noise,koleksi etnografi,/Users/mdaffaatstsaqif/Downloads/klaster asli/hasil_finetuned/cluster_hdbscan/noise/IMG_2205.HEIC
/Users/mdaffaatstsaqif/Downloads/klaster asli/koleksi etnografi/IMG_2206.HEIC,-1,noise,koleksi etnografi,/Users/mdaffaatstsaqif/Downloads/klaster asli/hasil_finetuned/cluster_hdbscan/noise/IMG_2206.HEIC
/Users/mdaffaatstsaqif/Downloads/klaster asli/koleksi etnografi/IMG_2221.HEIC,30,?,koleksi etnografi,/Users/mdaffaatstsaqif/Downloads/klaster asli/hasil_finetuned/cluster_hdbscan/cluster_30__?/IMG_2221.HEIC
/Users/mdaffaatstsaqif/Downloads/klaster asli/koleksi etnografi/IMG_2222.HEIC,30,?,koleksi etnografi,/Users/mdaffaatstsaqif/Downloads/klaster asli/hasil_finetuned/cluster_hdbscan/cluster_30__?/IMG_2222.HEIC
/Users/mdaffaatstsaqif/Downloads/klaster asli/koleksi etnografi/IMG_2223.HEIC,30,?,koleksi etnografi,/Users/mdaffaatstsaqif/Downloads/klaster asli/hasil_finetuned/cluster_hdbscan/cluster_30__?/IMG_2223.HEIC
/Users/mdaffaatstsaqif/Downloads/klaster asli/koleksi etnografi/IMG_2224.HEIC,30,?,koleksi etnografi,/Users/mdaffaatstsaqif/Downloads/klaster asli/hasil_finetuned/cluster_hdbscan/cluster_30__?/IMG_2224.HEIC
/Users/mdaffaatstsaqif/Downloads/klaster asli/koleksi etnografi/IMG_2225.HEIC,30,?,koleksi etnografi,/Users/mdaffaatstsaqif/Downloads/klaster asli/hasil_finetuned/cluster_hdbscan/cluster_30__?/IMG_2225.HEIC
/Users/mdaffaatstsaqif/Downloads/klaster asli/koleksi etnografi/IMG_2226.HEIC,30,?,koleksi etnografi,/Users/mdaffaatstsaqif/Downloads/klaster asli/hasil_finetuned/cluster_hdbscan/cluster_30__?/IMG_2226.HEIC
/Users/mdaffaatstsaqif/Downloads/klaster asli/koleksi etnografi/IMG_2227.HEIC,25,?,koleksi etnografi,/Users/mdaffaatstsaqif/Downloads/klaster asli/hasil_finetuned/cluster_hdbscan/cluster_25__?/IMG_2227.HEIC
/Users/mdaffaatstsaqif/Downloads/klaster asli/koleksi etnografi/IMG_2228.HEIC,32,?,koleksi etnografi,/Users/mdaffaatstsaqif/Downloads/klaster asli/hasil_finetuned/cluster_hdbscan/cluster_32__?/IMG_2228.HEIC
/Users/mdaffaatstsaqif/Downloads/klaster asli/koleksi etnografi/IMG_2229.HEIC,32,?,koleksi etnografi,/Users/mdaffaatstsaqif/Downloads/klaster asli/hasil_finetuned/cluster_hdbscan/cluster_32__?/IMG_2229.HEIC
/Users/mdaffaatstsaqif/Downloads/klaster asli/koleksi etnografi/IMG_2230.HEIC,32,?,koleksi etnografi,/Users/mdaffaatstsaqif/Downloads/klaster asli/hasil_finetuned/cluster_hdbscan/cluster_32__?/IMG_2230_6612.HEIC
/Users/mdaffaatstsaqif/Downloads/klaster asli/koleksi etnografi/IMG_2231.HEIC,21,?,koleksi etnografi,/Users/mdaffaatstsaqif/Downloads/klaster asli/hasil_finetuned/cluster_hdbscan/cluster_21__?/IMG_2231.HEIC
/Users/mdaffaatstsaqif/Downloads/klaster asli/koleksi etnografi/IMG_2232.heic,8,?,koleksi etnografi,/Users/mdaffaatstsaqif/Downloads/klaster asli/hasil_finetuned/cluster_hdbscan/cluster_08__?/IMG_2232.heic
/Users/mdaffaatstsaqif/Downloads/klaster asli/koleksi etnografi/IMG_2233.HEIC,8,?,koleksi etnografi,/Users/mdaffaatstsaqif/Downloads/klaster asli/hasil_finetuned/cluster_hdbscan/cluster_08__?/IMG_2233.HEIC
/Users/mdaffaatstsaqif/Downloads/klaster asli/koleksi etnografi/IMG_2235.HEIC,16,?,koleksi etnografi,/Users/mdaffaatstsaqif/Downloads/klaster asli/hasil_finetuned/cluster_hdbscan/cluster_16__?/IMG_2235.HEIC
/Users/mdaffaatstsaqif/Downloads/klaster asli/koleksi etnografi/IMG_2236.HEIC,16,?,koleksi etnografi,/Users/mdaffaatstsaqif/Downloads/klaster asli/hasil_finetuned/cluster_hdbscan/cluster_16__?/IMG_2236.HEIC
/Users/mdaffaatstsaqif/Downloads/klaster asli/koleksi etnografi/IMG_2237.HEIC,16,?,koleksi etnografi,/Users/mdaffaatstsaqif/Downloads/klaster asli/hasil_finetuned/cluster_hdbscan/cluster_16__?/IMG_2237.HEIC
/Users/mdaffaatstsaqif/Downloads/klaster asli/koleksi etnografi/IMG_2238.HEIC,32,?,koleksi etnografi,/Users/mdaffaatstsaqif/Downloads/klaster asli/hasil_finetuned/cluster_hdbscan/cluster_32__?/IMG_2238_5005.HEIC
/Users/mdaffaatstsaqif/Downloads/klaster asli/koleksi etnografi/IMG_2239.HEIC,22,?,koleksi etnografi,/Users/mdaffaatstsaqif/Downloads/klaster asli/hasil_finetuned/cluster_hdbscan/cluster_22__?/IMG_2239.HEIC
/Users/mdaffaatstsaqif/Downloads/klaster asli/koleksi etnografi/IMG_2240.HEIC,22,?,koleksi etnografi,/Users/mdaffaatstsaqif/Downloads/klaster asli/hasil_finetuned/cluster_hdbscan/cluster_22__?/IMG_2240.HEIC
/Users/mdaffaatstsaqif/Downloads/klaster asli/koleksi etnografi/IMG_2241.HEIC,22,?,koleksi etnografi,/Users/mdaffaatstsaqif/Downloads/klaster asli/hasil_finetuned/cluster_hdbscan/cluster_22__?/IMG_2241.HEIC
/Users/mdaffaatstsaqif/Downloads/klaster asli/koleksi etnografi/IMG_2242.HEIC,22,?,koleksi etnografi,/Users/mdaffaatstsaqif/Downloads/klaster asli/hasil_finetuned/cluster_hdbscan/cluster_22__?/IMG_2242.HEIC
/Users/mdaffaatstsaqif/Downloads/klaster asli/koleksi etnografi/IMG_2243.HEIC,6,?,koleksi etnografi,/Users/mdaffaatstsaqif/Downloads/klaster asli/hasil_finetuned/cluster_hdbscan/cluster_06__?/IMG_2243.HEIC
/Users/mdaffaatstsaqif/Downloads/klaster asli/koleksi etnografi/IMG_2244.HEIC,29,?,koleksi etnografi,/Users/mdaffaatstsaqif/Downloads/klaster asli/hasil_finetuned/cluster_hdbscan/cluster_29__?/IMG_2244.HEIC
/Users/mdaffaatstsaqif/Downloads/klaster asli/koleksi etnografi/IMG_2245.HEIC,29,?,koleksi etnografi,/Users/mdaffaatstsaqif/Downloads/klaster asli/hasil_finetuned/cluster_hdbscan/cluster_29__?/IMG_2245.HEIC
/Users/mdaffaatstsaqif/Downloads/klaster asli/koleksi etnografi/IMG_2246.HEIC,29,?,koleksi etnografi,/Users/mdaffaatstsaqif/Downloads/klaster asli/hasil_finetuned/cluster_hdbscan/cluster_29__?/IMG_2246.HEIC
/Users/mdaffaatstsaqif/Downloads/klaster asli/koleksi etnografi/IMG_2247.HEIC,29,?,koleksi etnografi,/Users/mdaffaatstsaqif/Downloads/klaster asli/hasil_finetuned/cluster_hdbscan/cluster_29__?/IMG_2247.HEIC
/Users/mdaffaatstsaqif/Downloads/klaster asli/koleksi etnografi/IMG_2248.HEIC,26,?,koleksi etnografi,/Users/mdaffaatstsaqif/Downloads/klaster asli/hasil_finetuned/cluster_hdbscan/cluster_26__?/IMG_2248.HEIC
/Users/mdaffaatstsaqif/Downloads/klaster asli/koleksi etnografi/IMG_2249.HEIC,26,?,koleksi etnografi,/Users/mdaffaatstsaqif/Downloads/klaster asli/hasil_finetuned/cluster_hdbscan/cluster_26__?/IMG_2249.HEIC
/Users/mdaffaatstsaqif/Downloads/klaster asli/koleksi etnografi/IMG_2250.HEIC,29,?,koleksi etnografi,/Users/mdaffaatstsaqif/Downloads/klaster asli/hasil_finetuned/cluster_hdbscan/cluster_29__?/IMG_2250.HEIC
/Users/mdaffaatstsaqif/Downloads/klaster asli/koleksi etnografi/IMG_2251.HEIC,29,?,koleksi etnografi,/Users/mdaffaatstsaqif/Downloads/klaster asli/hasil_finetuned/cluster_hdbscan/cluster_29__?/IMG_2251.HEIC
/Users/mdaffaatstsaqif/Downloads/klaster asli/koleksi etnografi/IMG_2252.HEIC,29,?,koleksi etnografi,/Users/mdaffaatstsaqif/Downloads/klaster asli/hasil_finetuned/cluster_hdbscan/cluster_29__?/IMG_2252.HEIC
/Users/mdaffaatstsaqif/Downloads/klaster asli/koleksi etnografi/IMG_2253.HEIC,29,?,koleksi etnografi,/Users/mdaffaatstsaqif/Downloads/klaster asli/hasil_finetuned/cluster_hdbscan/cluster_29__?/IMG_2253.HEIC
/Users/mdaffaatstsaqif/Downloads/klaster asli/koleksi etnografi/IMG_2254.HEIC,29,?,koleksi etnografi,/Users/mdaffaatstsaqif/Downloads/klaster asli/hasil_finetuned/cluster_hdbscan/cluster_29__?/IMG_2254.HEIC
/Users/mdaffaatstsaqif/Downloads/klaster asli/koleksi etnografi/IMG_2255.HEIC,29,?,koleksi etnografi,/Users/mdaffaatstsaqif/Downloads/klaster asli/hasil_finetuned/cluster_hdbscan/cluster_29__?/IMG_2255.HEIC
/Users/mdaffaatstsaqif/Downloads/klaster asli/koleksi etnografi/IMG_2256.HEIC,26,?,koleksi etnografi,/Users/mdaffaatstsaqif/Downloads/klaster asli/hasil_finetuned/cluster_hdbscan/cluster_26__?/IMG_2256.HEIC
/Users/mdaffaatstsaqif/Downloads/klaster asli/koleksi etnografi/IMG_2257.HEIC,26,?,koleksi etnografi,/Users/mdaffaatstsaqif/Downloads/klaster asli/hasil_finetuned/cluster_hdbscan/cluster_26__?/IMG_2257.HEIC
/Users/mdaffaatstsaqif/Downloads/klaster asli/koleksi etnografi/IMG_2258.HEIC,-1,noise,koleksi etnografi,/Users/mdaffaatstsaqif/Downloads/klaster asli/hasil_finetuned/cluster_hdbscan/noise/IMG_2258.HEIC
/Users/mdaffaatstsaqif/Downloads/klaster asli/koleksi etnografi/IMG_2259.HEIC,-1,noise,koleksi etnografi,/Users/mdaffaatstsaqif/Downloads/klaster asli/hasil_finetuned/cluster_hdbscan/noise/IMG_2259.HEIC
/Users/mdaffaatstsaqif/Downloads/klaster asli/koleksi etnografi/IMG_2260.HEIC,-1,noise,koleksi etnografi,/Users/mdaffaatstsaqif/Downloads/klaster asli/hasil_finetuned/cluster_hdbscan/noise/IMG_2260.HEIC
/Users/mdaffaatstsaqif/Downloads/klaster asli/koleksi etnografi/IMG_2261.HEIC,-1,noise,koleksi etnografi,/Users/mdaffaatstsaqif/Downloads/klaster asli/hasil_finetuned/cluster_hdbscan/noise/IMG_2261.HEIC
/Users/mdaffaatstsaqif/Downloads/klaster asli/koleksi etnografi/IMG_2262.HEIC,-1,noise,koleksi etnografi,/Users/mdaffaatstsaqif/Downloads/klaster asli/hasil_finetuned/cluster_hdbscan/noise/IMG_2262.HEIC
/Users/mdaffaatstsaqif/Downloads/klaster asli/koleksi etnografi/IMG_2263.HEIC,-1,noise,koleksi etnografi,/Users/mdaffaatstsaqif/Downloads/klaster asli/hasil_finetuned/cluster_hdbscan/noise/IMG_2263.HEIC
/Users/mdaffaatstsaqif/Downloads/klaster asli/koleksi etnografi/IMG_2264.HEIC,23,?,koleksi etnografi,/Users/mdaffaatstsaqif/Downloads/klaster asli/hasil_finetuned/cluster_hdbscan/cluster_23__?/IMG_2264.HEIC
/Users/mdaffaatstsaqif/Downloads/klaster asli/koleksi etnografi/IMG_2265.HEIC,23,?,koleksi etnografi,/Users/mdaffaatstsaqif/Downloads/klaster asli/hasil_finetuned/cluster_hdbscan/cluster_23__?/IMG_2265.HEIC
/Users/mdaffaatstsaqif/Downloads/klaster asli/koleksi etnografi/IMG_2266.HEIC,23,?,koleksi etnografi,/Users/mdaffaatstsaqif/Downloads/klaster asli/hasil_finetuned/cluster_hdbscan/cluster_23__?/IMG_2266.HEIC
/Users/mdaffaatstsaqif/Downloads/klaster asli/koleksi etnografi/IMG_2267.HEIC,24,?,koleksi etnografi,/Users/mdaffaatstsaqif/Downloads/klaster asli/hasil_finetuned/cluster_hdbscan/cluster_24__?/IMG_2267.HEIC
/Users/mdaffaatstsaqif/Downloads/klaster asli/koleksi etnografi/IMG_2268.HEIC,24,?,koleksi etnografi,/Users/mdaffaatstsaqif/Downloads/klaster asli/hasil_finetuned/cluster_hdbscan/cluster_24__?/IMG_2268.HEIC
/Users/mdaffaatstsaqif/Downloads/klaster asli/koleksi etnografi/IMG_2269.HEIC,23,?,koleksi etnografi,/Users/mdaffaatstsaqif/Downloads/klaster asli/hasil_finetuned/cluster_hdbscan/cluster_23__?/IMG_2269.HEIC
/Users/mdaffaatstsaqif/Downloads/klaster asli/koleksi etnografi/IMG_2270.HEIC,23,?,koleksi etnografi,/Users/mdaffaatstsaqif/Downloads/klaster asli/hasil_finetuned/cluster_hdbscan/cluster_23__?/IMG_2270.HEIC
/Users/mdaffaatstsaqif/Downloads/klaster asli/koleksi etnografi/IMG_2271.HEIC,23,?,koleksi etnografi,/Users/mdaffaatstsaqif/Downloads/klaster asli/hasil_finetuned/cluster_hdbscan/cluster_23__?/IMG_2271.HEIC
/Users/mdaffaatstsaqif/Downloads/klaster asli/koleksi etnografi/IMG_2272.HEIC,24,?,koleksi etnografi,/Users/mdaffaatstsaqif/Downloads/klaster asli/hasil_finetuned/cluster_hdbscan/cluster_24__?/IMG_2272.HEIC
/Users/mdaffaatstsaqif/Downloads/klaster asli/koleksi etnografi/IMG_2273.HEIC,24,?,koleksi etnografi,/Users/mdaffaatstsaqif/Downloads/klaster asli/hasil_finetuned/cluster_hdbscan/cluster_24__?/IMG_2273.HEIC
/Users/mdaffaatstsaqif/Downloads/klaster asli/koleksi etnografi/IMG_2274.HEIC,24,?,koleksi etnografi,/Users/mdaffaatstsaqif/Downloads/klaster asli/hasil_finetuned/cluster_hdbscan/cluster_24__?/IMG_2274.HEIC
/Users/mdaffaatstsaqif/Downloads/klaster asli/koleksi etnografi/IMG_2275.HEIC,25,?,koleksi etnografi,/Users/mdaffaatstsaqif/Downloads/klaster asli/hasil_finetuned/cluster_hdbscan/cluster_25__?/IMG_2275.HEIC
/Users/mdaffaatstsaqif/Downloads/klaster asli/koleksi etnografi/IMG_2276.HEIC,25,?,koleksi etnografi,/Users/mdaffaatstsaqif/Downloads/klaster asli/hasil_finetuned/cluster_hdbscan/cluster_25__?/IMG_2276.HEIC
/Users/mdaffaatstsaqif/Downloads/klaster asli/koleksi etnografi/IMG_2277.HEIC,25,?,koleksi etnografi,/Users/mdaffaatstsaqif/Downloads/klaster asli/hasil_finetuned/cluster_hdbscan/cluster_25__?/IMG_2277.HEIC
/Users/mdaffaatstsaqif/Downloads/klaster asli/koleksi etnografi/IMG_2278.HEIC,25,?,koleksi etnografi,/Users/mdaffaatstsaqif/Downloads/klaster asli/hasil_finetuned/cluster_hdbscan/cluster_25__?/IMG_2278.HEIC
/Users/mdaffaatstsaqif/Downloads/klaster asli/koleksi etnografi/IMG_2279.HEIC,25,?,koleksi etnografi,/Users/mdaffaatstsaqif/Downloads/klaster asli/hasil_finetuned/cluster_hdbscan/cluster_25__?/IMG_2279.HEIC
/Users/mdaffaatstsaqif/Downloads/klaster asli/koleksi etnografi/IMG_2280.HEIC,25,?,koleksi etnografi,/Users/mdaffaatstsaqif/Downloads/klaster asli/hasil_finetuned/cluster_hdbscan/cluster_25__?/IMG_2280.HEIC
/Users/mdaffaatstsaqif/Downloads/klaster asli/koleksi etnografi/IMG_2281.HEIC,24,?,koleksi etnografi,/Users/mdaffaatstsaqif/Downloads/klaster asli/hasil_finetuned/cluster_hdbscan/cluster_24__?/IMG_2281.HEIC
/Users/mdaffaatstsaqif/Downloads/klaster asli/koleksi etnografi/IMG_2282.HEIC,24,?,koleksi etnografi,/Users/mdaffaatstsaqif/Downloads/klaster asli/hasil_finetuned/cluster_hdbscan/cluster_24__?/IMG_2282.HEIC
/Users/mdaffaatstsaqif/Downloads/klaster asli/koleksi etnografi/IMG_2283.HEIC,23,?,koleksi etnografi,/Users/mdaffaatstsaqif/Downloads/klaster asli/hasil_finetuned/cluster_hdbscan/cluster_23__?/IMG_2283.HEIC
/Users/mdaffaatstsaqif/Downloads/klaster asli/koleksi etnografi/IMG_2284.HEIC,23,?,koleksi etnografi,/Users/mdaffaatstsaqif/Downloads/klaster asli/hasil_finetuned/cluster_hdbscan/cluster_23__?/IMG_2284.HEIC
/Users/mdaffaatstsaqif/Downloads/klaster asli/koleksi etnografi/IMG_2285.HEIC,24,?,koleksi etnografi,/Users/mdaffaatstsaqif/Downloads/klaster asli/hasil_finetuned/cluster_hdbscan/cluster_24__?/IMG_2285.HEIC
/Users/mdaffaatstsaqif/Downloads/klaster asli/koleksi etnografi/IMG_2286.HEIC,24,?,koleksi etnografi,/Users/mdaffaatstsaqif/Downloads/klaster asli/hasil_finetuned/cluster_hdbscan/cluster_24__?/IMG_2286.HEIC
/Users/mdaffaatstsaqif/Downloads/klaster asli/koleksi etnografi/IMG_2287.HEIC,24,?,koleksi etnografi,/Users/mdaffaatstsaqif/Downloads/klaster asli/hasil_finetuned/cluster_hdbscan/cluster_24__?/IMG_2287.HEIC
/Users/mdaffaatstsaqif/Downloads/klaster asli/koleksi etnografi/IMG_2288.HEIC,25,?,koleksi etnografi,/Users/mdaffaatstsaqif/Downloads/klaster asli/hasil_finetuned/cluster_hdbscan/cluster_25__?/IMG_2288.HEIC
/Users/mdaffaatstsaqif/Downloads/klaster asli/koleksi etnografi/IMG_2289.HEIC,25,?,koleksi etnografi,/Users/mdaffaatstsaqif/Downloads/klaster asli/hasil_finetuned/cluster_hdbscan/cluster_25__?/IMG_2289.HEIC
/Users/mdaffaatstsaqif/Downloads/klaster asli/koleksi arkeologi/IMG_2290.heic,27,?,koleksi arkeologi,/Users/mdaffaatstsaqif/Downloads/klaster asli/hasil_finetuned/cluster_hdbscan/cluster_27__?/IMG_2290.heic
/Users/mdaffaatstsaqif/Downloads/klaster asli/koleksi arkeologi/IMG_2291.heic,27,?,koleksi arkeologi,/Users/mdaffaatstsaqif/Downloads/klaster asli/hasil_finetuned/cluster_hdbscan/cluster_27__?/IMG_2291.heic
/Users/mdaffaatstsaqif/Downloads/klaster asli/koleksi arkeologi/IMG_2292.heic,27,?,koleksi arkeologi,/Users/mdaffaatstsaqif/Downloads/klaster asli/hasil_finetuned/cluster_hdbscan/cluster_27__?/IMG_2292.heic
/Users/mdaffaatstsaqif/Downloads/klaster asli/koleksi arkeologi/IMG_2293.heic,27,?,koleksi arkeologi,/Users/mdaffaatstsaqif/Downloads/klaster asli/hasil_finetuned/cluster_hdbscan/cluster_27__?/IMG_2293.heic
/Users/mdaffaatstsaqif/Downloads/klaster asli/koleksi arkeologi/IMG_2294.heic,27,?,koleksi arkeologi,/Users/mdaffaatstsaqif/Downloads/klaster asli/hasil_finetuned/cluster_hdbscan/cluster_27__?/IMG_2294.heic
/Users/mdaffaatstsaqif/Downloads/klaster asli/koleksi arkeologi/IMG_2295.heic,27,?,koleksi arkeologi,/Users/mdaffaatstsaqif/Downloads/klaster asli/hasil_finetuned/cluster_hdbscan/cluster_27__?/IMG_2295.heic
/Users/mdaffaatstsaqif/Downloads/klaster asli/koleksi arkeologi/IMG_2296.heic,27,?,koleksi arkeologi,/Users/mdaffaatstsaqif/Downloads/klaster asli/hasil_finetuned/cluster_hdbscan/cluster_27__?/IMG_2296.heic
/Users/mdaffaatstsaqif/Downloads/klaster asli/koleksi arkeologi/IMG_2297.heic,27,?,koleksi arkeologi,/Users/mdaffaatstsaqif/Downloads/klaster asli/hasil_finetuned/cluster_hdbscan/cluster_27__?/IMG_2297.heic
/Users/mdaffaatstsaqif/Downloads/klaster asli/koleksi arkeologi/IMG_2298.heic,27,?,koleksi arkeologi,/Users/mdaffaatstsaqif/Downloads/klaster asli/hasil_finetuned/cluster_hdbscan/cluster_27__?/IMG_2298.heic
/Users/mdaffaatstsaqif/Downloads/klaster asli/koleksi arkeologi/IMG_2299.heic,27,?,koleksi arkeologi,/Users/mdaffaatstsaqif/Downloads/klaster asli/hasil_finetuned/cluster_hdbscan/cluster_27__?/IMG_2299.heic
/Users/mdaffaatstsaqif/Downloads/klaster asli/koleksi arkeologi/IMG_2300.heic,27,?,koleksi arkeologi,/Users/mdaffaatstsaqif/Downloads/klaster asli/hasil_finetuned/cluster_hdbscan/cluster_27__?/IMG_2300.heic
/Users/mdaffaatstsaqif/Downloads/klaster asli/koleksi arkeologi/IMG_2301.heic,27,?,koleksi arkeologi,/Users/mdaffaatstsaqif/Downloads/klaster asli/hasil_finetuned/cluster_hdbscan/cluster_27__?/IMG_2301.heic
/Users/mdaffaatstsaqif/Downloads/klaster asli/koleksi arkeologi/IMG_2302.heic,33,?,koleksi arkeologi,/Users/mdaffaatstsaqif/Downloads/klaster asli/hasil_finetuned/cluster_hdbscan/cluster_33__?/IMG_2302_822.heic
/Users/mdaffaatstsaqif/Downloads/klaster asli/koleksi arkeologi/IMG_2303.heic,33,?,koleksi arkeologi,/Users/mdaffaatstsaqif/Downloads/klaster asli/hasil_finetuned/cluster_hdbscan/cluster_33__?/IMG_2303_943.heic
/Users/mdaffaatstsaqif/Downloads/klaster asli/koleksi arkeologi/IMG_2304.heic,33,?,koleksi arkeologi,/Users/mdaffaatstsaqif/Downloads/klaster asli/hasil_finetuned/cluster_hdbscan/cluster_33__?/IMG_2304_6150.heic
/Users/mdaffaatstsaqif/Downloads/klaster asli/koleksi arkeologi/IMG_2305.heic,33,?,koleksi arkeologi,/Users/mdaffaatstsaqif/Downloads/klaster asli/hasil_finetuned/cluster_hdbscan/cluster_33__?/IMG_2305_4425.heic
/Users/mdaffaatstsaqif/Downloads/klaster asli/koleksi arkeologi/IMG_2306.heic,-1,noise,koleksi arkeologi,/Users/mdaffaatstsaqif/Downloads/klaster asli/hasil_finetuned/cluster_hdbscan/noise/IMG_2306_8966.heic
/Users/mdaffaatstsaqif/Downloads/klaster asli/koleksi arkeologi/IMG_2307.heic,26,?,koleksi arkeologi,/Users/mdaffaatstsaqif/Downloads/klaster asli/hasil_finetuned/cluster_hdbscan/cluster_26__?/IMG_2307.heic
/Users/mdaffaatstsaqif/Downloads/klaster asli/koleksi arkeologi/IMG_2308.heic,26,?,koleksi arkeologi,/Users/mdaffaatstsaqif/Downloads/klaster asli/hasil_finetuned/cluster_hdbscan/cluster_26__?/IMG_2308.heic
/Users/mdaffaatstsaqif/Downloads/klaster asli/koleksi arkeologi/IMG_2309.heic,33,?,koleksi arkeologi,/Users/mdaffaatstsaqif/Downloads/klaster asli/hasil_finetuned/cluster_hdbscan/cluster_33__?/IMG_2309_2198.heic
/Users/mdaffaatstsaqif/Downloads/klaster asli/koleksi arkeologi/IMG_2310.heic,33,?,koleksi arkeologi,/Users/mdaffaatstsaqif/Downloads/klaster asli/hasil_finetuned/cluster_hdbscan/cluster_33__?/IMG_2310_4242.heic
/Users/mdaffaatstsaqif/Downloads/klaster asli/koleksi arkeologi/IMG_2311.heic,33,?,koleksi arkeologi,/Users/mdaffaatstsaqif/Downloads/klaster asli/hasil_finetuned/cluster_hdbscan/cluster_33__?/IMG_2311_3695.heic
/Users/mdaffaatstsaqif/Downloads/klaster asli/koleksi arkeologi/IMG_2312.heic,33,?,koleksi arkeologi,/Users/mdaffaatstsaqif/Downloads/klaster asli/hasil_finetuned/cluster_hdbscan/cluster_33__?/IMG_2312_3452.heic
/Users/mdaffaatstsaqif/Downloads/klaster asli/koleksi arkeologi/IMG_2313.heic,33,?,koleksi arkeologi,/Users/mdaffaatstsaqif/Downloads/klaster asli/hasil_finetuned/cluster_hdbscan/cluster_33__?/IMG_2313_9106.heic
/Users/mdaffaatstsaqif/Downloads/klaster asli/koleksi arkeologi/IMG_2314.heic,33,?,koleksi arkeologi,/Users/mdaffaatstsaqif/Downloads/klaster asli/hasil_finetuned/cluster_hdbscan/cluster_33__?/IMG_2314_1308.heic
/Users/mdaffaatstsaqif/Downloads/klaster asli/koleksi arkeologi/IMG_2315.heic,16,?,koleksi arkeologi,/Users/mdaffaatstsaqif/Downloads/klaster asli/hasil_finetuned/cluster_hdbscan/cluster_16__?/IMG_2315.heic
/Users/mdaffaatstsaqif/Downloads/klaster asli/koleksi arkeologi/IMG_2316.heic,15,?,koleksi arkeologi,/Users/mdaffaatstsaqif/Downloads/klaster asli/hasil_finetuned/cluster_hdbscan/cluster_15__?/IMG_2316.heic
/Users/mdaffaatstsaqif/Downloads/klaster asli/koleksi arkeologi/IMG_2317.heic,15,?,koleksi arkeologi,/Users/mdaffaatstsaqif/Downloads/klaster asli/hasil_finetuned/cluster_hdbscan/cluster_15__?/IMG_2317.heic
/Users/mdaffaatstsaqif/Downloads/klaster asli/koleksi arkeologi/IMG_2318.heic,15,?,koleksi arkeologi,/Users/mdaffaatstsaqif/Downloads/klaster asli/hasil_finetuned/cluster_hdbscan/cluster_15__?/IMG_2318.heic
/Users/mdaffaatstsaqif/Downloads/klaster asli/koleksi arkeologi/IMG_2319.heic,15,?,koleksi arkeologi,/Users/mdaffaatstsaqif/Downloads/klaster asli/hasil_finetuned/cluster_hdbscan/cluster_15__?/IMG_2319.heic
/Users/mdaffaatstsaqif/Downloads/klaster asli/koleksi arkeologi/IMG_2320.heic,15,?,koleksi arkeologi,/Users/mdaffaatstsaqif/Downloads/klaster asli/hasil_finetuned/cluster_hdbscan/cluster_15__?/IMG_2320.heic
/Users/mdaffaatstsaqif/Downloads/klaster asli/koleksi arkeologi/IMG_2321.heic,15,?,koleksi arkeologi,/Users/mdaffaatstsaqif/Downloads/klaster asli/hasil_finetuned/cluster_hdbscan/cluster_15__?/IMG_2321.heic
/Users/mdaffaatstsaqif/Downloads/klaster asli/koleksi arkeologi/IMG_2322.heic,15,?,koleksi arkeologi,/Users/mdaffaatstsaqif/Downloads/klaster asli/hasil_finetuned/cluster_hdbscan/cluster_15__?/IMG_2322.heic
/Users/mdaffaatstsaqif/Downloads/klaster asli/koleksi arkeologi/IMG_2323.heic,15,?,koleksi arkeologi,/Users/mdaffaatstsaqif/Downloads/klaster asli/hasil_finetuned/cluster_hdbscan/cluster_15__?/IMG_2323.heic
/Users/mdaffaatstsaqif/Downloads/klaster asli/koleksi arkeologi/IMG_2324.heic,15,?,koleksi arkeologi,/Users/mdaffaatstsaqif/Downloads/klaster asli/hasil_finetuned/cluster_hdbscan/cluster_15__?/IMG_2324.heic
/Users/mdaffaatstsaqif/Downloads/klaster asli/koleksi arkeologi/IMG_2325.heic,15,?,koleksi arkeologi,/Users/mdaffaatstsaqif/Downloads/klaster asli/hasil_finetuned/cluster_hdbscan/cluster_15__?/IMG_2325.heic
/Users/mdaffaatstsaqif/Downloads/klaster asli/koleksi arkeologi/IMG_2326.heic,16,?,koleksi arkeologi,/Users/mdaffaatstsaqif/Downloads/klaster asli/hasil_finetuned/cluster_hdbscan/cluster_16__?/IMG_2326.heic
/Users/mdaffaatstsaqif/Downloads/klaster asli/koleksi arkeologi/IMG_2327.heic,16,?,koleksi arkeologi,/Users/mdaffaatstsaqif/Downloads/klaster asli/hasil_finetuned/cluster_hdbscan/cluster_16__?/IMG_2327.heic
/Users/mdaffaatstsaqif/Downloads/klaster asli/koleksi arkeologi/IMG_2328.heic,27,?,koleksi arkeologi,/Users/mdaffaatstsaqif/Downloads/klaster asli/hasil_finetuned/cluster_hdbscan/cluster_27__?/IMG_2328.heic
/Users/mdaffaatstsaqif/Downloads/klaster asli/koleksi arkeologi/IMG_2329.heic,27,?,koleksi arkeologi,/Users/mdaffaatstsaqif/Downloads/klaster asli/hasil_finetuned/cluster_hdbscan/cluster_27__?/IMG_2329.heic
/Users/mdaffaatstsaqif/Downloads/klaster asli/koleksi arkeologi/IMG_2330.heic,15,?,koleksi arkeologi,/Users/mdaffaatstsaqif/Downloads/klaster asli/hasil_finetuned/cluster_hdbscan/cluster_15__?/IMG_2330.heic
/Users/mdaffaatstsaqif/Downloads/klaster asli/koleksi arkeologi/IMG_2331.heic,15,?,koleksi arkeologi,/Users/mdaffaatstsaqif/Downloads/klaster asli/hasil_finetuned/cluster_hdbscan/cluster_15__?/IMG_2331.heic
/Users/mdaffaatstsaqif/Downloads/klaster asli/koleksi arkeologi/IMG_2332.heic,16,?,koleksi arkeologi,/Users/mdaffaatstsaqif/Downloads/klaster asli/hasil_finetuned/cluster_hdbscan/cluster_16__?/IMG_2332.heic
/Users/mdaffaatstsaqif/Downloads/klaster asli/koleksi arkeologi/IMG_2333.heic,16,?,koleksi arkeologi,/Users/mdaffaatstsaqif/Downloads/klaster asli/hasil_finetuned/cluster_hdbscan/cluster_16__?/IMG_2333.heic
/Users/mdaffaatstsaqif/Downloads/klaster asli/koleksi arkeologi/IMG_2334.heic,16,?,koleksi arkeologi,/Users/mdaffaatstsaqif/Downloads/klaster asli/hasil_finetuned/cluster_hdbscan/cluster_16__?/IMG_2334.heic
/Users/mdaffaatstsaqif/Downloads/klaster asli/koleksi arkeologi/IMG_2335.heic,-1,noise,koleksi arkeologi,/Users/mdaffaatstsaqif/Downloads/klaster asli/hasil_finetuned/cluster_hdbscan/noise/IMG_2335.heic
/Users/mdaffaatstsaqif/Downloads/klaster asli/koleksi arkeologi/IMG_2336.heic,-1,noise,koleksi arkeologi,/Users/mdaffaatstsaqif/Downloads/klaster asli/hasil_finetuned/cluster_hdbscan/noise/IMG_2336.heic
/Users/mdaffaatstsaqif/Downloads/klaster asli/koleksi arkeologi/IMG_2337.heic,8,?,koleksi arkeologi,/Users/mdaffaatstsaqif/Downloads/klaster asli/hasil_finetuned/cluster_hdbscan/cluster_08__?/IMG_2337.heic
/Users/mdaffaatstsaqif/Downloads/klaster asli/koleksi arkeologi/IMG_2338.heic,8,?,koleksi arkeologi,/Users/mdaffaatstsaqif/Downloads/klaster asli/hasil_finetuned/cluster_hdbscan/cluster_08__?/IMG_2338.heic
/Users/mdaffaatstsaqif/Downloads/klaster asli/koleksi arkeologi/IMG_2339.heic,8,?,koleksi arkeologi,/Users/mdaffaatstsaqif/Downloads/klaster asli/hasil_finetuned/cluster_hdbscan/cluster_08__?/IMG_2339.heic
/Users/mdaffaatstsaqif/Downloads/klaster asli/koleksi arkeologi/IMG_2340.heic,24,?,koleksi arkeologi,/Users/mdaffaatstsaqif/Downloads/klaster asli/hasil_finetuned/cluster_hdbscan/cluster_24__?/IMG_2340.heic
/Users/mdaffaatstsaqif/Downloads/klaster asli/koleksi arkeologi/IMG_2341.heic,24,?,koleksi arkeologi,/Users/mdaffaatstsaqif/Downloads/klaster asli/hasil_finetuned/cluster_hdbscan/cluster_24__?/IMG_2341.heic
/Users/mdaffaatstsaqif/Downloads/klaster asli/koleksi arkeologi/IMG_2342.heic,24,?,koleksi arkeologi,/Users/mdaffaatstsaqif/Downloads/klaster asli/hasil_finetuned/cluster_hdbscan/cluster_24__?/IMG_2342.heic
/Users/mdaffaatstsaqif/Downloads/klaster asli/koleksi arkeologi/IMG_2343.heic,24,?,koleksi arkeologi,/Users/mdaffaatstsaqif/Downloads/klaster asli/hasil_finetuned/cluster_hdbscan/cluster_24__?/IMG_2343.heic
/Users/mdaffaatstsaqif/Downloads/klaster asli/koleksi arkeologi/IMG_2344.heic,24,?,koleksi arkeologi,/Users/mdaffaatstsaqif/Downloads/klaster asli/hasil_finetuned/cluster_hdbscan/cluster_24__?/IMG_2344.heic
/Users/mdaffaatstsaqif/Downloads/klaster asli/koleksi arkeologi/IMG_2345.heic,24,?,koleksi arkeologi,/Users/mdaffaatstsaqif/Downloads/klaster asli/hasil_finetuned/cluster_hdbscan/cluster_24__?/IMG_2345.heic
/Users/mdaffaatstsaqif/Downloads/klaster asli/koleksi arkeologi/IMG_2346.heic,25,?,koleksi arkeologi,/Users/mdaffaatstsaqif/Downloads/klaster asli/hasil_finetuned/cluster_hdbscan/cluster_25__?/IMG_2346.heic
/Users/mdaffaatstsaqif/Downloads/klaster asli/koleksi arkeologi/IMG_2347.heic,25,?,koleksi arkeologi,/Users/mdaffaatstsaqif/Downloads/klaster asli/hasil_finetuned/cluster_hdbscan/cluster_25__?/IMG_2347.heic
/Users/mdaffaatstsaqif/Downloads/klaster asli/koleksi arkeologi/IMG_2348.heic,25,?,koleksi arkeologi,/Users/mdaffaatstsaqif/Downloads/klaster asli/hasil_finetuned/cluster_hdbscan/cluster_25__?/IMG_2348.heic
/Users/mdaffaatstsaqif/Downloads/klaster asli/koleksi arkeologi/IMG_2352.heic,25,?,koleksi arkeologi,/Users/mdaffaatstsaqif/Downloads/klaster asli/hasil_finetuned/cluster_hdbscan/cluster_25__?/IMG_2352.heic
/Users/mdaffaatstsaqif/Downloads/klaster asli/koleksi arkeologi/IMG_2353.heic,25,?,koleksi arkeologi,/Users/mdaffaatstsaqif/Downloads/klaster asli/hasil_finetuned/cluster_hdbscan/cluster_25__?/IMG_2353.heic
/Users/mdaffaatstsaqif/Downloads/klaster asli/koleksi arkeologi/IMG_2354.heic,25,?,koleksi arkeologi,/Users/mdaffaatstsaqif/Downloads/klaster asli/hasil_finetuned/cluster_hdbscan/cluster_25__?/IMG_2354.heic
/Users/mdaffaatstsaqif/Downloads/klaster asli/koleksi arkeologi/IMG_2355.heic,25,?,koleksi arkeologi,/Users/mdaffaatstsaqif/Downloads/klaster asli/hasil_finetuned/cluster_hdbscan/cluster_25__?/IMG_2355.heic
/Users/mdaffaatstsaqif/Downloads/klaster asli/koleksi arkeologi/IMG_2356.heic,-1,noise,koleksi arkeologi,/Users/mdaffaatstsaqif/Downloads/klaster asli/hasil_finetuned/cluster_hdbscan/noise/IMG_2356_4177.heic
/Users/mdaffaatstsaqif/Downloads/klaster asli/koleksi arkeologi/IMG_2357.heic,-1,noise,koleksi arkeologi,/Users/mdaffaatstsaqif/Downloads/klaster asli/hasil_finetuned/cluster_hdbscan/noise/IMG_2357_8705.heic
/Users/mdaffaatstsaqif/Downloads/klaster asli/koleksi arkeologi/IMG_2358.heic,-1,noise,koleksi arkeologi,/Users/mdaffaatstsaqif/Downloads/klaster asli/hasil_finetuned/cluster_hdbscan/noise/IMG_2358_6852.heic
/Users/mdaffaatstsaqif/Downloads/klaster asli/koleksi arkeologi/IMG_2359.heic,-1,noise,koleksi arkeologi,/Users/mdaffaatstsaqif/Downloads/klaster asli/hasil_finetuned/cluster_hdbscan/noise/IMG_2359_6035.heic
/Users/mdaffaatstsaqif/Downloads/klaster asli/koleksi arkeologi/IMG_2360.heic,-1,noise,koleksi arkeologi,/Users/mdaffaatstsaqif/Downloads/klaster asli/hasil_finetuned/cluster_hdbscan/noise/IMG_2360_3594.heic
/Users/mdaffaatstsaqif/Downloads/klaster asli/koleksi arkeologi/IMG_2361.heic,-1,noise,koleksi arkeologi,/Users/mdaffaatstsaqif/Downloads/klaster asli/hasil_finetuned/cluster_hdbscan/noise/IMG_2361.heic
/Users/mdaffaatstsaqif/Downloads/klaster asli/koleksi arkeologi/IMG_2362.heic,-1,noise,koleksi arkeologi,/Users/mdaffaatstsaqif/Downloads/klaster asli/hasil_finetuned/cluster_hdbscan/noise/IMG_2362.heic
/Users/mdaffaatstsaqif/Downloads/klaster asli/koleksi arkeologi/IMG_2363.heic,-1,noise,koleksi arkeologi,/Users/mdaffaatstsaqif/Downloads/klaster asli/hasil_finetuned/cluster_hdbscan/noise/IMG_2363.heic
/Users/mdaffaatstsaqif/Downloads/klaster asli/koleksi arkeologi/IMG_2364.heic,32,?,koleksi arkeologi,/Users/mdaffaatstsaqif/Downloads/klaster asli/hasil_finetuned/cluster_hdbscan/cluster_32__?/IMG_2364_4841.heic
/Users/mdaffaatstsaqif/Downloads/klaster asli/koleksi arkeologi/IMG_2365.heic,32,?,koleksi arkeologi,/Users/mdaffaatstsaqif/Downloads/klaster asli/hasil_finetuned/cluster_hdbscan/cluster_32__?/IMG_2365_1409.heic
/Users/mdaffaatstsaqif/Downloads/klaster asli/koleksi arkeologi/IMG_2366.heic,32,?,koleksi arkeologi,/Users/mdaffaatstsaqif/Downloads/klaster asli/hasil_finetuned/cluster_hdbscan/cluster_32__?/IMG_2366_4566.heic
/Users/mdaffaatstsaqif/Downloads/klaster asli/koleksi arkeologi/IMG_2367.heic,32,?,koleksi arkeologi,/Users/mdaffaatstsaqif/Downloads/klaster asli/hasil_finetuned/cluster_hdbscan/cluster_32__?/IMG_2367_4491.heic
/Users/mdaffaatstsaqif/Downloads/klaster asli/koleksi arkeologi/IMG_2370.heic,21,?,koleksi arkeologi,/Users/mdaffaatstsaqif/Downloads/klaster asli/hasil_finetuned/cluster_hdbscan/cluster_21__?/IMG_2370.heic
/Users/mdaffaatstsaqif/Downloads/klaster asli/koleksi arkeologi/IMG_2371.heic,21,?,koleksi arkeologi,/Users/mdaffaatstsaqif/Downloads/klaster asli/hasil_finetuned/cluster_hdbscan/cluster_21__?/IMG_2371.heic
/Users/mdaffaatstsaqif/Downloads/klaster asli/koleksi arkeologi/IMG_2372.heic,21,?,koleksi arkeologi,/Users/mdaffaatstsaqif/Downloads/klaster asli/hasil_finetuned/cluster_hdbscan/cluster_21__?/IMG_2372.heic
/Users/mdaffaatstsaqif/Downloads/klaster asli/koleksi arkeologi/IMG_2374.heic,21,?,koleksi arkeologi,/Users/mdaffaatstsaqif/Downloads/klaster asli/hasil_finetuned/cluster_hdbscan/cluster_21__?/IMG_2374.heic
/Users/mdaffaatstsaqif/Downloads/klaster asli/koleksi arkeologi/IMG_2375.heic,21,?,koleksi arkeologi,/Users/mdaffaatstsaqif/Downloads/klaster asli/hasil_finetuned/cluster_hdbscan/cluster_21__?/IMG_2375.heic
/Users/mdaffaatstsaqif/Downloads/klaster asli/koleksi arkeologi/IMG_2376.heic,21,?,koleksi arkeologi,/Users/mdaffaatstsaqif/Downloads/klaster asli/hasil_finetuned/cluster_hdbscan/cluster_21__?/IMG_2376.heic
/Users/mdaffaatstsaqif/Downloads/klaster asli/koleksi geologi/IMG_2067.HEIC,18,?,koleksi geologi,/Users/mdaffaatstsaqif/Downloads/klaster asli/hasil_finetuned/cluster_hdbscan/cluster_18__?/IMG_2067.HEIC
/Users/mdaffaatstsaqif/Downloads/klaster asli/koleksi geologi/IMG_2068.HEIC,18,?,koleksi geologi,/Users/mdaffaatstsaqif/Downloads/klaster asli/hasil_finetuned/cluster_hdbscan/cluster_18__?/IMG_2068.HEIC
/Users/mdaffaatstsaqif/Downloads/klaster asli/koleksi geologi/IMG_2069.HEIC,-1,noise,koleksi geologi,/Users/mdaffaatstsaqif/Downloads/klaster asli/hasil_finetuned/cluster_hdbscan/noise/IMG_2069.HEIC
/Users/mdaffaatstsaqif/Downloads/klaster asli/koleksi geologi/IMG_2070.HEIC,18,?,koleksi geologi,/Users/mdaffaatstsaqif/Downloads/klaster asli/hasil_finetuned/cluster_hdbscan/cluster_18__?/IMG_2070.HEIC
/Users/mdaffaatstsaqif/Downloads/klaster asli/koleksi geologi/IMG_2071.HEIC,18,?,koleksi geologi,/Users/mdaffaatstsaqif/Downloads/klaster asli/hasil_finetuned/cluster_hdbscan/cluster_18__?/IMG_2071.HEIC
/Users/mdaffaatstsaqif/Downloads/klaster asli/koleksi geologi/IMG_2072.HEIC,18,?,koleksi geologi,/Users/mdaffaatstsaqif/Downloads/klaster asli/hasil_finetuned/cluster_hdbscan/cluster_18__?/IMG_2072.HEIC
/Users/mdaffaatstsaqif/Downloads/klaster asli/koleksi geologi/IMG_2073.HEIC,18,?,koleksi geologi,/Users/mdaffaatstsaqif/Downloads/klaster asli/hasil_finetuned/cluster_hdbscan/cluster_18__?/IMG_2073.HEIC
/Users/mdaffaatstsaqif/Downloads/klaster asli/koleksi geologi/IMG_2074.HEIC,18,?,koleksi geologi,/Users/mdaffaatstsaqif/Downloads/klaster asli/hasil_finetuned/cluster_hdbscan/cluster_18__?/IMG_2074.HEIC
/Users/mdaffaatstsaqif/Downloads/klaster asli/koleksi geologi/IMG_2075.HEIC,18,?,koleksi geologi,/Users/mdaffaatstsaqif/Downloads/klaster asli/hasil_finetuned/cluster_hdbscan/cluster_18__?/IMG_2075.HEIC
/Users/mdaffaatstsaqif/Downloads/klaster asli/koleksi geologi/IMG_2076.HEIC,18,?,koleksi geologi,/Users/mdaffaatstsaqif/Downloads/klaster asli/hasil_finetuned/cluster_hdbscan/cluster_18__?/IMG_2076.HEIC
/Users/mdaffaatstsaqif/Downloads/klaster asli/koleksi geologi/IMG_2077.HEIC,18,?,koleksi geologi,/Users/mdaffaatstsaqif/Downloads/klaster asli/hasil_finetuned/cluster_hdbscan/cluster_18__?/IMG_2077.HEIC
/Users/mdaffaatstsaqif/Downloads/klaster asli/koleksi geologi/IMG_2078.HEIC,18,?,koleksi geologi,/Users/mdaffaatstsaqif/Downloads/klaster asli/hasil_finetuned/cluster_hdbscan/cluster_18__?/IMG_2078.HEIC
/Users/mdaffaatstsaqif/Downloads/klaster asli/koleksi geologi/IMG_2079.HEIC,17,?,koleksi geologi,/Users/mdaffaatstsaqif/Downloads/klaster asli/hasil_finetuned/cluster_hdbscan/cluster_17__?/IMG_2079.HEIC
/Users/mdaffaatstsaqif/Downloads/klaster asli/koleksi geologi/IMG_2080.HEIC,17,?,koleksi geologi,/Users/mdaffaatstsaqif/Downloads/klaster asli/hasil_finetuned/cluster_hdbscan/cluster_17__?/IMG_2080.HEIC
/Users/mdaffaatstsaqif/Downloads/klaster asli/koleksi geologi/IMG_2081.HEIC,17,?,koleksi geologi,/Users/mdaffaatstsaqif/Downloads/klaster asli/hasil_finetuned/cluster_hdbscan/cluster_17__?/IMG_2081.HEIC
/Users/mdaffaatstsaqif/Downloads/klaster asli/koleksi geologi/IMG_2082.HEIC,18,?,koleksi geologi,/Users/mdaffaatstsaqif/Downloads/klaster asli/hasil_finetuned/cluster_hdbscan/cluster_18__?/IMG_2082.HEIC
/Users/mdaffaatstsaqif/Downloads/klaster asli/koleksi geologi/IMG_2083.HEIC,17,?,koleksi geologi,/Users/mdaffaatstsaqif/Downloads/klaster asli/hasil_finetuned/cluster_hdbscan/cluster_17__?/IMG_2083.HEIC
/Users/mdaffaatstsaqif/Downloads/klaster asli/koleksi geologi/IMG_2084.HEIC,17,?,koleksi geologi,/Users/mdaffaatstsaqif/Downloads/klaster asli/hasil_finetuned/cluster_hdbscan/cluster_17__?/IMG_2084.HEIC
/Users/mdaffaatstsaqif/Downloads/klaster asli/koleksi geologi/IMG_2085.HEIC,6,?,koleksi geologi,/Users/mdaffaatstsaqif/Downloads/klaster asli/hasil_finetuned/cluster_hdbscan/cluster_06__?/IMG_2085.HEIC
/Users/mdaffaatstsaqif/Downloads/klaster asli/koleksi geologi/IMG_2086.HEIC,18,?,koleksi geologi,/Users/mdaffaatstsaqif/Downloads/klaster asli/hasil_finetuned/cluster_hdbscan/cluster_18__?/IMG_2086.HEIC
/Users/mdaffaatstsaqif/Downloads/klaster asli/koleksi geologi/IMG_2087.HEIC,17,?,koleksi geologi,/Users/mdaffaatstsaqif/Downloads/klaster asli/hasil_finetuned/cluster_hdbscan/cluster_17__?/IMG_2087.HEIC
