path,cluster,category,gt_folder,dest
/Users/mdaffaatstsaqif/Downloads/klaster asli/koleksi keramik/IMG_2476.HEIC,8,koleksi keramik,koleksi keramik,/Users/mdaffaatstsaqif/Downloads/klaster asli/hasil_finetuned/cluster_gmm/cluster_08__koleksi_keramik/IMG_2476.HEIC
/Users/mdaffaatstsaqif/Downloads/klaster asli/koleksi keramik/IMG_2477.HEIC,8,koleksi keramik,koleksi keramik,/Users/mdaffaatstsaqif/Downloads/klaster asli/hasil_finetuned/cluster_gmm/cluster_08__koleksi_keramik/IMG_2477.HEIC
/Users/mdaffaatstsaqif/Downloads/klaster asli/koleksi keramik/IMG_2478.HEIC,8,koleksi keramik,koleksi keramik,/Users/mdaffaatstsaqif/Downloads/klaster asli/hasil_finetuned/cluster_gmm/cluster_08__koleksi_keramik/IMG_2478.HEIC
/Users/mdaffaatstsaqif/Downloads/klaster asli/koleksi keramik/IMG_2479.HEIC,8,koleksi keramik,koleksi keramik,/Users/mdaffaatstsaqif/Downloads/klaster asli/hasil_finetuned/cluster_gmm/cluster_08__koleksi_keramik/IMG_2479.HEIC
/Users/mdaffaatstsaqif/Downloads/klaster asli/koleksi keramik/IMG_2480.HEIC,8,koleksi keramik,koleksi keramik,/Users/mdaffaatstsaqif/Downloads/klaster asli/hasil_finetuned/cluster_gmm/cluster_08__koleksi_keramik/IMG_2480.HEIC
/Users/mdaffaatstsaqif/Downloads/klaster asli/koleksi keramik/IMG_2481.HEIC,8,koleksi keramik,koleksi keramik,/Users/mdaffaatstsaqif/Downloads/klaster asli/hasil_finetuned/cluster_gmm/cluster_08__koleksi_keramik/IMG_2481.HEIC
/Users/mdaffaatstsaqif/Downloads/klaster asli/koleksi keramik/IMG_2482.HEIC,8,koleksi keramik,koleksi keramik,/Users/mdaffaatstsaqif/Downloads/klaster asli/hasil_finetuned/cluster_gmm/cluster_08__koleksi_keramik/IMG_2482.HEIC
/Users/mdaffaatstsaqif/Downloads/klaster asli/koleksi keramik/IMG_2483.HEIC,8,koleksi keramik,koleksi keramik,/Users/mdaffaatstsaqif/Downloads/klaster asli/hasil_finetuned/cluster_gmm/cluster_08__koleksi_keramik/IMG_2483.HEIC
/Users/mdaffaatstsaqif/Downloads/klaster asli/koleksi keramik/IMG_2484.HEIC,8,koleksi keramik,koleksi keramik,/Users/mdaffaatstsaqif/Downloads/klaster asli/hasil_finetuned/cluster_gmm/cluster_08__koleksi_keramik/IMG_2484.HEIC
/Users/mdaffaatstsaqif/Downloads/klaster asli/koleksi keramik/IMG_2485.HEIC,8,koleksi keramik,koleksi keramik,/Users/mdaffaatstsaqif/Downloads/klaster asli/hasil_finetuned/cluster_gmm/cluster_08__koleksi_keramik/IMG_2485.HEIC
/Users/mdaffaatstsaqif/Downloads/klaster asli/koleksi keramik/IMG_2486.HEIC,8,koleksi keramik,koleksi keramik,/Users/mdaffaatstsaqif/Downloads/klaster asli/hasil_finetuned/cluster_gmm/cluster_08__koleksi_keramik/IMG_2486.HEIC
/Users/mdaffaatstsaqif/Downloads/klaster asli/koleksi keramik/IMG_2487.HEIC,8,koleksi keramik,koleksi keramik,/Users/mdaffaatstsaqif/Downloads/klaster asli/hasil_finetuned/cluster_gmm/cluster_08__koleksi_keramik/IMG_2487.HEIC
/Users/mdaffaatstsaqif/Downloads/klaster asli/koleksi keramik/IMG_2488.HEIC,8,koleksi keramik,koleksi keramik,/Users/mdaffaatstsaqif/Downloads/klaster asli/hasil_finetuned/cluster_gmm/cluster_08__koleksi_keramik/IMG_2488.HEIC
/Users/mdaffaatstsaqif/Downloads/klaster asli/koleksi keramik/IMG_2489.HEIC,8,koleksi keramik,koleksi keramik,/Users/mdaffaatstsaqif/Downloads/klaster asli/hasil_finetuned/cluster_gmm/cluster_08__koleksi_keramik/IMG_2489.HEIC
/Users/mdaffaatstsaqif/Downloads/klaster asli/koleksi keramik/IMG_2490.HEIC,8,koleksi keramik,koleksi keramik,/Users/mdaffaatstsaqif/Downloads/klaster asli/hasil_finetuned/cluster_gmm/cluster_08__koleksi_keramik/IMG_2490.HEIC
/Users/mdaffaatstsaqif/Downloads/klaster asli/koleksi keramik/IMG_2491.HEIC,8,koleksi keramik,koleksi keramik,/Users/mdaffaatstsaqif/Downloads/klaster asli/hasil_finetuned/cluster_gmm/cluster_08__koleksi_keramik/IMG_2491.HEIC
/Users/mdaffaatstsaqif/Downloads/klaster asli/koleksi keramik/IMG_2492.HEIC,8,koleksi keramik,koleksi keramik,/Users/mdaffaatstsaqif/Downloads/klaster asli/hasil_finetuned/cluster_gmm/cluster_08__koleksi_keramik/IMG_2492.HEIC
/Users/mdaffaatstsaqif/Downloads/klaster asli/koleksi keramik/IMG_2493.HEIC,8,koleksi keramik,koleksi keramik,/Users/mdaffaatstsaqif/Downloads/klaster asli/hasil_finetuned/cluster_gmm/cluster_08__koleksi_keramik/IMG_2493.HEIC
/Users/mdaffaatstsaqif/Downloads/klaster asli/koleksi keramik/IMG_2494.HEIC,8,koleksi keramik,koleksi keramik,/Users/mdaffaatstsaqif/Downloads/klaster asli/hasil_finetuned/cluster_gmm/cluster_08__koleksi_keramik/IMG_2494.HEIC
/Users/mdaffaatstsaqif/Downloads/klaster asli/koleksi keramik/IMG_2495.HEIC,8,koleksi keramik,koleksi keramik,/Users/mdaffaatstsaqif/Downloads/klaster asli/hasil_finetuned/cluster_gmm/cluster_08__koleksi_keramik/IMG_2495.HEIC
/Users/mdaffaatstsaqif/Downloads/klaster asli/koleksi keramik/IMG_2496.HEIC,8,koleksi keramik,koleksi keramik,/Users/mdaffaatstsaqif/Downloads/klaster asli/hasil_finetuned/cluster_gmm/cluster_08__koleksi_keramik/IMG_2496.HEIC
/Users/mdaffaatstsaqif/Downloads/klaster asli/koleksi keramik/IMG_2497.HEIC,8,koleksi keramik,koleksi keramik,/Users/mdaffaatstsaqif/Downloads/klaster asli/hasil_finetuned/cluster_gmm/cluster_08__koleksi_keramik/IMG_2497.HEIC
/Users/mdaffaatstsaqif/Downloads/klaster asli/koleksi keramik/IMG_2498.HEIC,8,koleksi keramik,koleksi keramik,/Users/mdaffaatstsaqif/Downloads/klaster asli/hasil_finetuned/cluster_gmm/cluster_08__koleksi_keramik/IMG_2498.HEIC
/Users/mdaffaatstsaqif/Downloads/klaster asli/koleksi keramik/IMG_2499.HEIC,8,koleksi keramik,koleksi keramik,/Users/mdaffaatstsaqif/Downloads/klaster asli/hasil_finetuned/cluster_gmm/cluster_08__koleksi_keramik/IMG_2499.HEIC
/Users/mdaffaatstsaqif/Downloads/klaster asli/koleksi keramik/IMG_2500.HEIC,8,koleksi keramik,koleksi keramik,/Users/mdaffaatstsaqif/Downloads/klaster asli/hasil_finetuned/cluster_gmm/cluster_08__koleksi_keramik/IMG_2500.HEIC
/Users/mdaffaatstsaqif/Downloads/klaster asli/koleksi keramik/IMG_2501.HEIC,8,koleksi keramik,koleksi keramik,/Users/mdaffaatstsaqif/Downloads/klaster asli/hasil_finetuned/cluster_gmm/cluster_08__koleksi_keramik/IMG_2501.HEIC
/Users/mdaffaatstsaqif/Downloads/klaster asli/koleksi keramik/IMG_2502.HEIC,8,koleksi keramik,koleksi keramik,/Users/mdaffaatstsaqif/Downloads/klaster asli/hasil_finetuned/cluster_gmm/cluster_08__koleksi_keramik/IMG_2502.HEIC
/Users/mdaffaatstsaqif/Downloads/klaster asli/koleksi keramik/IMG_2503.HEIC,8,koleksi keramik,koleksi keramik,/Users/mdaffaatstsaqif/Downloads/klaster asli/hasil_finetuned/cluster_gmm/cluster_08__koleksi_keramik/IMG_2503.HEIC
/Users/mdaffaatstsaqif/Downloads/klaster asli/koleksi keramik/IMG_2504.HEIC,8,koleksi keramik,koleksi keramik,/Users/mdaffaatstsaqif/Downloads/klaster asli/hasil_finetuned/cluster_gmm/cluster_08__koleksi_keramik/IMG_2504.HEIC
/Users/mdaffaatstsaqif/Downloads/klaster asli/koleksi keramik/IMG_2505.HEIC,8,koleksi keramik,koleksi keramik,/Users/mdaffaatstsaqif/Downloads/klaster asli/hasil_finetuned/cluster_gmm/cluster_08__koleksi_keramik/IMG_2505.HEIC
/Users/mdaffaatstsaqif/Downloads/klaster asli/koleksi keramik/IMG_2506.HEIC,1,koleksi arkeologi,koleksi keramik,/Users/mdaffaatstsaqif/Downloads/klaster asli/hasil_finetuned/cluster_gmm/cluster_01__koleksi_arkeologi/IMG_2506.HEIC
/Users/mdaffaatstsaqif/Downloads/klaster asli/koleksi keramik/IMG_2507.HEIC,1,koleksi arkeologi,koleksi keramik,/Users/mdaffaatstsaqif/Downloads/klaster asli/hasil_finetuned/cluster_gmm/cluster_01__koleksi_arkeologi/IMG_2507.HEIC
/Users/mdaffaatstsaqif/Downloads/klaster asli/koleksi keramik/IMG_2508.HEIC,1,koleksi arkeologi,koleksi keramik,/Users/mdaffaatstsaqif/Downloads/klaster asli/hasil_finetuned/cluster_gmm/cluster_01__koleksi_arkeologi/IMG_2508.HEIC
/Users/mdaffaatstsaqif/Downloads/klaster asli/koleksi keramik/IMG_2509.HEIC,1,koleksi arkeologi,koleksi keramik,/Users/mdaffaatstsaqif/Downloads/klaster asli/hasil_finetuned/cluster_gmm/cluster_01__koleksi_arkeologi/IMG_2509.HEIC
/Users/mdaffaatstsaqif/Downloads/klaster asli/koleksi keramik/IMG_2510.HEIC,1,koleksi arkeologi,koleksi keramik,/Users/mdaffaatstsaqif/Downloads/klaster asli/hasil_finetuned/cluster_gmm/cluster_01__koleksi_arkeologi/IMG_2510.HEIC
/Users/mdaffaatstsaqif/Downloads/klaster asli/koleksi keramik/IMG_2511.HEIC,8,koleksi keramik,koleksi keramik,/Users/mdaffaatstsaqif/Downloads/klaster asli/hasil_finetuned/cluster_gmm/cluster_08__koleksi_keramik/IMG_2511.HEIC
/Users/mdaffaatstsaqif/Downloads/klaster asli/koleksi keramik/IMG_2512.HEIC,8,koleksi keramik,koleksi keramik,/Users/mdaffaatstsaqif/Downloads/klaster asli/hasil_finetuned/cluster_gmm/cluster_08__koleksi_keramik/IMG_2512.HEIC
/Users/mdaffaatstsaqif/Downloads/klaster asli/koleksi keramik/IMG_2513.HEIC,1,koleksi arkeologi,koleksi keramik,/Users/mdaffaatstsaqif/Downloads/klaster asli/hasil_finetuned/cluster_gmm/cluster_01__koleksi_arkeologi/IMG_2513.HEIC
/Users/mdaffaatstsaqif/Downloads/klaster asli/koleksi keramik/IMG_2514.HEIC,1,koleksi arkeologi,koleksi keramik,/Users/mdaffaatstsaqif/Downloads/klaster asli/hasil_finetuned/cluster_gmm/cluster_01__koleksi_arkeologi/IMG_2514.HEIC
/Users/mdaffaatstsaqif/Downloads/klaster asli/koleksi keramik/IMG_2515.HEIC,1,koleksi arkeologi,koleksi keramik,/Users/mdaffaatstsaqif/Downloads/klaster asli/hasil_finetuned/cluster_gmm/cluster_01__koleksi_arkeologi/IMG_2515.HEIC
/Users/mdaffaatstsaqif/Downloads/klaster asli/koleksi keramik/IMG_2516.HEIC,1,koleksi arkeologi,koleksi keramik,/Users/mdaffaatstsaqif/Downloads/klaster asli/hasil_finetuned/cluster_gmm/cluster_01__koleksi_arkeologi/IMG_2516.HEIC
/Users/mdaffaatstsaqif/Downloads/klaster asli/koleksi keramik/IMG_2517.HEIC,1,koleksi arkeologi,koleksi keramik,/Users/mdaffaatstsaqif/Downloads/klaster asli/hasil_finetuned/cluster_gmm/cluster_01__koleksi_arkeologi/IMG_2517.HEIC
/Users/mdaffaatstsaqif/Downloads/klaster asli/koleksi keramik/IMG_2518.HEIC,1,koleksi arkeologi,koleksi keramik,/Users/mdaffaatstsaqif/Downloads/klaster asli/hasil_finetuned/cluster_gmm/cluster_01__koleksi_arkeologi/IMG_2518.HEIC
/Users/mdaffaatstsaqif/Downloads/klaster asli/koleksi keramik/IMG_2519.HEIC,1,koleksi arkeologi,koleksi keramik,/Users/mdaffaatstsaqif/Downloads/klaster asli/hasil_finetuned/cluster_gmm/cluster_01__koleksi_arkeologi/IMG_2519.HEIC
/Users/mdaffaatstsaqif/Downloads/klaster asli/koleksi keramik/IMG_2520.HEIC,1,koleksi arkeologi,koleksi keramik,/Users/mdaffaatstsaqif/Downloads/klaster asli/hasil_finetuned/cluster_gmm/cluster_01__koleksi_arkeologi/IMG_2520.HEIC
/Users/mdaffaatstsaqif/Downloads/klaster asli/koleksi keramik/IMG_2521.HEIC,1,koleksi arkeologi,koleksi keramik,/Users/mdaffaatstsaqif/Downloads/klaster asli/hasil_finetuned/cluster_gmm/cluster_01__koleksi_arkeologi/IMG_2521.HEIC
/Users/mdaffaatstsaqif/Downloads/klaster asli/koleksi keramik/IMG_2522.HEIC,1,koleksi arkeologi,koleksi keramik,/Users/mdaffaatstsaqif/Downloads/klaster asli/hasil_finetuned/cluster_gmm/cluster_01__koleksi_arkeologi/IMG_2522.HEIC
/Users/mdaffaatstsaqif/Downloads/klaster asli/koleksi keramik/IMG_2523.HEIC,1,koleksi arkeologi,koleksi keramik,/Users/mdaffaatstsaqif/Downloads/klaster asli/hasil_finetuned/cluster_gmm/cluster_01__koleksi_arkeologi/IMG_2523.HEIC
/Users/mdaffaatstsaqif/Downloads/klaster asli/koleksi keramik/IMG_2524.HEIC,1,koleksi arkeologi,koleksi keramik,/Users/mdaffaatstsaqif/Downloads/klaster asli/hasil_finetuned/cluster_gmm/cluster_01__koleksi_arkeologi/IMG_2524.HEIC
/Users/mdaffaatstsaqif/Downloads/klaster asli/koleksi keramik/IMG_2525.HEIC,1,koleksi arkeologi,koleksi keramik,/Users/mdaffaatstsaqif/Downloads/klaster asli/hasil_finetuned/cluster_gmm/cluster_01__koleksi_arkeologi/IMG_2525.HEIC
/Users/mdaffaatstsaqif/Downloads/klaster asli/koleksi keramik/IMG_2526.HEIC,1,koleksi arkeologi,koleksi keramik,/Users/mdaffaatstsaqif/Downloads/klaster asli/hasil_finetuned/cluster_gmm/cluster_01__koleksi_arkeologi/IMG_2526.HEIC
/Users/mdaffaatstsaqif/Downloads/klaster asli/koleksi keramik/IMG_2527.HEIC,1,koleksi arkeologi,koleksi keramik,/Users/mdaffaatstsaqif/Downloads/klaster asli/hasil_finetuned/cluster_gmm/cluster_01__koleksi_arkeologi/IMG_2527.HEIC
/Users/mdaffaatstsaqif/Downloads/klaster asli/koleksi keramik/IMG_2528.HEIC,1,koleksi arkeologi,koleksi keramik,/Users/mdaffaatstsaqif/Downloads/klaster asli/hasil_finetuned/cluster_gmm/cluster_01__koleksi_arkeologi/IMG_2528.HEIC
/Users/mdaffaatstsaqif/Downloads/klaster asli/koleksi keramik/IMG_2529.HEIC,1,koleksi arkeologi,koleksi keramik,/Users/mdaffaatstsaqif/Downloads/klaster asli/hasil_finetuned/cluster_gmm/cluster_01__koleksi_arkeologi/IMG_2529.HEIC
/Users/mdaffaatstsaqif/Downloads/klaster asli/koleksi keramik/IMG_2530.HEIC,1,koleksi arkeologi,koleksi keramik,/Users/mdaffaatstsaqif/Downloads/klaster asli/hasil_finetuned/cluster_gmm/cluster_01__koleksi_arkeologi/IMG_2530.HEIC
/Users/mdaffaatstsaqif/Downloads/klaster asli/koleksi keramik/IMG_2531.HEIC,1,koleksi arkeologi,koleksi keramik,/Users/mdaffaatstsaqif/Downloads/klaster asli/hasil_finetuned/cluster_gmm/cluster_01__koleksi_arkeologi/IMG_2531.HEIC
/Users/mdaffaatstsaqif/Downloads/klaster asli/koleksi keramik/IMG_2532.HEIC,1,koleksi arkeologi,koleksi keramik,/Users/mdaffaatstsaqif/Downloads/klaster asli/hasil_finetuned/cluster_gmm/cluster_01__koleksi_arkeologi/IMG_2532.HEIC
/Users/mdaffaatstsaqif/Downloads/klaster asli/koleksi keramik/IMG_2533.HEIC,1,koleksi arkeologi,koleksi keramik,/Users/mdaffaatstsaqif/Downloads/klaster asli/hasil_finetuned/cluster_gmm/cluster_01__koleksi_arkeologi/IMG_2533.HEIC
/Users/mdaffaatstsaqif/Downloads/klaster asli/koleksi keramik/IMG_2534.HEIC,1,koleksi arkeologi,koleksi keramik,/Users/mdaffaatstsaqif/Downloads/klaster asli/hasil_finetuned/cluster_gmm/cluster_01__koleksi_arkeologi/IMG_2534.HEIC
/Users/mdaffaatstsaqif/Downloads/klaster asli/koleksi keramik/IMG_2535.HEIC,1,koleksi arkeologi,koleksi keramik,/Users/mdaffaatstsaqif/Downloads/klaster asli/hasil_finetuned/cluster_gmm/cluster_01__koleksi_arkeologi/IMG_2535.HEIC
/Users/mdaffaatstsaqif/Downloads/klaster asli/koleksi keramik/IMG_2536.HEIC,1,koleksi arkeologi,koleksi keramik,/Users/mdaffaatstsaqif/Downloads/klaster asli/hasil_finetuned/cluster_gmm/cluster_01__koleksi_arkeologi/IMG_2536.HEIC
/Users/mdaffaatstsaqif/Downloads/klaster asli/koleksi keramik/IMG_2537.HEIC,1,koleksi arkeologi,koleksi keramik,/Users/mdaffaatstsaqif/Downloads/klaster asli/hasil_finetuned/cluster_gmm/cluster_01__koleksi_arkeologi/IMG_2537.HEIC
/Users/mdaffaatstsaqif/Downloads/klaster asli/koleksi keramik/IMG_2538.HEIC,8,koleksi keramik,koleksi keramik,/Users/mdaffaatstsaqif/Downloads/klaster asli/hasil_finetuned/cluster_gmm/cluster_08__koleksi_keramik/IMG_2538.HEIC
/Users/mdaffaatstsaqif/Downloads/klaster asli/koleksi keramik/IMG_2539.HEIC,8,koleksi keramik,koleksi keramik,/Users/mdaffaatstsaqif/Downloads/klaster asli/hasil_finetuned/cluster_gmm/cluster_08__koleksi_keramik/IMG_2539.HEIC
/Users/mdaffaatstsaqif/Downloads/klaster asli/koleksi keramik/IMG_2540.HEIC,8,koleksi keramik,koleksi keramik,/Users/mdaffaatstsaqif/Downloads/klaster asli/hasil_finetuned/cluster_gmm/cluster_08__koleksi_keramik/IMG_2540.HEIC
/Users/mdaffaatstsaqif/Downloads/klaster asli/koleksi keramik/IMG_2541.HEIC,8,koleksi keramik,koleksi keramik,/Users/mdaffaatstsaqif/Downloads/klaster asli/hasil_finetuned/cluster_gmm/cluster_08__koleksi_keramik/IMG_2541.HEIC
/Users/mdaffaatstsaqif/Downloads/klaster asli/koleksi keramik/IMG_2542.HEIC,8,koleksi keramik,koleksi keramik,/Users/mdaffaatstsaqif/Downloads/klaster asli/hasil_finetuned/cluster_gmm/cluster_08__koleksi_keramik/IMG_2542.HEIC
/Users/mdaffaatstsaqif/Downloads/klaster asli/koleksi keramik/IMG_2543.HEIC,8,koleksi keramik,koleksi keramik,/Users/mdaffaatstsaqif/Downloads/klaster asli/hasil_finetuned/cluster_gmm/cluster_08__koleksi_keramik/IMG_2543.HEIC
/Users/mdaffaatstsaqif/Downloads/klaster asli/koleksi keramik/IMG_2544.HEIC,8,koleksi keramik,koleksi keramik,/Users/mdaffaatstsaqif/Downloads/klaster asli/hasil_finetuned/cluster_gmm/cluster_08__koleksi_keramik/IMG_2544.HEIC
/Users/mdaffaatstsaqif/Downloads/klaster asli/koleksi keramik/IMG_2545.HEIC,8,koleksi keramik,koleksi keramik,/Users/mdaffaatstsaqif/Downloads/klaster asli/hasil_finetuned/cluster_gmm/cluster_08__koleksi_keramik/IMG_2545.HEIC
/Users/mdaffaatstsaqif/Downloads/klaster asli/koleksi keramik/IMG_2546.HEIC,8,koleksi keramik,koleksi keramik,/Users/mdaffaatstsaqif/Downloads/klaster asli/hasil_finetuned/cluster_gmm/cluster_08__koleksi_keramik/IMG_2546.HEIC
/Users/mdaffaatstsaqif/Downloads/klaster asli/koleksi keramik/IMG_2547.HEIC,8,koleksi keramik,koleksi keramik,/Users/mdaffaatstsaqif/Downloads/klaster asli/hasil_finetuned/cluster_gmm/cluster_08__koleksi_keramik/IMG_2547.HEIC
/Users/mdaffaatstsaqif/Downloads/klaster asli/koleksi keramik/IMG_2548.HEIC,8,koleksi keramik,koleksi keramik,/Users/mdaffaatstsaqif/Downloads/klaster asli/hasil_finetuned/cluster_gmm/cluster_08__koleksi_keramik/IMG_2548.HEIC
/Users/mdaffaatstsaqif/Downloads/klaster asli/koleksi keramik/IMG_2549.HEIC,8,koleksi keramik,koleksi keramik,/Users/mdaffaatstsaqif/Downloads/klaster asli/hasil_finetuned/cluster_gmm/cluster_08__koleksi_keramik/IMG_2549.HEIC
/Users/mdaffaatstsaqif/Downloads/klaster asli/koleksi keramik/IMG_2550.HEIC,8,koleksi keramik,koleksi keramik,/Users/mdaffaatstsaqif/Downloads/klaster asli/hasil_finetuned/cluster_gmm/cluster_08__koleksi_keramik/IMG_2550.HEIC
/Users/mdaffaatstsaqif/Downloads/klaster asli/koleksi keramik/IMG_2551.HEIC,8,koleksi keramik,koleksi keramik,/Users/mdaffaatstsaqif/Downloads/klaster asli/hasil_finetuned/cluster_gmm/cluster_08__koleksi_keramik/IMG_2551.HEIC
/Users/mdaffaatstsaqif/Downloads/klaster asli/koleksi keramik/IMG_2552.HEIC,8,koleksi keramik,koleksi keramik,/Users/mdaffaatstsaqif/Downloads/klaster asli/hasil_finetuned/cluster_gmm/cluster_08__koleksi_keramik/IMG_2552.HEIC
/Users/mdaffaatstsaqif/Downloads/klaster asli/koleksi keramik/IMG_2553.HEIC,8,koleksi keramik,koleksi keramik,/Users/mdaffaatstsaqif/Downloads/klaster asli/hasil_finetuned/cluster_gmm/cluster_08__koleksi_keramik/IMG_2553.HEIC
/Users/mdaffaatstsaqif/Downloads/klaster asli/koleksi keramik/IMG_2554.HEIC,8,koleksi keramik,koleksi keramik,/Users/mdaffaatstsaqif/Downloads/klaster asli/hasil_finetuned/cluster_gmm/cluster_08__koleksi_keramik/IMG_2554.HEIC
/Users/mdaffaatstsaqif/Downloads/klaster asli/koleksi keramik/IMG_2555.HEIC,8,koleksi keramik,koleksi keramik,/Users/mdaffaatstsaqif/Downloads/klaster asli/hasil_finetuned/cluster_gmm/cluster_08__koleksi_keramik/IMG_2555.HEIC
/Users/mdaffaatstsaqif/Downloads/klaster asli/koleksi keramik/IMG_2556.HEIC,8,koleksi keramik,koleksi keramik,/Users/mdaffaatstsaqif/Downloads/klaster asli/hasil_finetuned/cluster_gmm/cluster_08__koleksi_keramik/IMG_2556.HEIC
/Users/mdaffaatstsaqif/Downloads/klaster asli/koleksi keramik/IMG_2557.HEIC,8,koleksi keramik,koleksi keramik,/Users/mdaffaatstsaqif/Downloads/klaster asli/hasil_finetuned/cluster_gmm/cluster_08__koleksi_keramik/IMG_2557.HEIC
/Users/mdaffaatstsaqif/Downloads/klaster asli/koleksi keramik/IMG_2558.HEIC,8,koleksi keramik,koleksi keramik,/Users/mdaffaatstsaqif/Downloads/klaster asli/hasil_finetuned/cluster_gmm/cluster_08__koleksi_keramik/IMG_2558.HEIC
/Users/mdaffaatstsaqif/Downloads/klaster asli/koleksi keramik/IMG_2559.HEIC,1,koleksi arkeologi,koleksi keramik,/Users/mdaffaatstsaqif/Downloads/klaster asli/hasil_finetuned/cluster_gmm/cluster_01__koleksi_arkeologi/IMG_2559.HEIC
/Users/mdaffaatstsaqif/Downloads/klaster asli/koleksi keramik/IMG_2560.HEIC,1,koleksi arkeologi,koleksi keramik,/Users/mdaffaatstsaqif/Downloads/klaster asli/hasil_finetuned/cluster_gmm/cluster_01__koleksi_arkeologi/IMG_2560.HEIC
/Users/mdaffaatstsaqif/Downloads/klaster asli/koleksi keramik/IMG_2561.HEIC,1,koleksi arkeologi,koleksi keramik,/Users/mdaffaatstsaqif/Downloads/klaster asli/hasil_finetuned/cluster_gmm/cluster_01__koleksi_arkeologi/IMG_2561.HEIC
/Users/mdaffaatstsaqif/Downloads/klaster asli/koleksi keramik/IMG_2562.HEIC,1,koleksi arkeologi,koleksi keramik,/Users/mdaffaatstsaqif/Downloads/klaster asli/hasil_finetuned/cluster_gmm/cluster_01__koleksi_arkeologi/IMG_2562.HEIC
/Users/mdaffaatstsaqif/Downloads/klaster asli/koleksi keramik/IMG_2563.HEIC,1,koleksi arkeologi,koleksi keramik,/Users/mdaffaatstsaqif/Downloads/klaster asli/hasil_finetuned/cluster_gmm/cluster_01__koleksi_arkeologi/IMG_2563.HEIC
/Users/mdaffaatstsaqif/Downloads/klaster asli/koleksi keramik/IMG_2564.HEIC,1,koleksi arkeologi,koleksi keramik,/Users/mdaffaatstsaqif/Downloads/klaster asli/hasil_finetuned/cluster_gmm/cluster_01__koleksi_arkeologi/IMG_2564.HEIC
/Users/mdaffaatstsaqif/Downloads/klaster asli/koleksi keramik/IMG_2565.HEIC,1,koleksi arkeologi,koleksi keramik,/Users/mdaffaatstsaqif/Downloads/klaster asli/hasil_finetuned/cluster_gmm/cluster_01__koleksi_arkeologi/IMG_2565.HEIC
/Users/mdaffaatstsaqif/Downloads/klaster asli/koleksi keramik/IMG_2566.HEIC,1,koleksi arkeologi,koleksi keramik,/Users/mdaffaatstsaqif/Downloads/klaster asli/hasil_finetuned/cluster_gmm/cluster_01__koleksi_arkeologi/IMG_2566.HEIC
/Users/mdaffaatstsaqif/Downloads/klaster asli/koleksi keramik/IMG_2567.HEIC,1,koleksi arkeologi,koleksi keramik,/Users/mdaffaatstsaqif/Downloads/klaster asli/hasil_finetuned/cluster_gmm/cluster_01__koleksi_arkeologi/IMG_2567.HEIC
/Users/mdaffaatstsaqif/Downloads/klaster asli/koleksi keramik/IMG_2568.HEIC,1,koleksi arkeologi,koleksi keramik,/Users/mdaffaatstsaqif/Downloads/klaster asli/hasil_finetuned/cluster_gmm/cluster_01__koleksi_arkeologi/IMG_2568.HEIC
/Users/mdaffaatstsaqif/Downloads/klaster asli/koleksi keramik/IMG_2569.HEIC,1,koleksi arkeologi,koleksi keramik,/Users/mdaffaatstsaqif/Downloads/klaster asli/hasil_finetuned/cluster_gmm/cluster_01__koleksi_arkeologi/IMG_2569.HEIC
/Users/mdaffaatstsaqif/Downloads/klaster asli/koleksi keramik/IMG_2570.HEIC,1,koleksi arkeologi,koleksi keramik,/Users/mdaffaatstsaqif/Downloads/klaster asli/hasil_finetuned/cluster_gmm/cluster_01__koleksi_arkeologi/IMG_2570.HEIC
/Users/mdaffaatstsaqif/Downloads/klaster asli/koleksi keramik/IMG_2571.HEIC,1,koleksi arkeologi,koleksi keramik,/Users/mdaffaatstsaqif/Downloads/klaster asli/hasil_finetuned/cluster_gmm/cluster_01__koleksi_arkeologi/IMG_2571.HEIC
/Users/mdaffaatstsaqif/Downloads/klaster asli/koleksi keramik/IMG_2572.HEIC,1,koleksi arkeologi,koleksi keramik,/Users/mdaffaatstsaqif/Downloads/klaster asli/hasil_finetuned/cluster_gmm/cluster_01__koleksi_arkeologi/IMG_2572.HEIC
/Users/mdaffaatstsaqif/Downloads/klaster asli/koleksi keramik/IMG_2573.HEIC,1,koleksi arkeologi,koleksi keramik,/Users/mdaffaatstsaqif/Downloads/klaster asli/hasil_finetuned/cluster_gmm/cluster_01__koleksi_arkeologi/IMG_2573.HEIC
/Users/mdaffaatstsaqif/Downloads/klaster asli/koleksi keramik/IMG_2574.HEIC,1,koleksi arkeologi,koleksi keramik,/Users/mdaffaatstsaqif/Downloads/klaster asli/hasil_finetuned/cluster_gmm/cluster_01__koleksi_arkeologi/IMG_2574.HEIC
/Users/mdaffaatstsaqif/Downloads/klaster asli/koleksi keramik/IMG_2575.HEIC,1,koleksi arkeologi,koleksi keramik,/Users/mdaffaatstsaqif/Downloads/klaster asli/hasil_finetuned/cluster_gmm/cluster_01__koleksi_arkeologi/IMG_2575.HEIC
/Users/mdaffaatstsaqif/Downloads/klaster asli/koleksi keramik/IMG_2576.HEIC,1,koleksi arkeologi,koleksi keramik,/Users/mdaffaatstsaqif/Downloads/klaster asli/hasil_finetuned/cluster_gmm/cluster_01__koleksi_arkeologi/IMG_2576.HEIC
/Users/mdaffaatstsaqif/Downloads/klaster asli/koleksi keramik/IMG_2577.HEIC,1,koleksi arkeologi,koleksi keramik,/Users/mdaffaatstsaqif/Downloads/klaster asli/hasil_finetuned/cluster_gmm/cluster_01__koleksi_arkeologi/IMG_2577.HEIC
/Users/mdaffaatstsaqif/Downloads/klaster asli/koleksi keramik/IMG_2578.HEIC,1,koleksi arkeologi,koleksi keramik,/Users/mdaffaatstsaqif/Downloads/klaster asli/hasil_finetuned/cluster_gmm/cluster_01__koleksi_arkeologi/IMG_2578.HEIC
/Users/mdaffaatstsaqif/Downloads/klaster asli/koleksi keramik/IMG_2579.HEIC,1,koleksi arkeologi,koleksi keramik,/Users/mdaffaatstsaqif/Downloads/klaster asli/hasil_finetuned/cluster_gmm/cluster_01__koleksi_arkeologi/IMG_2579.HEIC
/Users/mdaffaatstsaqif/Downloads/klaster asli/koleksi keramik/IMG_2580.HEIC,1,koleksi arkeologi,koleksi keramik,/Users/mdaffaatstsaqif/Downloads/klaster asli/hasil_finetuned/cluster_gmm/cluster_01__koleksi_arkeologi/IMG_2580.HEIC
/Users/mdaffaatstsaqif/Downloads/klaster asli/koleksi keramik/IMG_2581.HEIC,1,koleksi arkeologi,koleksi keramik,/Users/mdaffaatstsaqif/Downloads/klaster asli/hasil_finetuned/cluster_gmm/cluster_01__koleksi_arkeologi/IMG_2581.HEIC
/Users/mdaffaatstsaqif/Downloads/klaster asli/koleksi keramik/IMG_2582.HEIC,1,koleksi arkeologi,koleksi keramik,/Users/mdaffaatstsaqif/Downloads/klaster asli/hasil_finetuned/cluster_gmm/cluster_01__koleksi_arkeologi/IMG_2582.HEIC
/Users/mdaffaatstsaqif/Downloads/klaster asli/koleksi keramik/IMG_2583.HEIC,1,koleksi arkeologi,koleksi keramik,/Users/mdaffaatstsaqif/Downloads/klaster asli/hasil_finetuned/cluster_gmm/cluster_01__koleksi_arkeologi/IMG_2583.HEIC
/Users/mdaffaatstsaqif/Downloads/klaster asli/koleksi keramik/IMG_2584.HEIC,1,koleksi arkeologi,koleksi keramik,/Users/mdaffaatstsaqif/Downloads/klaster asli/hasil_finetuned/cluster_gmm/cluster_01__koleksi_arkeologi/IMG_2584.HEIC
/Users/mdaffaatstsaqif/Downloads/klaster asli/koleksi keramik/IMG_2585.HEIC,1,koleksi arkeologi,koleksi keramik,/Users/mdaffaatstsaqif/Downloads/klaster asli/hasil_finetuned/cluster_gmm/cluster_01__koleksi_arkeologi/IMG_2585.HEIC
/Users/mdaffaatstsaqif/Downloads/klaster asli/koleksi keramik/IMG_2586.HEIC,1,koleksi arkeologi,koleksi keramik,/Users/mdaffaatstsaqif/Downloads/klaster asli/hasil_finetuned/cluster_gmm/cluster_01__koleksi_arkeologi/IMG_2586.HEIC
/Users/mdaffaatstsaqif/Downloads/klaster asli/koleksi keramik/IMG_2587.HEIC,1,koleksi arkeologi,koleksi keramik,/Users/mdaffaatstsaqif/Downloads/klaster asli/hasil_finetuned/cluster_gmm/cluster_01__koleksi_arkeologi/IMG_2587.HEIC
/Users/mdaffaatstsaqif/Downloads/klaster asli/koleksi senjata/IMG_2139.HEIC,4,koleksi senjata,koleksi senjata,/Users/mdaffaatstsaqif/Downloads/klaster asli/hasil_finetuned/cluster_gmm/cluster_04__koleksi_senjata/IMG_2139.HEIC
/Users/mdaffaatstsaqif/Downloads/klaster asli/koleksi senjata/IMG_2140.HEIC,4,koleksi senjata,koleksi senjata,/Users/mdaffaatstsaqif/Downloads/klaster asli/hasil_finetuned/cluster_gmm/cluster_04__koleksi_senjata/IMG_2140.HEIC
/Users/mdaffaatstsaqif/Downloads/klaster asli/koleksi senjata/IMG_2141.HEIC,4,koleksi senjata,koleksi senjata,/Users/mdaffaatstsaqif/Downloads/klaster asli/hasil_finetuned/cluster_gmm/cluster_04__koleksi_senjata/IMG_2141.HEIC
/Users/mdaffaatstsaqif/Downloads/klaster asli/koleksi senjata/IMG_2142.HEIC,4,koleksi senjata,koleksi senjata,/Users/mdaffaatstsaqif/Downloads/klaster asli/hasil_finetuned/cluster_gmm/cluster_04__koleksi_senjata/IMG_2142.HEIC
/Users/mdaffaatstsaqif/Downloads/klaster asli/koleksi senjata/IMG_2143.HEIC,4,koleksi senjata,koleksi senjata,/Users/mdaffaatstsaqif/Downloads/klaster asli/hasil_finetuned/cluster_gmm/cluster_04__koleksi_senjata/IMG_2143.HEIC
/Users/mdaffaatstsaqif/Downloads/klaster asli/koleksi senjata/IMG_2144.HEIC,4,koleksi senjata,koleksi senjata,/Users/mdaffaatstsaqif/Downloads/klaster asli/hasil_finetuned/cluster_gmm/cluster_04__koleksi_senjata/IMG_2144.HEIC
/Users/mdaffaatstsaqif/Downloads/klaster asli/koleksi senjata/IMG_2145.HEIC,4,koleksi senjata,koleksi senjata,/Users/mdaffaatstsaqif/Downloads/klaster asli/hasil_finetuned/cluster_gmm/cluster_04__koleksi_senjata/IMG_2145.HEIC
/Users/mdaffaatstsaqif/Downloads/klaster asli/koleksi senjata/IMG_2146.HEIC,4,koleksi senjata,koleksi senjata,/Users/mdaffaatstsaqif/Downloads/klaster asli/hasil_finetuned/cluster_gmm/cluster_04__koleksi_senjata/IMG_2146.HEIC
/Users/mdaffaatstsaqif/Downloads/klaster asli/koleksi senjata/IMG_2147.HEIC,4,koleksi senjata,koleksi senjata,/Users/mdaffaatstsaqif/Downloads/klaster asli/hasil_finetuned/cluster_gmm/cluster_04__koleksi_senjata/IMG_2147.HEIC
/Users/mdaffaatstsaqif/Downloads/klaster asli/koleksi senjata/IMG_2148.HEIC,4,koleksi senjata,koleksi senjata,/Users/mdaffaatstsaqif/Downloads/klaster asli/hasil_finetuned/cluster_gmm/cluster_04__koleksi_senjata/IMG_2148.HEIC
/Users/mdaffaatstsaqif/Downloads/klaster asli/koleksi senjata/IMG_2149.HEIC,4,koleksi senjata,koleksi senjata,/Users/mdaffaatstsaqif/Downloads/klaster asli/hasil_finetuned/cluster_gmm/cluster_04__koleksi_senjata/IMG_2149.HEIC
/Users/mdaffaatstsaqif/Downloads/klaster asli/koleksi senjata/IMG_2150.HEIC,4,koleksi senjata,koleksi senjata,/Users/mdaffaatstsaqif/Downloads/klaster asli/hasil_finetuned/cluster_gmm/cluster_04__koleksi_senjata/IMG_2150.HEIC
/Users/mdaffaatstsaqif/Downloads/klaster asli/koleksi naskah kuno/IMG_2427.HEIC,6,koleksi naskah kuno,koleksi naskah kuno,/Users/mdaffaatstsaqif/Downloads/klaster asli/hasil_finetuned/cluster_gmm/cluster_06__koleksi_naskah_kuno/IMG_2427.HEIC
/Users/mdaffaatstsaqif/Downloads/klaster asli/koleksi naskah kuno/IMG_2428.HEIC,6,koleksi naskah kuno,koleksi naskah kuno,/Users/mdaffaatstsaqif/Downloads/klaster asli/hasil_finetuned/cluster_gmm/cluster_06__koleksi_naskah_kuno/IMG_2428.HEIC
/Users/mdaffaatstsaqif/Downloads/klaster asli/koleksi naskah kuno/IMG_2429.HEIC,6,koleksi naskah kuno,koleksi naskah kuno,/Users/mdaffaatstsaqif/Downloads/klaster asli/hasil_finetuned/cluster_gmm/cluster_06__koleksi_naskah_kuno/IMG_2429.HEIC
/Users/mdaffaatstsaqif/Downloads/klaster asli/koleksi naskah kuno/IMG_2430.HEIC,6,koleksi naskah kuno,koleksi naskah kuno,/Users/mdaffaatstsaqif/Downloads/klaster asli/hasil_finetuned/cluster_gmm/cluster_06__koleksi_naskah_kuno/IMG_2430.HEIC
/Users/mdaffaatstsaqif/Downloads/klaster asli/koleksi naskah kuno/IMG_2431.HEIC,6,koleksi naskah kuno,koleksi naskah kuno,/Users/mdaffaatstsaqif/Downloads/klaster asli/hasil_finetuned/cluster_gmm/cluster_06__koleksi_naskah_kuno/IMG_2431.HEIC
/Users/mdaffaatstsaqif/Downloads/klaster asli/koleksi naskah kuno/IMG_2432.HEIC,6,koleksi naskah kuno,koleksi naskah kuno,/Users/mdaffaatstsaqif/Downloads/klaster asli/hasil_finetuned/cluster_gmm/cluster_06__koleksi_naskah_kuno/IMG_2432.HEIC
/Users/mdaffaatstsaqif/Downloads/klaster asli/koleksi naskah kuno/IMG_2433.HEIC,6,koleksi naskah kuno,koleksi naskah kuno,/Users/mdaffaatstsaqif/Downloads/klaster asli/hasil_finetuned/cluster_gmm/cluster_06__koleksi_naskah_kuno/IMG_2433.HEIC
/Users/mdaffaatstsaqif/Downloads/klaster asli/koleksi naskah kuno/IMG_2434.HEIC,6,koleksi naskah kuno,koleksi naskah kuno,/Users/mdaffaatstsaqif/Downloads/klaster asli/hasil_finetuned/cluster_gmm/cluster_06__koleksi_naskah_kuno/IMG_2434.HEIC
/Users/mdaffaatstsaqif/Downloads/klaster asli/koleksi naskah kuno/IMG_2435.HEIC,6,koleksi naskah kuno,koleksi naskah kuno,/Users/mdaffaatstsaqif/Downloads/klaster asli/hasil_finetuned/cluster_gmm/cluster_06__koleksi_naskah_kuno/IMG_2435.HEIC
/Users/mdaffaatstsaqif/Downloads/klaster asli/koleksi naskah kuno/IMG_2436.HEIC,6,koleksi naskah kuno,koleksi naskah kuno,/Users/mdaffaatstsaqif/Downloads/klaster asli/hasil_finetuned/cluster_gmm/cluster_06__koleksi_naskah_kuno/IMG_2436.HEIC
/Users/mdaffaatstsaqif/Downloads/klaster asli/koleksi naskah kuno/IMG_2437.HEIC,6,koleksi naskah kuno,koleksi naskah kuno,/Users/mdaffaatstsaqif/Downloads/klaster asli/hasil_finetuned/cluster_gmm/cluster_06__koleksi_naskah_kuno/IMG_2437.HEIC
/Users/mdaffaatstsaqif/Downloads/klaster asli/koleksi naskah kuno/IMG_2438.HEIC,6,koleksi naskah kuno,koleksi naskah kuno,/Users/mdaffaatstsaqif/Downloads/klaster asli/hasil_finetuned/cluster_gmm/cluster_06__koleksi_naskah_kuno/IMG_2438.HEIC
/Users/mdaffaatstsaqif/Downloads/klaster asli/koleksi naskah kuno/IMG_2439.HEIC,6,koleksi naskah kuno,koleksi naskah kuno,/Users/mdaffaatstsaqif/Downloads/klaster asli/hasil_finetuned/cluster_gmm/cluster_06__koleksi_naskah_kuno/IMG_2439.HEIC
/Users/mdaffaatstsaqif/Downloads/klaster asli/koleksi naskah kuno/IMG_2440.HEIC,6,koleksi naskah kuno,koleksi naskah kuno,/Users/mdaffaatstsaqif/Downloads/klaster asli/hasil_finetuned/cluster_gmm/cluster_06__koleksi_naskah_kuno/IMG_2440.HEIC
/Users/mdaffaatstsaqif/Downloads/klaster asli/koleksi naskah kuno/IMG_2441.HEIC,6,koleksi naskah kuno,koleksi naskah kuno,/Users/mdaffaatstsaqif/Downloads/klaster asli/hasil_finetuned/cluster_gmm/cluster_06__koleksi_naskah_kuno/IMG_2441.HEIC
/Users/mdaffaatstsaqif/Downloads/klaster asli/koleksi naskah kuno/IMG_2442.HEIC,6,koleksi naskah kuno,koleksi naskah kuno,/Users/mdaffaatstsaqif/Downloads/klaster asli/hasil_finetuned/cluster_gmm/cluster_06__koleksi_naskah_kuno/IMG_2442.HEIC
/Users/mdaffaatstsaqif/Downloads/klaster asli/koleksi naskah kuno/IMG_2443.HEIC,6,koleksi naskah kuno,koleksi naskah kuno,/Users/mdaffaatstsaqif/Downloads/klaster asli/hasil_finetuned/cluster_gmm/cluster_06__koleksi_naskah_kuno/IMG_2443.HEIC
/Users/mdaffaatstsaqif/Downloads/klaster asli/koleksi naskah kuno/IMG_2444.HEIC,6,koleksi naskah kuno,koleksi naskah kuno,/Users/mdaffaatstsaqif/Downloads/klaster asli/hasil_finetuned/cluster_gmm/cluster_06__koleksi_naskah_kuno/IMG_2444.HEIC
/Users/mdaffaatstsaqif/Downloads/klaster asli/koleksi naskah kuno/IMG_2445.HEIC,6,koleksi naskah kuno,koleksi naskah kuno,/Users/mdaffaatstsaqif/Downloads/klaster asli/hasil_finetuned/cluster_gmm/cluster_06__koleksi_naskah_kuno/IMG_2445.HEIC
/Users/mdaffaatstsaqif/Downloads/klaster asli/koleksi naskah kuno/IMG_2446.HEIC,6,koleksi naskah kuno,koleksi naskah kuno,/Users/mdaffaatstsaqif/Downloads/klaster asli/hasil_finetuned/cluster_gmm/cluster_06__koleksi_naskah_kuno/IMG_2446.HEIC
/Users/mdaffaatstsaqif/Downloads/klaster asli/koleksi naskah kuno/IMG_2447.HEIC,6,koleksi naskah kuno,koleksi naskah kuno,/Users/mdaffaatstsaqif/Downloads/klaster asli/hasil_finetuned/cluster_gmm/cluster_06__koleksi_naskah_kuno/IMG_2447.HEIC
/Users/mdaffaatstsaqif/Downloads/klaster asli/koleksi naskah kuno/IMG_2448.HEIC,6,koleksi naskah kuno,koleksi naskah kuno,/Users/mdaffaatstsaqif/Downloads/klaster asli/hasil_finetuned/cluster_gmm/cluster_06__koleksi_naskah_kuno/IMG_2448.HEIC
/Users/mdaffaatstsaqif/Downloads/klaster asli/koleksi naskah kuno/IMG_2449.HEIC,6,koleksi naskah kuno,koleksi naskah kuno,/Users/mdaffaatstsaqif/Downloads/klaster asli/hasil_finetuned/cluster_gmm/cluster_06__koleksi_naskah_kuno/IMG_2449.HEIC
/Users/mdaffaatstsaqif/Downloads/klaster asli/koleksi naskah kuno/IMG_2450.HEIC,6,koleksi naskah kuno,koleksi naskah kuno,/Users/mdaffaatstsaqif/Downloads/klaster asli/hasil_finetuned/cluster_gmm/cluster_06__koleksi_naskah_kuno/IMG_2450.HEIC
/Users/mdaffaatstsaqif/Downloads/klaster asli/koleksi naskah kuno/IMG_2451.HEIC,6,koleksi naskah kuno,koleksi naskah kuno,/Users/mdaffaatstsaqif/Downloads/klaster asli/hasil_finetuned/cluster_gmm/cluster_06__koleksi_naskah_kuno/IMG_2451.HEIC
/Users/mdaffaatstsaqif/Downloads/klaster asli/koleksi naskah kuno/IMG_2452.HEIC,6,koleksi naskah kuno,koleksi naskah kuno,/Users/mdaffaatstsaqif/Downloads/klaster asli/hasil_finetuned/cluster_gmm/cluster_06__koleksi_naskah_kuno/IMG_2452.HEIC
/Users/mdaffaatstsaqif/Downloads/klaster asli/koleksi naskah kuno/IMG_2453.HEIC,6,koleksi naskah kuno,koleksi naskah kuno,/Users/mdaffaatstsaqif/Downloads/klaster asli/hasil_finetuned/cluster_gmm/cluster_06__koleksi_naskah_kuno/IMG_2453.HEIC
/Users/mdaffaatstsaqif/Downloads/klaster asli/koleksi naskah kuno/IMG_2454.HEIC,6,koleksi naskah kuno,koleksi naskah kuno,/Users/mdaffaatstsaqif/Downloads/klaster asli/hasil_finetuned/cluster_gmm/cluster_06__koleksi_naskah_kuno/IMG_2454.HEIC
/Users/mdaffaatstsaqif/Downloads/klaster asli/koleksi naskah kuno/IMG_2455.HEIC,7,koleksi teknologika,koleksi naskah kuno,/Users/mdaffaatstsaqif/Downloads/klaster asli/hasil_finetuned/cluster_gmm/cluster_07__koleksi_teknologika/IMG_2455.HEIC
/Users/mdaffaatstsaqif/Downloads/klaster asli/koleksi naskah kuno/IMG_2456.HEIC,6,koleksi naskah kuno,koleksi naskah kuno,/Users/mdaffaatstsaqif/Downloads/klaster asli/hasil_finetuned/cluster_gmm/cluster_06__koleksi_naskah_kuno/IMG_2456.HEIC
/Users/mdaffaatstsaqif/Downloads/klaster asli/koleksi naskah kuno/IMG_2457.HEIC,6,koleksi naskah kuno,koleksi naskah kuno,/Users/mdaffaatstsaqif/Downloads/klaster asli/hasil_finetuned/cluster_gmm/cluster_06__koleksi_naskah_kuno/IMG_2457.HEIC
/Users/mdaffaatstsaqif/Downloads/klaster asli/koleksi naskah kuno/IMG_2460.HEIC,6,koleksi naskah kuno,koleksi naskah kuno,/Users/mdaffaatstsaqif/Downloads/klaster asli/hasil_finetuned/cluster_gmm/cluster_06__koleksi_naskah_kuno/IMG_2460.HEIC
/Users/mdaffaatstsaqif/Downloads/klaster asli/koleksi naskah kuno/IMG_2461.HEIC,6,koleksi naskah kuno,koleksi naskah kuno,/Users/mdaffaatstsaqif/Downloads/klaster asli/hasil_finetuned/cluster_gmm/cluster_06__koleksi_naskah_kuno/IMG_2461.HEIC
/Users/mdaffaatstsaqif/Downloads/klaster asli/koleksi naskah kuno/IMG_2462.HEIC,5,koleksi geologi,koleksi naskah kuno,/Users/mdaffaatstsaqif/Downloads/klaster asli/hasil_finetuned/cluster_gmm/cluster_05__koleksi_geologi/IMG_2462.HEIC
/Users/mdaffaatstsaqif/Downloads/klaster asli/koleksi naskah kuno/IMG_2463.HEIC,5,koleksi geologi,koleksi naskah kuno,/Users/mdaffaatstsaqif/Downloads/klaster asli/hasil_finetuned/cluster_gmm/cluster_05__koleksi_geologi/IMG_2463.HEIC
/Users/mdaffaatstsaqif/Downloads/klaster asli/koleksi naskah kuno/IMG_2464.HEIC,5,koleksi geologi,koleksi naskah kuno,/Users/mdaffaatstsaqif/Downloads/klaster asli/hasil_finetuned/cluster_gmm/cluster_05__koleksi_geologi/IMG_2464.HEIC
/Users/mdaffaatstsaqif/Downloads/klaster asli/koleksi naskah kuno/IMG_2465.HEIC,5,koleksi geologi,koleksi naskah kuno,/Users/mdaffaatstsaqif/Downloads/klaster asli/hasil_finetuned/cluster_gmm/cluster_05__koleksi_geologi/IMG_2465.HEIC
/Users/mdaffaatstsaqif/Downloads/klaster asli/koleksi naskah kuno/IMG_2466.HEIC,5,koleksi geologi,koleksi naskah kuno,/Users/mdaffaatstsaqif/Downloads/klaster asli/hasil_finetuned/cluster_gmm/cluster_05__koleksi_geologi/IMG_2466.HEIC
/Users/mdaffaatstsaqif/Downloads/klaster asli/koleksi naskah kuno/IMG_2467.HEIC,5,koleksi geologi,koleksi naskah kuno,/Users/mdaffaatstsaqif/Downloads/klaster asli/hasil_finetuned/cluster_gmm/cluster_05__koleksi_geologi/IMG_2467.HEIC
/Users/mdaffaatstsaqif/Downloads/klaster asli/koleksi naskah kuno/IMG_2468.HEIC,5,koleksi geologi,koleksi naskah kuno,/Users/mdaffaatstsaqif/Downloads/klaster asli/hasil_finetuned/cluster_gmm/cluster_05__koleksi_geologi/IMG_2468.HEIC
/Users/mdaffaatstsaqif/Downloads/klaster asli/koleksi naskah kuno/IMG_2469.HEIC,5,koleksi geologi,koleksi naskah kuno,/Users/mdaffaatstsaqif/Downloads/klaster asli/hasil_finetuned/cluster_gmm/cluster_05__koleksi_geologi/IMG_2469.HEIC
/Users/mdaffaatstsaqif/Downloads/klaster asli/koleksi naskah kuno/IMG_2470.HEIC,5,koleksi geologi,koleksi naskah kuno,/Users/mdaffaatstsaqif/Downloads/klaster asli/hasil_finetuned/cluster_gmm/cluster_05__koleksi_geologi/IMG_2470.HEIC
/Users/mdaffaatstsaqif/Downloads/klaster asli/koleksi naskah kuno/IMG_2471.HEIC,6,koleksi naskah kuno,koleksi naskah kuno,/Users/mdaffaatstsaqif/Downloads/klaster asli/hasil_finetuned/cluster_gmm/cluster_06__koleksi_naskah_kuno/IMG_2471.HEIC
/Users/mdaffaatstsaqif/Downloads/klaster asli/koleksi naskah kuno/IMG_2472.HEIC,6,koleksi naskah kuno,koleksi naskah kuno,/Users/mdaffaatstsaqif/Downloads/klaster asli/hasil_finetuned/cluster_gmm/cluster_06__koleksi_naskah_kuno/IMG_2472.HEIC
/Users/mdaffaatstsaqif/Downloads/klaster asli/koleksi naskah kuno/IMG_2473.HEIC,6,koleksi naskah kuno,koleksi naskah kuno,/Users/mdaffaatstsaqif/Downloads/klaster asli/hasil_finetuned/cluster_gmm/cluster_06__koleksi_naskah_kuno/IMG_2473.HEIC
/Users/mdaffaatstsaqif/Downloads/klaster asli/koleksi naskah kuno/IMG_2474.HEIC,6,koleksi naskah kuno,koleksi naskah kuno,/Users/mdaffaatstsaqif/Downloads/klaster asli/hasil_finetuned/cluster_gmm/cluster_06__koleksi_naskah_kuno/IMG_2474.HEIC
/Users/mdaffaatstsaqif/Downloads/klaster asli/koleksi naskah kuno/IMG_2475.HEIC,6,koleksi naskah kuno,koleksi naskah kuno,/Users/mdaffaatstsaqif/Downloads/klaster asli/hasil_finetuned/cluster_gmm/cluster_06__koleksi_naskah_kuno/IMG_2475.HEIC
/Users/mdaffaatstsaqif/Downloads/klaster asli/koleksi biologi/IMG_2090.heic,9,koleksi etnografi,koleksi biologi,/Users/mdaffaatstsaqif/Downloads/klaster asli/hasil_finetuned/cluster_gmm/cluster_09__koleksi_etnografi/IMG_2090.heic
/Users/mdaffaatstsaqif/Downloads/klaster asli/koleksi biologi/IMG_2091.heic,9,koleksi etnografi,koleksi biologi,/Users/mdaffaatstsaqif/Downloads/klaster asli/hasil_finetuned/cluster_gmm/cluster_09__koleksi_etnografi/IMG_2091.heic
/Users/mdaffaatstsaqif/Downloads/klaster asli/koleksi biologi/IMG_2092.heic,0,koleksi biologi,koleksi biologi,/Users/mdaffaatstsaqif/Downloads/klaster asli/hasil_finetuned/cluster_gmm/cluster_00__koleksi_biologi/IMG_2092.heic
/Users/mdaffaatstsaqif/Downloads/klaster asli/koleksi biologi/IMG_2093.heic,0,koleksi biologi,koleksi biologi,/Users/mdaffaatstsaqif/Downloads/klaster asli/hasil_finetuned/cluster_gmm/cluster_00__koleksi_biologi/IMG_2093.heic
/Users/mdaffaatstsaqif/Downloads/klaster asli/koleksi biologi/IMG_2094.heic,9,koleksi etnografi,koleksi biologi,/Users/mdaffaatstsaqif/Downloads/klaster asli/hasil_finetuned/cluster_gmm/cluster_09__koleksi_etnografi/IMG_2094.heic
/Users/mdaffaatstsaqif/Downloads/klaster asli/koleksi biologi/IMG_2095.heic,9,koleksi etnografi,koleksi biologi,/Users/mdaffaatstsaqif/Downloads/klaster asli/hasil_finetuned/cluster_gmm/cluster_09__koleksi_etnografi/IMG_2095.heic
/Users/mdaffaatstsaqif/Downloads/klaster asli/koleksi biologi/IMG_2096.heic,9,koleksi etnografi,koleksi biologi,/Users/mdaffaatstsaqif/Downloads/klaster asli/hasil_finetuned/cluster_gmm/cluster_09__koleksi_etnografi/IMG_2096.heic
/Users/mdaffaatstsaqif/Downloads/klaster asli/koleksi biologi/IMG_2097.heic,0,koleksi biologi,koleksi biologi,/Users/mdaffaatstsaqif/Downloads/klaster asli/hasil_finetuned/cluster_gmm/cluster_00__koleksi_biologi/IMG_2097.heic
/Users/mdaffaatstsaqif/Downloads/klaster asli/koleksi biologi/IMG_2099.heic,0,koleksi biologi,koleksi biologi,/Users/mdaffaatstsaqif/Downloads/klaster asli/hasil_finetuned/cluster_gmm/cluster_00__koleksi_biologi/IMG_2099.heic
/Users/mdaffaatstsaqif/Downloads/klaster asli/koleksi biologi/IMG_2100.heic,0,koleksi biologi,koleksi biologi,/Users/mdaffaatstsaqif/Downloads/klaster asli/hasil_finetuned/cluster_gmm/cluster_00__koleksi_biologi/IMG_2100.heic
/Users/mdaffaatstsaqif/Downloads/klaster asli/koleksi biologi/IMG_2101.heic,0,koleksi biologi,koleksi biologi,/Users/mdaffaatstsaqif/Downloads/klaster asli/hasil_finetuned/cluster_gmm/cluster_00__koleksi_biologi/IMG_2101.heic
/Users/mdaffaatstsaqif/Downloads/klaster asli/koleksi biologi/IMG_2102.heic,9,koleksi etnografi,koleksi biologi,/Users/mdaffaatstsaqif/Downloads/klaster asli/hasil_finetuned/cluster_gmm/cluster_09__koleksi_etnografi/IMG_2102.heic
/Users/mdaffaatstsaqif/Downloads/klaster asli/koleksi biologi/IMG_2103.heic,9,koleksi etnografi,koleksi biologi,/Users/mdaffaatstsaqif/Downloads/klaster asli/hasil_finetuned/cluster_gmm/cluster_09__koleksi_etnografi/IMG_2103.heic
/Users/mdaffaatstsaqif/Downloads/klaster asli/koleksi biologi/IMG_2104.heic,0,koleksi biologi,koleksi biologi,/Users/mdaffaatstsaqif/Downloads/klaster asli/hasil_finetuned/cluster_gmm/cluster_00__koleksi_biologi/IMG_2104.heic
/Users/mdaffaatstsaqif/Downloads/klaster asli/koleksi biologi/IMG_2105.heic,0,koleksi biologi,koleksi biologi,/Users/mdaffaatstsaqif/Downloads/klaster asli/hasil_finetuned/cluster_gmm/cluster_00__koleksi_biologi/IMG_2105.heic
/Users/mdaffaatstsaqif/Downloads/klaster asli/koleksi biologi/IMG_2106.heic,0,koleksi biologi,koleksi biologi,/Users/mdaffaatstsaqif/Downloads/klaster asli/hasil_finetuned/cluster_gmm/cluster_00__koleksi_biologi/IMG_2106.heic
/Users/mdaffaatstsaqif/Downloads/klaster asli/koleksi biologi/IMG_2107.heic,0,koleksi biologi,koleksi biologi,/Users/mdaffaatstsaqif/Downloads/klaster asli/hasil_finetuned/cluster_gmm/cluster_00__koleksi_biologi/IMG_2107.heic
/Users/mdaffaatstsaqif/Downloads/klaster asli/koleksi biologi/IMG_2108.heic,0,koleksi biologi,koleksi biologi,/Users/mdaffaatstsaqif/Downloads/klaster asli/hasil_finetuned/cluster_gmm/cluster_00__koleksi_biologi/IMG_2108.heic
/Users/mdaffaatstsaqif/Downloads/klaster asli/koleksi biologi/IMG_2109.heic,0,koleksi biologi,koleksi biologi,/Users/mdaffaatstsaqif/Downloads/klaster asli/hasil_finetuned/cluster_gmm/cluster_00__koleksi_biologi/IMG_2109.heic
/Users/mdaffaatstsaqif/Downloads/klaster asli/koleksi biologi/IMG_2110.heic,9,koleksi etnografi,koleksi biologi,/Users/mdaffaatstsaqif/Downloads/klaster asli/hasil_finetuned/cluster_gmm/cluster_09__koleksi_etnografi/IMG_2110.heic
/Users/mdaffaatstsaqif/Downloads/klaster asli/koleksi biologi/IMG_2111.heic,0,koleksi biologi,koleksi biologi,/Users/mdaffaatstsaqif/Downloads/klaster asli/hasil_finetuned/cluster_gmm/cluster_00__koleksi_biologi/IMG_2111.heic
/Users/mdaffaatstsaqif/Downloads/klaster asli/koleksi biologi/IMG_2112.heic,0,koleksi biologi,koleksi biologi,/Users/mdaffaatstsaqif/Downloads/klaster asli/hasil_finetuned/cluster_gmm/cluster_00__koleksi_biologi/IMG_2112.heic
/Users/mdaffaatstsaqif/Downloads/klaster asli/koleksi biologi/IMG_2113.heic,0,koleksi biologi,koleksi biologi,/Users/mdaffaatstsaqif/Downloads/klaster asli/hasil_finetuned/cluster_gmm/cluster_00__koleksi_biologi/IMG_2113.heic
/Users/mdaffaatstsaqif/Downloads/klaster asli/koleksi biologi/IMG_2114.heic,0,koleksi biologi,koleksi biologi,/Users/mdaffaatstsaqif/Downloads/klaster asli/hasil_finetuned/cluster_gmm/cluster_00__koleksi_biologi/IMG_2114.heic
/Users/mdaffaatstsaqif/Downloads/klaster asli/koleksi biologi/IMG_2115.heic,0,koleksi biologi,koleksi biologi,/Users/mdaffaatstsaqif/Downloads/klaster asli/hasil_finetuned/cluster_gmm/cluster_00__koleksi_biologi/IMG_2115.heic
/Users/mdaffaatstsaqif/Downloads/klaster asli/koleksi biologi/IMG_2116.heic,0,koleksi biologi,koleksi biologi,/Users/mdaffaatstsaqif/Downloads/klaster asli/hasil_finetuned/cluster_gmm/cluster_00__koleksi_biologi/IMG_2116.heic
/Users/mdaffaatstsaqif/Downloads/klaster asli/koleksi biologi/IMG_2117.heic,0,koleksi biologi,koleksi biologi,/Users/mdaffaatstsaqif/Downloads/klaster asli/hasil_finetuned/cluster_gmm/cluster_00__koleksi_biologi/IMG_2117.heic
/Users/mdaffaatstsaqif/Downloads/klaster asli/koleksi biologi/IMG_2118.heic,0,koleksi biologi,koleksi biologi,/Users/mdaffaatstsaqif/Downloads/klaster asli/hasil_finetuned/cluster_gmm/cluster_00__koleksi_biologi/IMG_2118.heic
/Users/mdaffaatstsaqif/Downloads/klaster asli/koleksi biologi/IMG_2119.heic,0,koleksi biologi,koleksi biologi,/Users/mdaffaatstsaqif/Downloads/klaster asli/hasil_finetuned/cluster_gmm/cluster_00__koleksi_biologi/IMG_2119.heic
/Users/mdaffaatstsaqif/Downloads/klaster asli/koleksi biologi/IMG_2120.heic,0,koleksi biologi,koleksi biologi,/Users/mdaffaatstsaqif/Downloads/klaster asli/hasil_finetuned/cluster_gmm/cluster_00__koleksi_biologi/IMG_2120.heic
/Users/mdaffaatstsaqif/Downloads/klaster asli/koleksi biologi/IMG_2121.heic,0,koleksi biologi,koleksi biologi,/Users/mdaffaatstsaqif/Downloads/klaster asli/hasil_finetuned/cluster_gmm/cluster_00__koleksi_biologi/IMG_2121.heic
/Users/mdaffaatstsaqif/Downloads/klaster asli/koleksi biologi/IMG_2122.heic,0,koleksi biologi,koleksi biologi,/Users/mdaffaatstsaqif/Downloads/klaster asli/hasil_finetuned/cluster_gmm/cluster_00__koleksi_biologi/IMG_2122.heic
/Users/mdaffaatstsaqif/Downloads/klaster asli/koleksi biologi/IMG_2123.heic,0,koleksi biologi,koleksi biologi,/Users/mdaffaatstsaqif/Downloads/klaster asli/hasil_finetuned/cluster_gmm/cluster_00__koleksi_biologi/IMG_2123.heic
/Users/mdaffaatstsaqif/Downloads/klaster asli/koleksi biologi/IMG_2124.heic,0,koleksi biologi,koleksi biologi,/Users/mdaffaatstsaqif/Downloads/klaster asli/hasil_finetuned/cluster_gmm/cluster_00__koleksi_biologi/IMG_2124.heic
/Users/mdaffaatstsaqif/Downloads/klaster asli/koleksi biologi/IMG_2125.heic,0,koleksi biologi,koleksi biologi,/Users/mdaffaatstsaqif/Downloads/klaster asli/hasil_finetuned/cluster_gmm/cluster_00__koleksi_biologi/IMG_2125.heic
/Users/mdaffaatstsaqif/Downloads/klaster asli/koleksi biologi/IMG_2126.heic,0,koleksi biologi,koleksi biologi,/Users/mdaffaatstsaqif/Downloads/klaster asli/hasil_finetuned/cluster_gmm/cluster_00__koleksi_biologi/IMG_2126.heic
/Users/mdaffaatstsaqif/Downloads/klaster asli/koleksi biologi/IMG_2127.heic,0,koleksi biologi,koleksi biologi,/Users/mdaffaatstsaqif/Downloads/klaster asli/hasil_finetuned/cluster_gmm/cluster_00__koleksi_biologi/IMG_2127.heic
/Users/mdaffaatstsaqif/Downloads/klaster asli/koleksi biologi/IMG_2128.heic,0,koleksi biologi,koleksi biologi,/Users/mdaffaatstsaqif/Downloads/klaster asli/hasil_finetuned/cluster_gmm/cluster_00__koleksi_biologi/IMG_2128.heic
/Users/mdaffaatstsaqif/Downloads/klaster asli/koleksi biologi/IMG_2129.heic,0,koleksi biologi,koleksi biologi,/Users/mdaffaatstsaqif/Downloads/klaster asli/hasil_finetuned/cluster_gmm/cluster_00__koleksi_biologi/IMG_2129.heic
/Users/mdaffaatstsaqif/Downloads/klaster asli/koleksi biologi/IMG_2130.heic,0,koleksi biologi,koleksi biologi,/Users/mdaffaatstsaqif/Downloads/klaster asli/hasil_finetuned/cluster_gmm/cluster_00__koleksi_biologi/IMG_2130.heic
/Users/mdaffaatstsaqif/Downloads/klaster asli/koleksi biologi/IMG_2131.heic,0,koleksi biologi,koleksi biologi,/Users/mdaffaatstsaqif/Downloads/klaster asli/hasil_finetuned/cluster_gmm/cluster_00__koleksi_biologi/IMG_2131.heic
/Users/mdaffaatstsaqif/Downloads/klaster asli/koleksi biologi/IMG_2132.heic,0,koleksi biologi,koleksi biologi,/Users/mdaffaatstsaqif/Downloads/klaster asli/hasil_finetuned/cluster_gmm/cluster_00__koleksi_biologi/IMG_2132.heic
/Users/mdaffaatstsaqif/Downloads/klaster asli/koleksi biologi/IMG_2133.heic,0,koleksi biologi,koleksi biologi,/Users/mdaffaatstsaqif/Downloads/klaster asli/hasil_finetuned/cluster_gmm/cluster_00__koleksi_biologi/IMG_2133.heic
/Users/mdaffaatstsaqif/Downloads/klaster asli/koleksi biologi/IMG_2134.heic,0,koleksi biologi,koleksi biologi,/Users/mdaffaatstsaqif/Downloads/klaster asli/hasil_finetuned/cluster_gmm/cluster_00__koleksi_biologi/IMG_2134.heic
/Users/mdaffaatstsaqif/Downloads/klaster asli/koleksi biologi/IMG_2135.heic,0,koleksi biologi,koleksi biologi,/Users/mdaffaatstsaqif/Downloads/klaster asli/hasil_finetuned/cluster_gmm/cluster_00__koleksi_biologi/IMG_2135.heic
/Users/mdaffaatstsaqif/Downloads/klaster asli/koleksi biologi/IMG_2136.heic,0,koleksi biologi,koleksi biologi,/Users/mdaffaatstsaqif/Downloads/klaster asli/hasil_finetuned/cluster_gmm/cluster_00__koleksi_biologi/IMG_2136.heic
/Users/mdaffaatstsaqif/Downloads/klaster asli/koleksi biologi/IMG_2137.heic,0,koleksi biologi,koleksi biologi,/Users/mdaffaatstsaqif/Downloads/klaster asli/hasil_finetuned/cluster_gmm/cluster_00__koleksi_biologi/IMG_2137.heic
/Users/mdaffaatstsaqif/Downloads/klaster asli/koleksi biologi/IMG_2138.heic,7,koleksi teknologika,koleksi biologi,/Users/mdaffaatstsaqif/Downloads/klaster asli/hasil_finetuned/cluster_gmm/cluster_07__koleksi_teknologika/IMG_2138.heic
/Users/mdaffaatstsaqif/Downloads/klaster asli/koleksi numismatik/IMG_2377.HEIC,2,koleksi numismatik,koleksi numismatik,/Users/mdaffaatstsaqif/Downloads/klaster asli/hasil_finetuned/cluster_gmm/cluster_02__koleksi_numismatik/IMG_2377.HEIC
/Users/mdaffaatstsaqif/Downloads/klaster asli/koleksi numismatik/IMG_2378.HEIC,0,koleksi biologi,koleksi numismatik,/Users/mdaffaatstsaqif/Downloads/klaster asli/hasil_finetuned/cluster_gmm/cluster_00__koleksi_biologi/IMG_2378.HEIC
/Users/mdaffaatstsaqif/Downloads/klaster asli/koleksi numismatik/IMG_2379.HEIC,0,koleksi biologi,koleksi numismatik,/Users/mdaffaatstsaqif/Downloads/klaster asli/hasil_finetuned/cluster_gmm/cluster_00__koleksi_biologi/IMG_2379.HEIC
/Users/mdaffaatstsaqif/Downloads/klaster asli/koleksi numismatik/IMG_2380.HEIC,0,koleksi biologi,koleksi numismatik,/Users/mdaffaatstsaqif/Downloads/klaster asli/hasil_finetuned/cluster_gmm/cluster_00__koleksi_biologi/IMG_2380.HEIC
/Users/mdaffaatstsaqif/Downloads/klaster asli/koleksi numismatik/IMG_2381.HEIC,2,koleksi numismatik,koleksi numismatik,/Users/mdaffaatstsaqif/Downloads/klaster asli/hasil_finetuned/cluster_gmm/cluster_02__koleksi_numismatik/IMG_2381.HEIC
/Users/mdaffaatstsaqif/Downloads/klaster asli/koleksi numismatik/IMG_2382.HEIC,6,koleksi naskah kuno,koleksi numismatik,/Users/mdaffaatstsaqif/Downloads/klaster asli/hasil_finetuned/cluster_gmm/cluster_06__koleksi_naskah_kuno/IMG_2382.HEIC
/Users/mdaffaatstsaqif/Downloads/klaster asli/koleksi numismatik/IMG_2383.HEIC,6,koleksi naskah kuno,koleksi numismatik,/Users/mdaffaatstsaqif/Downloads/klaster asli/hasil_finetuned/cluster_gmm/cluster_06__koleksi_naskah_kuno/IMG_2383.HEIC
/Users/mdaffaatstsaqif/Downloads/klaster asli/koleksi numismatik/IMG_2384.HEIC,6,koleksi naskah kuno,koleksi numismatik,/Users/mdaffaatstsaqif/Downloads/klaster asli/hasil_finetuned/cluster_gmm/cluster_06__koleksi_naskah_kuno/IMG_2384.HEIC
/Users/mdaffaatstsaqif/Downloads/klaster asli/koleksi numismatik/IMG_2385.HEIC,6,koleksi naskah kuno,koleksi numismatik,/Users/mdaffaatstsaqif/Downloads/klaster asli/hasil_finetuned/cluster_gmm/cluster_06__koleksi_naskah_kuno/IMG_2385.HEIC
/Users/mdaffaatstsaqif/Downloads/klaster asli/koleksi numismatik/IMG_2386.HEIC,6,koleksi naskah kuno,koleksi numismatik,/Users/mdaffaatstsaqif/Downloads/klaster asli/hasil_finetuned/cluster_gmm/cluster_06__koleksi_naskah_kuno/IMG_2386.HEIC
/Users/mdaffaatstsaqif/Downloads/klaster asli/koleksi numismatik/IMG_2387.HEIC,6,koleksi naskah kuno,koleksi numismatik,/Users/mdaffaatstsaqif/Downloads/klaster asli/hasil_finetuned/cluster_gmm/cluster_06__koleksi_naskah_kuno/IMG_2387.HEIC
/Users/mdaffaatstsaqif/Downloads/klaster asli/koleksi numismatik/IMG_2388.HEIC,6,koleksi naskah kuno,koleksi numismatik,/Users/mdaffaatstsaqif/Downloads/klaster asli/hasil_finetuned/cluster_gmm/cluster_06__koleksi_naskah_kuno/IMG_2388.HEIC
/Users/mdaffaatstsaqif/Downloads/klaster asli/koleksi numismatik/IMG_2389.HEIC,6,koleksi naskah kuno,koleksi numismatik,/Users/mdaffaatstsaqif/Downloads/klaster asli/hasil_finetuned/cluster_gmm/cluster_06__koleksi_naskah_kuno/IMG_2389.HEIC
/Users/mdaffaatstsaqif/Downloads/klaster asli/koleksi numismatik/IMG_2390.HEIC,6,koleksi naskah kuno,koleksi numismatik,/Users/mdaffaatstsaqif/Downloads/klaster asli/hasil_finetuned/cluster_gmm/cluster_06__koleksi_naskah_kuno/IMG_2390.HEIC
/Users/mdaffaatstsaqif/Downloads/klaster asli/koleksi numismatik/IMG_2391.HEIC,6,koleksi naskah kuno,koleksi numismatik,/Users/mdaffaatstsaqif/Downloads/klaster asli/hasil_finetuned/cluster_gmm/cluster_06__koleksi_naskah_kuno/IMG_2391.HEIC
/Users/mdaffaatstsaqif/Downloads/klaster asli/koleksi numismatik/IMG_2392.HEIC,6,koleksi naskah kuno,koleksi numismatik,/Users/mdaffaatstsaqif/Downloads/klaster asli/hasil_finetuned/cluster_gmm/cluster_06__koleksi_naskah_kuno/IMG_2392.HEIC
/Users/mdaffaatstsaqif/Downloads/klaster asli/koleksi numismatik/IMG_2393.HEIC,6,koleksi naskah kuno,koleksi numismatik,/Users/mdaffaatstsaqif/Downloads/klaster asli/hasil_finetuned/cluster_gmm/cluster_06__koleksi_naskah_kuno/IMG_2393.HEIC
/Users/mdaffaatstsaqif/Downloads/klaster asli/koleksi numismatik/IMG_2394.HEIC,6,koleksi naskah kuno,koleksi numismatik,/Users/mdaffaatstsaqif/Downloads/klaster asli/hasil_finetuned/cluster_gmm/cluster_06__koleksi_naskah_kuno/IMG_2394.HEIC
/Users/mdaffaatstsaqif/Downloads/klaster asli/koleksi numismatik/IMG_2395.HEIC,6,koleksi naskah kuno,koleksi numismatik,/Users/mdaffaatstsaqif/Downloads/klaster asli/hasil_finetuned/cluster_gmm/cluster_06__koleksi_naskah_kuno/IMG_2395.HEIC
/Users/mdaffaatstsaqif/Downloads/klaster asli/koleksi numismatik/IMG_2396.HEIC,6,koleksi naskah kuno,koleksi numismatik,/Users/mdaffaatstsaqif/Downloads/klaster asli/hasil_finetuned/cluster_gmm/cluster_06__koleksi_naskah_kuno/IMG_2396.HEIC
/Users/mdaffaatstsaqif/Downloads/klaster asli/koleksi numismatik/IMG_2397.HEIC,6,koleksi naskah kuno,koleksi numismatik,/Users/mdaffaatstsaqif/Downloads/klaster asli/hasil_finetuned/cluster_gmm/cluster_06__koleksi_naskah_kuno/IMG_2397.HEIC
/Users/mdaffaatstsaqif/Downloads/klaster asli/koleksi numismatik/IMG_2398.HEIC,6,koleksi naskah kuno,koleksi numismatik,/Users/mdaffaatstsaqif/Downloads/klaster asli/hasil_finetuned/cluster_gmm/cluster_06__koleksi_naskah_kuno/IMG_2398.HEIC
/Users/mdaffaatstsaqif/Downloads/klaster asli/koleksi numismatik/IMG_2399.HEIC,6,koleksi naskah kuno,koleksi numismatik,/Users/mdaffaatstsaqif/Downloads/klaster asli/hasil_finetuned/cluster_gmm/cluster_06__koleksi_naskah_kuno/IMG_2399.HEIC
/Users/mdaffaatstsaqif/Downloads/klaster asli/koleksi numismatik/IMG_2400.HEIC,6,koleksi naskah kuno,koleksi numismatik,/Users/mdaffaatstsaqif/Downloads/klaster asli/hasil_finetuned/cluster_gmm/cluster_06__koleksi_naskah_kuno/IMG_2400.HEIC
/Users/mdaffaatstsaqif/Downloads/klaster asli/koleksi numismatik/IMG_2401.HEIC,2,koleksi numismatik,koleksi numismatik,/Users/mdaffaatstsaqif/Downloads/klaster asli/hasil_finetuned/cluster_gmm/cluster_02__koleksi_numismatik/IMG_2401.HEIC
/Users/mdaffaatstsaqif/Downloads/klaster asli/koleksi numismatik/IMG_2402.HEIC,2,koleksi numismatik,koleksi numismatik,/Users/mdaffaatstsaqif/Downloads/klaster asli/hasil_finetuned/cluster_gmm/cluster_02__koleksi_numismatik/IMG_2402.HEIC
/Users/mdaffaatstsaqif/Downloads/klaster asli/koleksi numismatik/IMG_2403.HEIC,2,koleksi numismatik,koleksi numismatik,/Users/mdaffaatstsaqif/Downloads/klaster asli/hasil_finetuned/cluster_gmm/cluster_02__koleksi_numismatik/IMG_2403.HEIC
/Users/mdaffaatstsaqif/Downloads/klaster asli/koleksi numismatik/IMG_2404.HEIC,2,koleksi numismatik,koleksi numismatik,/Users/mdaffaatstsaqif/Downloads/klaster asli/hasil_finetuned/cluster_gmm/cluster_02__koleksi_numismatik/IMG_2404.HEIC
/Users/mdaffaatstsaqif/Downloads/klaster asli/koleksi numismatik/IMG_2405.HEIC,2,koleksi numismatik,koleksi numismatik,/Users/mdaffaatstsaqif/Downloads/klaster asli/hasil_finetuned/cluster_gmm/cluster_02__koleksi_numismatik/IMG_2405.HEIC
/Users/mdaffaatstsaqif/Downloads/klaster asli/koleksi numismatik/IMG_2406.HEIC,2,koleksi numismatik,koleksi numismatik,/Users/mdaffaatstsaqif/Downloads/klaster asli/hasil_finetuned/cluster_gmm/cluster_02__koleksi_numismatik/IMG_2406.HEIC
/Users/mdaffaatstsaqif/Downloads/klaster asli/koleksi numismatik/IMG_2407.HEIC,2,koleksi numismatik,koleksi numismatik,/Users/mdaffaatstsaqif/Downloads/klaster asli/hasil_finetuned/cluster_gmm/cluster_02__koleksi_numismatik/IMG_2407.HEIC
/Users/mdaffaatstsaqif/Downloads/klaster asli/koleksi numismatik/IMG_2408.HEIC,2,koleksi numismatik,koleksi numismatik,/Users/mdaffaatstsaqif/Downloads/klaster asli/hasil_finetuned/cluster_gmm/cluster_02__koleksi_numismatik/IMG_2408.HEIC
/Users/mdaffaatstsaqif/Downloads/klaster asli/koleksi numismatik/IMG_2409.HEIC,2,koleksi numismatik,koleksi numismatik,/Users/mdaffaatstsaqif/Downloads/klaster asli/hasil_finetuned/cluster_gmm/cluster_02__koleksi_numismatik/IMG_2409.HEIC
/Users/mdaffaatstsaqif/Downloads/klaster asli/koleksi numismatik/IMG_2410.HEIC,2,koleksi numismatik,koleksi numismatik,/Users/mdaffaatstsaqif/Downloads/klaster asli/hasil_finetuned/cluster_gmm/cluster_02__koleksi_numismatik/IMG_2410.HEIC
/Users/mdaffaatstsaqif/Downloads/klaster asli/koleksi numismatik/IMG_2411.HEIC,2,koleksi numismatik,koleksi numismatik,/Users/mdaffaatstsaqif/Downloads/klaster asli/hasil_finetuned/cluster_gmm/cluster_02__koleksi_numismatik/IMG_2411.HEIC
/Users/mdaffaatstsaqif/Downloads/klaster asli/koleksi numismatik/IMG_2412.HEIC,2,koleksi numismatik,koleksi numismatik,/Users/mdaffaatstsaqif/Downloads/klaster asli/hasil_finetuned/cluster_gmm/cluster_02__koleksi_numismatik/IMG_2412.HEIC
/Users/mdaffaatstsaqif/Downloads/klaster asli/koleksi numismatik/IMG_2413.HEIC,2,koleksi numismatik,koleksi numismatik,/Users/mdaffaatstsaqif/Downloads/klaster asli/hasil_finetuned/cluster_gmm/cluster_02__koleksi_numismatik/IMG_2413.HEIC
/Users/mdaffaatstsaqif/Downloads/klaster asli/koleksi numismatik/IMG_2414.HEIC,2,koleksi numismatik,koleksi numismatik,/Users/mdaffaatstsaqif/Downloads/klaster asli/hasil_finetuned/cluster_gmm/cluster_02__koleksi_numismatik/IMG_2414.HEIC
/Users/mdaffaatstsaqif/Downloads/klaster asli/koleksi numismatik/IMG_2415.HEIC,2,koleksi numismatik,koleksi numismatik,/Users/mdaffaatstsaqif/Downloads/klaster asli/hasil_finetuned/cluster_gmm/cluster_02__koleksi_numismatik/IMG_2415.HEIC
/Users/mdaffaatstsaqif/Downloads/klaster asli/koleksi numismatik/IMG_2416.HEIC,2,koleksi numismatik,koleksi numismatik,/Users/mdaffaatstsaqif/Downloads/klaster asli/hasil_finetuned/cluster_gmm/cluster_02__koleksi_numismatik/IMG_2416.HEIC
/Users/mdaffaatstsaqif/Downloads/klaster asli/koleksi numismatik/IMG_2417.HEIC,2,koleksi numismatik,koleksi numismatik,/Users/mdaffaatstsaqif/Downloads/klaster asli/hasil_finetuned/cluster_gmm/cluster_02__koleksi_numismatik/IMG_2417.HEIC
/Users/mdaffaatstsaqif/Downloads/klaster asli/koleksi numismatik/IMG_2418.HEIC,6,koleksi naskah kuno,koleksi numismatik,/Users/mdaffaatstsaqif/Downloads/klaster asli/hasil_finetuned/cluster_gmm/cluster_06__koleksi_naskah_kuno/IMG_2418.HEIC
/Users/mdaffaatstsaqif/Downloads/klaster asli/koleksi numismatik/IMG_2419.HEIC,6,koleksi naskah kuno,koleksi numismatik,/Users/mdaffaatstsaqif/Downloads/klaster asli/hasil_finetuned/cluster_gmm/cluster_06__koleksi_naskah_kuno/IMG_2419.HEIC
/Users/mdaffaatstsaqif/Downloads/klaster asli/koleksi numismatik/IMG_2420.HEIC,6,koleksi naskah kuno,koleksi numismatik,/Users/mdaffaatstsaqif/Downloads/klaster asli/hasil_finetuned/cluster_gmm/cluster_06__koleksi_naskah_kuno/IMG_2420.HEIC
/Users/mdaffaatstsaqif/Downloads/klaster asli/koleksi numismatik/IMG_2421.HEIC,6,koleksi naskah kuno,koleksi numismatik,/Users/mdaffaatstsaqif/Downloads/klaster asli/hasil_finetuned/cluster_gmm/cluster_06__koleksi_naskah_kuno/IMG_2421.HEIC
/Users/mdaffaatstsaqif/Downloads/klaster asli/koleksi numismatik/IMG_2422.HEIC,6,koleksi naskah kuno,koleksi numismatik,/Users/mdaffaatstsaqif/Downloads/klaster asli/hasil_finetuned/cluster_gmm/cluster_06__koleksi_naskah_kuno/IMG_2422.HEIC
/Users/mdaffaatstsaqif/Downloads/klaster asli/koleksi numismatik/IMG_2423.HEIC,6,koleksi naskah kuno,koleksi numismatik,/Users/mdaffaatstsaqif/Downloads/klaster asli/hasil_finetuned/cluster_gmm/cluster_06__koleksi_naskah_kuno/IMG_2423.HEIC
/Users/mdaffaatstsaqif/Downloads/klaster asli/koleksi numismatik/IMG_2424.HEIC,6,koleksi naskah kuno,koleksi numismatik,/Users/mdaffaatstsaqif/Downloads/klaster asli/hasil_finetuned/cluster_gmm/cluster_06__koleksi_naskah_kuno/IMG_2424.HEIC
/Users/mdaffaatstsaqif/Downloads/klaster asli/koleksi numismatik/IMG_2425.HEIC,6,koleksi naskah kuno,koleksi numismatik,/Users/mdaffaatstsaqif/Downloads/klaster asli/hasil_finetuned/cluster_gmm/cluster_06__koleksi_naskah_kuno/IMG_2425.HEIC
/Users/mdaffaatstsaqif/Downloads/klaster asli/koleksi numismatik/IMG_2426.HEIC,6,koleksi naskah kuno,koleksi numismatik,/Users/mdaffaatstsaqif/Downloads/klaster asli/hasil_finetuned/cluster_gmm/cluster_06__koleksi_naskah_kuno/IMG_2426.HEIC
/Users/mdaffaatstsaqif/Downloads/klaster asli/koleksi teknologika/IMG_2714.heic,2,koleksi numismatik,koleksi teknologika,/Users/mdaffaatstsaqif/Downloads/klaster asli/hasil_finetuned/cluster_gmm/cluster_02__koleksi_numismatik/IMG_2714.heic
/Users/mdaffaatstsaqif/Downloads/klaster asli/koleksi teknologika/IMG_2715.heic,2,koleksi numismatik,koleksi teknologika,/Users/mdaffaatstsaqif/Downloads/klaster asli/hasil_finetuned/cluster_gmm/cluster_02__koleksi_numismatik/IMG_2715.heic
/Users/mdaffaatstsaqif/Downloads/klaster asli/koleksi teknologika/IMG_2716.heic,2,koleksi numismatik,koleksi teknologika,/Users/mdaffaatstsaqif/Downloads/klaster asli/hasil_finetuned/cluster_gmm/cluster_02__koleksi_numismatik/IMG_2716.heic
/Users/mdaffaatstsaqif/Downloads/klaster asli/koleksi teknologika/IMG_2717.heic,2,koleksi numismatik,koleksi teknologika,/Users/mdaffaatstsaqif/Downloads/klaster asli/hasil_finetuned/cluster_gmm/cluster_02__koleksi_numismatik/IMG_2717.heic
/Users/mdaffaatstsaqif/Downloads/klaster asli/koleksi teknologika/IMG_2718.heic,2,koleksi numismatik,koleksi teknologika,/Users/mdaffaatstsaqif/Downloads/klaster asli/hasil_finetuned/cluster_gmm/cluster_02__koleksi_numismatik/IMG_2718.heic
/Users/mdaffaatstsaqif/Downloads/klaster asli/koleksi teknologika/IMG_2719.heic,2,koleksi numismatik,koleksi teknologika,/Users/mdaffaatstsaqif/Downloads/klaster asli/hasil_finetuned/cluster_gmm/cluster_02__koleksi_numismatik/IMG_2719.heic
/Users/mdaffaatstsaqif/Downloads/klaster asli/koleksi teknologika/IMG_2720.heic,6,koleksi naskah kuno,koleksi teknologika,/Users/mdaffaatstsaqif/Downloads/klaster asli/hasil_finetuned/cluster_gmm/cluster_06__koleksi_naskah_kuno/IMG_2720.heic
/Users/mdaffaatstsaqif/Downloads/klaster asli/koleksi teknologika/IMG_2721.heic,6,koleksi naskah kuno,koleksi teknologika,/Users/mdaffaatstsaqif/Downloads/klaster asli/hasil_finetuned/cluster_gmm/cluster_06__koleksi_naskah_kuno/IMG_2721.heic
/Users/mdaffaatstsaqif/Downloads/klaster asli/koleksi teknologika/IMG_2722.heic,6,koleksi naskah kuno,koleksi teknologika,/Users/mdaffaatstsaqif/Downloads/klaster asli/hasil_finetuned/cluster_gmm/cluster_06__koleksi_naskah_kuno/IMG_2722.heic
/Users/mdaffaatstsaqif/Downloads/klaster asli/koleksi teknologika/IMG_2723.heic,2,koleksi numismatik,koleksi teknologika,/Users/mdaffaatstsaqif/Downloads/klaster asli/hasil_finetuned/cluster_gmm/cluster_02__koleksi_numismatik/IMG_2723.heic
/Users/mdaffaatstsaqif/Downloads/klaster asli/koleksi teknologika/IMG_2724.heic,2,koleksi numismatik,koleksi teknologika,/Users/mdaffaatstsaqif/Downloads/klaster asli/hasil_finetuned/cluster_gmm/cluster_02__koleksi_numismatik/IMG_2724.heic
/Users/mdaffaatstsaqif/Downloads/klaster asli/koleksi teknologika/IMG_2725.heic,2,koleksi numismatik,koleksi teknologika,/Users/mdaffaatstsaqif/Downloads/klaster asli/hasil_finetuned/cluster_gmm/cluster_02__koleksi_numismatik/IMG_2725.heic
/Users/mdaffaatstsaqif/Downloads/klaster asli/koleksi teknologika/IMG_2726.heic,2,koleksi numismatik,koleksi teknologika,/Users/mdaffaatstsaqif/Downloads/klaster asli/hasil_finetuned/cluster_gmm/cluster_02__koleksi_numismatik/IMG_2726.heic
/Users/mdaffaatstsaqif/Downloads/klaster asli/koleksi teknologika/IMG_2728.heic,2,koleksi numismatik,koleksi teknologika,/Users/mdaffaatstsaqif/Downloads/klaster asli/hasil_finetuned/cluster_gmm/cluster_02__koleksi_numismatik/IMG_2728.heic
/Users/mdaffaatstsaqif/Downloads/klaster asli/koleksi teknologika/IMG_2729.heic,2,koleksi numismatik,koleksi teknologika,/Users/mdaffaatstsaqif/Downloads/klaster asli/hasil_finetuned/cluster_gmm/cluster_02__koleksi_numismatik/IMG_2729.heic
/Users/mdaffaatstsaqif/Downloads/klaster asli/koleksi teknologika/IMG_2730.heic,2,koleksi numismatik,koleksi teknologika,/Users/mdaffaatstsaqif/Downloads/klaster asli/hasil_finetuned/cluster_gmm/cluster_02__koleksi_numismatik/IMG_2730.heic
/Users/mdaffaatstsaqif/Downloads/klaster asli/koleksi teknologika/IMG_2731.heic,2,koleksi numismatik,koleksi teknologika,/Users/mdaffaatstsaqif/Downloads/klaster asli/hasil_finetuned/cluster_gmm/cluster_02__koleksi_numismatik/IMG_2731.heic
/Users/mdaffaatstsaqif/Downloads/klaster asli/koleksi teknologika/IMG_2732.heic,2,koleksi numismatik,koleksi teknologika,/Users/mdaffaatstsaqif/Downloads/klaster asli/hasil_finetuned/cluster_gmm/cluster_02__koleksi_numismatik/IMG_2732.heic
/Users/mdaffaatstsaqif/Downloads/klaster asli/koleksi teknologika/IMG_2733.heic,2,koleksi numismatik,koleksi teknologika,/Users/mdaffaatstsaqif/Downloads/klaster asli/hasil_finetuned/cluster_gmm/cluster_02__koleksi_numismatik/IMG_2733.heic
/Users/mdaffaatstsaqif/Downloads/klaster asli/koleksi teknologika/IMG_2734.heic,2,koleksi numismatik,koleksi teknologika,/Users/mdaffaatstsaqif/Downloads/klaster asli/hasil_finetuned/cluster_gmm/cluster_02__koleksi_numismatik/IMG_2734.heic
/Users/mdaffaatstsaqif/Downloads/klaster asli/koleksi teknologika/IMG_2735.heic,7,koleksi teknologika,koleksi teknologika,/Users/mdaffaatstsaqif/Downloads/klaster asli/hasil_finetuned/cluster_gmm/cluster_07__koleksi_teknologika/IMG_2735.heic
/Users/mdaffaatstsaqif/Downloads/klaster asli/koleksi teknologika/IMG_2736.heic,7,koleksi teknologika,koleksi teknologika,/Users/mdaffaatstsaqif/Downloads/klaster asli/hasil_finetuned/cluster_gmm/cluster_07__koleksi_teknologika/IMG_2736.heic
/Users/mdaffaatstsaqif/Downloads/klaster asli/koleksi teknologika/IMG_2737.heic,7,koleksi teknologika,koleksi teknologika,/Users/mdaffaatstsaqif/Downloads/klaster asli/hasil_finetuned/cluster_gmm/cluster_07__koleksi_teknologika/IMG_2737.heic
/Users/mdaffaatstsaqif/Downloads/klaster asli/koleksi teknologika/IMG_2738.heic,7,koleksi teknologika,koleksi teknologika,/Users/mdaffaatstsaqif/Downloads/klaster asli/hasil_finetuned/cluster_gmm/cluster_07__koleksi_teknologika/IMG_2738.heic
/Users/mdaffaatstsaqif/Downloads/klaster asli/koleksi teknologika/IMG_2739.heic,2,koleksi numismatik,koleksi teknologika,/Users/mdaffaatstsaqif/Downloads/klaster asli/hasil_finetuned/cluster_gmm/cluster_02__koleksi_numismatik/IMG_2739.heic
/Users/mdaffaatstsaqif/Downloads/klaster asli/koleksi teknologika/IMG_2740.heic,2,koleksi numismatik,koleksi teknologika,/Users/mdaffaatstsaqif/Downloads/klaster asli/hasil_finetuned/cluster_gmm/cluster_02__koleksi_numismatik/IMG_2740.heic
/Users/mdaffaatstsaqif/Downloads/klaster asli/koleksi teknologika/IMG_2741.heic,2,koleksi numismatik,koleksi teknologika,/Users/mdaffaatstsaqif/Downloads/klaster asli/hasil_finetuned/cluster_gmm/cluster_02__koleksi_numismatik/IMG_2741.heic
/Users/mdaffaatstsaqif/Downloads/klaster asli/koleksi teknologika/IMG_2742.heic,2,koleksi numismatik,koleksi teknologika,/Users/mdaffaatstsaqif/Downloads/klaster asli/hasil_finetuned/cluster_gmm/cluster_02__koleksi_numismatik/IMG_2742.heic
/Users/mdaffaatstsaqif/Downloads/klaster asli/koleksi teknologika/IMG_2743.heic,7,koleksi teknologika,koleksi teknologika,/Users/mdaffaatstsaqif/Downloads/klaster asli/hasil_finetuned/cluster_gmm/cluster_07__koleksi_teknologika/IMG_2743.heic
/Users/mdaffaatstsaqif/Downloads/klaster asli/koleksi teknologika/IMG_2744.heic,7,koleksi teknologika,koleksi teknologika,/Users/mdaffaatstsaqif/Downloads/klaster asli/hasil_finetuned/cluster_gmm/cluster_07__koleksi_teknologika/IMG_2744.heic
/Users/mdaffaatstsaqif/Downloads/klaster asli/koleksi teknologika/IMG_2745.heic,7,koleksi teknologika,koleksi teknologika,/Users/mdaffaatstsaqif/Downloads/klaster asli/hasil_finetuned/cluster_gmm/cluster_07__koleksi_teknologika/IMG_2745.heic
/Users/mdaffaatstsaqif/Downloads/klaster asli/koleksi teknologika/IMG_2746.heic,7,koleksi teknologika,koleksi teknologika,/Users/mdaffaatstsaqif/Downloads/klaster asli/hasil_finetuned/cluster_gmm/cluster_07__koleksi_teknologika/IMG_2746.heic
/Users/mdaffaatstsaqif/Downloads/klaster asli/koleksi teknologika/IMG_2747.heic,7,koleksi teknologika,koleksi teknologika,/Users/mdaffaatstsaqif/Downloads/klaster asli/hasil_finetuned/cluster_gmm/cluster_07__koleksi_teknologika/IMG_2747.heic
/Users/mdaffaatstsaqif/Downloads/klaster asli/koleksi teknologika/IMG_2748.heic,7,koleksi teknologika,koleksi teknologika,/Users/mdaffaatstsaqif/Downloads/klaster asli/hasil_finetuned/cluster_gmm/cluster_07__koleksi_teknologika/IMG_2748.heic
/Users/mdaffaatstsaqif/Downloads/klaster asli/koleksi teknologika/IMG_2749.heic,7,koleksi teknologika,koleksi teknologika,/Users/mdaffaatstsaqif/Downloads/klaster asli/hasil_finetuned/cluster_gmm/cluster_07__koleksi_teknologika/IMG_2749.heic
/Users/mdaffaatstsaqif/Downloads/klaster asli/koleksi teknologika/IMG_2750.heic,7,koleksi teknologika,koleksi teknologika,/Users/mdaffaatstsaqif/Downloads/klaster asli/hasil_finetuned/cluster_gmm/cluster_07__koleksi_teknologika/IMG_2750.heic
/Users/mdaffaatstsaqif/Downloads/klaster asli/koleksi teknologika/IMG_2751.heic,7,koleksi teknologika,koleksi teknologika,/Users/mdaffaatstsaqif/Downloads/klaster asli/hasil_finetuned/cluster_gmm/cluster_07__koleksi_teknologika/IMG_2751.heic
/Users/mdaffaatstsaqif/Downloads/klaster asli/koleksi teknologika/IMG_2752.heic,7,koleksi teknologika,koleksi teknologika,/Users/mdaffaatstsaqif/Downloads/klaster asli/hasil_finetuned/cluster_gmm/cluster_07__koleksi_teknologika/IMG_2752.heic
/Users/mdaffaatstsaqif/Downloads/klaster asli/koleksi teknologika/IMG_2753.heic,7,koleksi teknologika,koleksi teknologika,/Users/mdaffaatstsaqif/Downloads/klaster asli/hasil_finetuned/cluster_gmm/cluster_07__koleksi_teknologika/IMG_2753.heic
/Users/mdaffaatstsaqif/Downloads/klaster asli/koleksi teknologika/IMG_2754.heic,7,koleksi teknologika,koleksi teknologika,/Users/mdaffaatstsaqif/Downloads/klaster asli/hasil_finetuned/cluster_gmm/cluster_07__koleksi_teknologika/IMG_2754.heic
/Users/mdaffaatstsaqif/Downloads/klaster asli/koleksi teknologika/IMG_2755.heic,7,koleksi teknologika,koleksi teknologika,/Users/mdaffaatstsaqif/Downloads/klaster asli/hasil_finetuned/cluster_gmm/cluster_07__koleksi_teknologika/IMG_2755.heic
/Users/mdaffaatstsaqif/Downloads/klaster asli/koleksi teknologika/IMG_2756.heic,7,koleksi teknologika,koleksi teknologika,/Users/mdaffaatstsaqif/Downloads/klaster asli/hasil_finetuned/cluster_gmm/cluster_07__koleksi_teknologika/IMG_2756.heic
/Users/mdaffaatstsaqif/Downloads/klaster asli/koleksi teknologika/IMG_2757.heic,7,koleksi teknologika,koleksi teknologika,/Users/mdaffaatstsaqif/Downloads/klaster asli/hasil_finetuned/cluster_gmm/cluster_07__koleksi_teknologika/IMG_2757.heic
/Users/mdaffaatstsaqif/Downloads/klaster asli/koleksi teknologika/IMG_2758.heic,7,koleksi teknologika,koleksi teknologika,/Users/mdaffaatstsaqif/Downloads/klaster asli/hasil_finetuned/cluster_gmm/cluster_07__koleksi_teknologika/IMG_2758.heic
/Users/mdaffaatstsaqif/Downloads/klaster asli/koleksi teknologika/IMG_2759.heic,7,koleksi teknologika,koleksi teknologika,/Users/mdaffaatstsaqif/Downloads/klaster asli/hasil_finetuned/cluster_gmm/cluster_07__koleksi_teknologika/IMG_2759.heic
/Users/mdaffaatstsaqif/Downloads/klaster asli/koleksi teknologika/IMG_2760.heic,7,koleksi teknologika,koleksi teknologika,/Users/mdaffaatstsaqif/Downloads/klaster asli/hasil_finetuned/cluster_gmm/cluster_07__koleksi_teknologika/IMG_2760.heic
/Users/mdaffaatstsaqif/Downloads/klaster asli/koleksi teknologika/IMG_2761.heic,7,koleksi teknologika,koleksi teknologika,/Users/mdaffaatstsaqif/Downloads/klaster asli/hasil_finetuned/cluster_gmm/cluster_07__koleksi_teknologika/IMG_2761.heic
/Users/mdaffaatstsaqif/Downloads/klaster asli/koleksi teknologika/IMG_2762.heic,6,koleksi naskah kuno,koleksi teknologika,/Users/mdaffaatstsaqif/Downloads/klaster asli/hasil_finetuned/cluster_gmm/cluster_06__koleksi_naskah_kuno/IMG_2762.heic
/Users/mdaffaatstsaqif/Downloads/klaster asli/koleksi teknologika/IMG_2763.heic,6,koleksi naskah kuno,koleksi teknologika,/Users/mdaffaatstsaqif/Downloads/klaster asli/hasil_finetuned/cluster_gmm/cluster_06__koleksi_naskah_kuno/IMG_2763.heic
/Users/mdaffaatstsaqif/Downloads/klaster asli/koleksi teknologika/IMG_2764.heic,2,koleksi numismatik,koleksi teknologika,/Users/mdaffaatstsaqif/Downloads/klaster asli/hasil_finetuned/cluster_gmm/cluster_02__koleksi_numismatik/IMG_2764.heic
/Users/mdaffaatstsaqif/Downloads/klaster asli/koleksi teknologika/IMG_2765.heic,2,koleksi numismatik,koleksi teknologika,/Users/mdaffaatstsaqif/Downloads/klaster asli/hasil_finetuned/cluster_gmm/cluster_02__koleksi_numismatik/IMG_2765.heic
/Users/mdaffaatstsaqif/Downloads/klaster asli/koleksi teknologika/IMG_2766.heic,7,koleksi teknologika,koleksi teknologika,/Users/mdaffaatstsaqif/Downloads/klaster asli/hasil_finetuned/cluster_gmm/cluster_07__koleksi_teknologika/IMG_2766.heic
/Users/mdaffaatstsaqif/Downloads/klaster asli/koleksi teknologika/IMG_2767.heic,7,koleksi teknologika,koleksi teknologika,/Users/mdaffaatstsaqif/Downloads/klaster asli/hasil_finetuned/cluster_gmm/cluster_07__koleksi_teknologika/IMG_2767.heic
/Users/mdaffaatstsaqif/Downloads/klaster asli/koleksi teknologika/IMG_2768.heic,7,koleksi teknologika,koleksi teknologika,/Users/mdaffaatstsaqif/Downloads/klaster asli/hasil_finetuned/cluster_gmm/cluster_07__koleksi_teknologika/IMG_2768.heic
/Users/mdaffaatstsaqif/Downloads/klaster asli/koleksi teknologika/IMG_2769.heic,7,koleksi teknologika,koleksi teknologika,/Users/mdaffaatstsaqif/Downloads/klaster asli/hasil_finetuned/cluster_gmm/cluster_07__koleksi_teknologika/IMG_2769.heic
/Users/mdaffaatstsaqif/Downloads/klaster asli/koleksi teknologika/IMG_2770.heic,7,koleksi teknologika,koleksi teknologika,/Users/mdaffaatstsaqif/Downloads/klaster asli/hasil_finetuned/cluster_gmm/cluster_07__koleksi_teknologika/IMG_2770.heic
/Users/mdaffaatstsaqif/Downloads/klaster asli/koleksi teknologika/IMG_2771.heic,7,koleksi teknologika,koleksi teknologika,/Users/mdaffaatstsaqif/Downloads/klaster asli/hasil_finetuned/cluster_gmm/cluster_07__koleksi_teknologika/IMG_2771.heic
/Users/mdaffaatstsaqif/Downloads/klaster asli/koleksi teknologika/IMG_2772.heic,7,koleksi teknologika,koleksi teknologika,/Users/mdaffaatstsaqif/Downloads/klaster asli/hasil_finetuned/cluster_gmm/cluster_07__koleksi_teknologika/IMG_2772.heic
/Users/mdaffaatstsaqif/Downloads/klaster asli/koleksi teknologika/IMG_2773.heic,7,koleksi teknologika,koleksi teknologika,/Users/mdaffaatstsaqif/Downloads/klaster asli/hasil_finetuned/cluster_gmm/cluster_07__koleksi_teknologika/IMG_2773.heic
/Users/mdaffaatstsaqif/Downloads/klaster asli/koleksi teknologika/IMG_2774.heic,7,koleksi teknologika,koleksi teknologika,/Users/mdaffaatstsaqif/Downloads/klaster asli/hasil_finetuned/cluster_gmm/cluster_07__koleksi_teknologika/IMG_2774.heic
/Users/mdaffaatstsaqif/Downloads/klaster asli/koleksi kesenian/IMG_2588.heic,7,koleksi teknologika,koleksi kesenian,/Users/mdaffaatstsaqif/Downloads/klaster asli/hasil_finetuned/cluster_gmm/cluster_07__koleksi_teknologika/IMG_2588.heic
/Users/mdaffaatstsaqif/Downloads/klaster asli/koleksi kesenian/IMG_2589.heic,7,koleksi teknologika,koleksi kesenian,/Users/mdaffaatstsaqif/Downloads/klaster asli/hasil_finetuned/cluster_gmm/cluster_07__koleksi_teknologika/IMG_2589.heic
/Users/mdaffaatstsaqif/Downloads/klaster asli/koleksi kesenian/IMG_2590.heic,7,koleksi teknologika,koleksi kesenian,/Users/mdaffaatstsaqif/Downloads/klaster asli/hasil_finetuned/cluster_gmm/cluster_07__koleksi_teknologika/IMG_2590.heic
/Users/mdaffaatstsaqif/Downloads/klaster asli/koleksi kesenian/IMG_2591.heic,7,koleksi teknologika,koleksi kesenian,/Users/mdaffaatstsaqif/Downloads/klaster asli/hasil_finetuned/cluster_gmm/cluster_07__koleksi_teknologika/IMG_2591.heic
/Users/mdaffaatstsaqif/Downloads/klaster asli/koleksi kesenian/IMG_2592.heic,2,koleksi numismatik,koleksi kesenian,/Users/mdaffaatstsaqif/Downloads/klaster asli/hasil_finetuned/cluster_gmm/cluster_02__koleksi_numismatik/IMG_2592.heic
/Users/mdaffaatstsaqif/Downloads/klaster asli/koleksi kesenian/IMG_2593.heic,2,koleksi numismatik,koleksi kesenian,/Users/mdaffaatstsaqif/Downloads/klaster asli/hasil_finetuned/cluster_gmm/cluster_02__koleksi_numismatik/IMG_2593.heic
/Users/mdaffaatstsaqif/Downloads/klaster asli/koleksi kesenian/IMG_2594.heic,2,koleksi numismatik,koleksi kesenian,/Users/mdaffaatstsaqif/Downloads/klaster asli/hasil_finetuned/cluster_gmm/cluster_02__koleksi_numismatik/IMG_2594.heic
/Users/mdaffaatstsaqif/Downloads/klaster asli/koleksi kesenian/IMG_2595.heic,7,koleksi teknologika,koleksi kesenian,/Users/mdaffaatstsaqif/Downloads/klaster asli/hasil_finetuned/cluster_gmm/cluster_07__koleksi_teknologika/IMG_2595.heic
/Users/mdaffaatstsaqif/Downloads/klaster asli/koleksi kesenian/IMG_2596.heic,7,koleksi teknologika,koleksi kesenian,/Users/mdaffaatstsaqif/Downloads/klaster asli/hasil_finetuned/cluster_gmm/cluster_07__koleksi_teknologika/IMG_2596.heic
/Users/mdaffaatstsaqif/Downloads/klaster asli/koleksi kesenian/IMG_2597.heic,8,koleksi keramik,koleksi kesenian,/Users/mdaffaatstsaqif/Downloads/klaster asli/hasil_finetuned/cluster_gmm/cluster_08__koleksi_keramik/IMG_2597.heic
/Users/mdaffaatstsaqif/Downloads/klaster asli/koleksi kesenian/IMG_2598.heic,7,koleksi teknologika,koleksi kesenian,/Users/mdaffaatstsaqif/Downloads/klaster asli/hasil_finetuned/cluster_gmm/cluster_07__koleksi_teknologika/IMG_2598.heic
/Users/mdaffaatstsaqif/Downloads/klaster asli/koleksi kesenian/IMG_2599.heic,7,koleksi teknologika,koleksi kesenian,/Users/mdaffaatstsaqif/Downloads/klaster asli/hasil_finetuned/cluster_gmm/cluster_07__koleksi_teknologika/IMG_2599.heic
/Users/mdaffaatstsaqif/Downloads/klaster asli/koleksi kesenian/IMG_2600.heic,7,koleksi teknologika,koleksi kesenian,/Users/mdaffaatstsaqif/Downloads/klaster asli/hasil_finetuned/cluster_gmm/cluster_07__koleksi_teknologika/IMG_2600.heic
/Users/mdaffaatstsaqif/Downloads/klaster asli/koleksi kesenian/IMG_2601.heic,3,koleksi kesenian,koleksi kesenian,/Users/mdaffaatstsaqif/Downloads/klaster asli/hasil_finetuned/cluster_gmm/cluster_03__koleksi_kesenian/IMG_2601.heic
/Users/mdaffaatstsaqif/Downloads/klaster asli/koleksi kesenian/IMG_2602.heic,3,koleksi kesenian,koleksi kesenian,/Users/mdaffaatstsaqif/Downloads/klaster asli/hasil_finetuned/cluster_gmm/cluster_03__koleksi_kesenian/IMG_2602.heic
/Users/mdaffaatstsaqif/Downloads/klaster asli/koleksi kesenian/IMG_2603.heic,3,koleksi kesenian,koleksi kesenian,/Users/mdaffaatstsaqif/Downloads/klaster asli/hasil_finetuned/cluster_gmm/cluster_03__koleksi_kesenian/IMG_2603.heic
/Users/mdaffaatstsaqif/Downloads/klaster asli/koleksi kesenian/IMG_2604.heic,3,koleksi kesenian,koleksi kesenian,/Users/mdaffaatstsaqif/Downloads/klaster asli/hasil_finetuned/cluster_gmm/cluster_03__koleksi_kesenian/IMG_2604.heic
/Users/mdaffaatstsaqif/Downloads/klaster asli/koleksi kesenian/IMG_2605.heic,3,koleksi kesenian,koleksi kesenian,/Users/mdaffaatstsaqif/Downloads/klaster asli/hasil_finetuned/cluster_gmm/cluster_03__koleksi_kesenian/IMG_2605.heic
/Users/mdaffaatstsaqif/Downloads/klaster asli/koleksi kesenian/IMG_2606.heic,3,koleksi kesenian,koleksi kesenian,/Users/mdaffaatstsaqif/Downloads/klaster asli/hasil_finetuned/cluster_gmm/cluster_03__koleksi_kesenian/IMG_2606.heic
/Users/mdaffaatstsaqif/Downloads/klaster asli/koleksi kesenian/IMG_2607.heic,3,koleksi kesenian,koleksi kesenian,/Users/mdaffaatstsaqif/Downloads/klaster asli/hasil_finetuned/cluster_gmm/cluster_03__koleksi_kesenian/IMG_2607.heic
/Users/mdaffaatstsaqif/Downloads/klaster asli/koleksi kesenian/IMG_2608.heic,3,koleksi kesenian,koleksi kesenian,/Users/mdaffaatstsaqif/Downloads/klaster asli/hasil_finetuned/cluster_gmm/cluster_03__koleksi_kesenian/IMG_2608.heic
/Users/mdaffaatstsaqif/Downloads/klaster asli/koleksi kesenian/IMG_2609.heic,7,koleksi teknologika,koleksi kesenian,/Users/mdaffaatstsaqif/Downloads/klaster asli/hasil_finetuned/cluster_gmm/cluster_07__koleksi_teknologika/IMG_2609.heic
/Users/mdaffaatstsaqif/Downloads/klaster asli/koleksi kesenian/IMG_2610.heic,7,koleksi teknologika,koleksi kesenian,/Users/mdaffaatstsaqif/Downloads/klaster asli/hasil_finetuned/cluster_gmm/cluster_07__koleksi_teknologika/IMG_2610.heic
/Users/mdaffaatstsaqif/Downloads/klaster asli/koleksi kesenian/IMG_2611.heic,7,koleksi teknologika,koleksi kesenian,/Users/mdaffaatstsaqif/Downloads/klaster asli/hasil_finetuned/cluster_gmm/cluster_07__koleksi_teknologika/IMG_2611.heic
/Users/mdaffaatstsaqif/Downloads/klaster asli/koleksi kesenian/IMG_2612.heic,7,koleksi teknologika,koleksi kesenian,/Users/mdaffaatstsaqif/Downloads/klaster asli/hasil_finetuned/cluster_gmm/cluster_07__koleksi_teknologika/IMG_2612.heic
/Users/mdaffaatstsaqif/Downloads/klaster asli/koleksi kesenian/IMG_2613.heic,7,koleksi teknologika,koleksi kesenian,/Users/mdaffaatstsaqif/Downloads/klaster asli/hasil_finetuned/cluster_gmm/cluster_07__koleksi_teknologika/IMG_2613.heic
/Users/mdaffaatstsaqif/Downloads/klaster asli/koleksi kesenian/IMG_2614.heic,7,koleksi teknologika,koleksi kesenian,/Users/mdaffaatstsaqif/Downloads/klaster asli/hasil_finetuned/cluster_gmm/cluster_07__koleksi_teknologika/IMG_2614.heic
/Users/mdaffaatstsaqif/Downloads/klaster asli/koleksi kesenian/IMG_2615.heic,7,koleksi teknologika,koleksi kesenian,/Users/mdaffaatstsaqif/Downloads/klaster asli/hasil_finetuned/cluster_gmm/cluster_07__koleksi_teknologika/IMG_2615.heic
/Users/mdaffaatstsaqif/Downloads/klaster asli/koleksi kesenian/IMG_2616.heic,7,koleksi teknologika,koleksi kesenian,/Users/mdaffaatstsaqif/Downloads/klaster asli/hasil_finetuned/cluster_gmm/cluster_07__koleksi_teknologika/IMG_2616.heic
/Users/mdaffaatstsaqif/Downloads/klaster asli/koleksi kesenian/IMG_2617.heic,7,koleksi teknologika,koleksi kesenian,/Users/mdaffaatstsaqif/Downloads/klaster asli/hasil_finetuned/cluster_gmm/cluster_07__koleksi_teknologika/IMG_2617.heic
/Users/mdaffaatstsaqif/Downloads/klaster asli/koleksi kesenian/IMG_2618.heic,7,koleksi teknologika,koleksi kesenian,/Users/mdaffaatstsaqif/Downloads/klaster asli/hasil_finetuned/cluster_gmm/cluster_07__koleksi_teknologika/IMG_2618.heic
/Users/mdaffaatstsaqif/Downloads/klaster asli/koleksi kesenian/IMG_2619.heic,7,koleksi teknologika,koleksi kesenian,/Users/mdaffaatstsaqif/Downloads/klaster asli/hasil_finetuned/cluster_gmm/cluster_07__koleksi_teknologika/IMG_2619.heic
/Users/mdaffaatstsaqif/Downloads/klaster asli/koleksi kesenian/IMG_2620.heic,7,koleksi teknologika,koleksi kesenian,/Users/mdaffaatstsaqif/Downloads/klaster asli/hasil_finetuned/cluster_gmm/cluster_07__koleksi_teknologika/IMG_2620.heic
/Users/mdaffaatstsaqif/Downloads/klaster asli/koleksi kesenian/IMG_2621.heic,7,koleksi teknologika,koleksi kesenian,/Users/mdaffaatstsaqif/Downloads/klaster asli/hasil_finetuned/cluster_gmm/cluster_07__koleksi_teknologika/IMG_2621.heic
/Users/mdaffaatstsaqif/Downloads/klaster asli/koleksi kesenian/IMG_2622.heic,7,koleksi teknologika,koleksi kesenian,/Users/mdaffaatstsaqif/Downloads/klaster asli/hasil_finetuned/cluster_gmm/cluster_07__koleksi_teknologika/IMG_2622.heic
/Users/mdaffaatstsaqif/Downloads/klaster asli/koleksi kesenian/IMG_2623.heic,7,koleksi teknologika,koleksi kesenian,/Users/mdaffaatstsaqif/Downloads/klaster asli/hasil_finetuned/cluster_gmm/cluster_07__koleksi_teknologika/IMG_2623.heic
/Users/mdaffaatstsaqif/Downloads/klaster asli/koleksi kesenian/IMG_2624.heic,7,koleksi teknologika,koleksi kesenian,/Users/mdaffaatstsaqif/Downloads/klaster asli/hasil_finetuned/cluster_gmm/cluster_07__koleksi_teknologika/IMG_2624.heic
/Users/mdaffaatstsaqif/Downloads/klaster asli/koleksi kesenian/IMG_2625.heic,8,koleksi keramik,koleksi kesenian,/Users/mdaffaatstsaqif/Downloads/klaster asli/hasil_finetuned/cluster_gmm/cluster_08__koleksi_keramik/IMG_2625.heic
/Users/mdaffaatstsaqif/Downloads/klaster asli/koleksi etnografi/IMG_2151.HEIC,8,koleksi keramik,koleksi etnografi,/Users/mdaffaatstsaqif/Downloads/klaster asli/hasil_finetuned/cluster_gmm/cluster_08__koleksi_keramik/IMG_2151.HEIC
/Users/mdaffaatstsaqif/Downloads/klaster asli/koleksi etnografi/IMG_2152.HEIC,7,koleksi teknologika,koleksi etnografi,/Users/mdaffaatstsaqif/Downloads/klaster asli/hasil_finetuned/cluster_gmm/cluster_07__koleksi_teknologika/IMG_2152.HEIC
/Users/mdaffaatstsaqif/Downloads/klaster asli/koleksi etnografi/IMG_2153.HEIC,7,koleksi teknologika,koleksi etnografi,/Users/mdaffaatstsaqif/Downloads/klaster asli/hasil_finetuned/cluster_gmm/cluster_07__koleksi_teknologika/IMG_2153.HEIC
/Users/mdaffaatstsaqif/Downloads/klaster asli/koleksi etnografi/IMG_2154.HEIC,9,koleksi etnografi,koleksi etnografi,/Users/mdaffaatstsaqif/Downloads/klaster asli/hasil_finetuned/cluster_gmm/cluster_09__koleksi_etnografi/IMG_2154.HEIC
/Users/mdaffaatstsaqif/Downloads/klaster asli/koleksi etnografi/IMG_2155.HEIC,9,koleksi etnografi,koleksi etnografi,/Users/mdaffaatstsaqif/Downloads/klaster asli/hasil_finetuned/cluster_gmm/cluster_09__koleksi_etnografi/IMG_2155.HEIC
/Users/mdaffaatstsaqif/Downloads/klaster asli/koleksi etnografi/IMG_2156.HEIC,9,koleksi etnografi,koleksi etnografi,/Users/mdaffaatstsaqif/Downloads/klaster asli/hasil_finetuned/cluster_gmm/cluster_09__koleksi_etnografi/IMG_2156.HEIC
/Users/mdaffaatstsaqif/Downloads/klaster asli/koleksi etnografi/IMG_2157.HEIC,9,koleksi etnografi,koleksi etnografi,/Users/mdaffaatstsaqif/Downloads/klaster asli/hasil_finetuned/cluster_gmm/cluster_09__koleksi_etnografi/IMG_2157.HEIC
/Users/mdaffaatstsaqif/Downloads/klaster asli/koleksi etnografi/IMG_2158.HEIC,9,koleksi etnografi,koleksi etnografi,/Users/mdaffaatstsaqif/Downloads/klaster asli/hasil_finetuned/cluster_gmm/cluster_09__koleksi_etnografi/IMG_2158.HEIC
/Users/mdaffaatstsaqif/Downloads/klaster asli/koleksi etnografi/IMG_2159.HEIC,9,koleksi etnografi,koleksi etnografi,/Users/mdaffaatstsaqif/Downloads/klaster asli/hasil_finetuned/cluster_gmm/cluster_09__koleksi_etnografi/IMG_2159.HEIC
/Users/mdaffaatstsaqif/Downloads/klaster asli/koleksi etnografi/IMG_2160.HEIC,9,koleksi etnografi,koleksi etnografi,/Users/mdaffaatstsaqif/Downloads/klaster asli/hasil_finetuned/cluster_gmm/cluster_09__koleksi_etnografi/IMG_2160.HEIC
/Users/mdaffaatstsaqif/Downloads/klaster asli/koleksi etnografi/IMG_2161.HEIC,9,koleksi etnografi,koleksi etnografi,/Users/mdaffaatstsaqif/Downloads/klaster asli/hasil_finetuned/cluster_gmm/cluster_09__koleksi_etnografi/IMG_2161.HEIC
/Users/mdaffaatstsaqif/Downloads/klaster asli/koleksi etnografi/IMG_2162.HEIC,9,koleksi etnografi,koleksi etnografi,/Users/mdaffaatstsaqif/Downloads/klaster asli/hasil_finetuned/cluster_gmm/cluster_09__koleksi_etnografi/IMG_2162.HEIC
/Users/mdaffaatstsaqif/Downloads/klaster asli/koleksi etnografi/IMG_2163.HEIC,2,koleksi numismatik,koleksi etnografi,/Users/mdaffaatstsaqif/Downloads/klaster asli/hasil_finetuned/cluster_gmm/cluster_02__koleksi_numismatik/IMG_2163.HEIC
/Users/mdaffaatstsaqif/Downloads/klaster asli/koleksi etnografi/IMG_2164.HEIC,2,koleksi numismatik,koleksi etnografi,/Users/mdaffaatstsaqif/Downloads/klaster asli/hasil_finetuned/cluster_gmm/cluster_02__koleksi_numismatik/IMG_2164.HEIC
/Users/mdaffaatstsaqif/Downloads/klaster asli/koleksi etnografi/IMG_2165.HEIC,2,koleksi numismatik,koleksi etnografi,/Users/mdaffaatstsaqif/Downloads/klaster asli/hasil_finetuned/cluster_gmm/cluster_02__koleksi_numismatik/IMG_2165.HEIC
/Users/mdaffaatstsaqif/Downloads/klaster asli/koleksi etnografi/IMG_2166.HEIC,7,koleksi teknologika,koleksi etnografi,/Users/mdaffaatstsaqif/Downloads/klaster asli/hasil_finetuned/cluster_gmm/cluster_07__koleksi_teknologika/IMG_2166.HEIC
/Users/mdaffaatstsaqif/Downloads/klaster asli/koleksi etnografi/IMG_2167.HEIC,7,koleksi teknologika,koleksi etnografi,/Users/mdaffaatstsaqif/Downloads/klaster asli/hasil_finetuned/cluster_gmm/cluster_07__koleksi_teknologika/IMG_2167.HEIC
/Users/mdaffaatstsaqif/Downloads/klaster asli/koleksi etnografi/IMG_2168.HEIC,7,koleksi teknologika,koleksi etnografi,/Users/mdaffaatstsaqif/Downloads/klaster asli/hasil_finetuned/cluster_gmm/cluster_07__koleksi_teknologika/IMG_2168.HEIC
/Users/mdaffaatstsaqif/Downloads/klaster asli/koleksi etnografi/IMG_2169.HEIC,2,koleksi numismatik,koleksi etnografi,/Users/mdaffaatstsaqif/Downloads/klaster asli/hasil_finetuned/cluster_gmm/cluster_02__koleksi_numismatik/IMG_2169.HEIC
/Users/mdaffaatstsaqif/Downloads/klaster asli/koleksi etnografi/IMG_2170.HEIC,7,koleksi teknologika,koleksi etnografi,/Users/mdaffaatstsaqif/Downloads/klaster asli/hasil_finetuned/cluster_gmm/cluster_07__koleksi_teknologika/IMG_2170.HEIC
/Users/mdaffaatstsaqif/Downloads/klaster asli/koleksi etnografi/IMG_2171.HEIC,7,koleksi teknologika,koleksi etnografi,/Users/mdaffaatstsaqif/Downloads/klaster asli/hasil_finetuned/cluster_gmm/cluster_07__koleksi_teknologika/IMG_2171.HEIC
/Users/mdaffaatstsaqif/Downloads/klaster asli/koleksi etnografi/IMG_2172.HEIC,2,koleksi numismatik,koleksi etnografi,/Users/mdaffaatstsaqif/Downloads/klaster asli/hasil_finetuned/cluster_gmm/cluster_02__koleksi_numismatik/IMG_2172.HEIC
/Users/mdaffaatstsaqif/Downloads/klaster asli/koleksi etnografi/IMG_2173.HEIC,2,koleksi numismatik,koleksi etnografi,/Users/mdaffaatstsaqif/Downloads/klaster asli/hasil_finetuned/cluster_gmm/cluster_02__koleksi_numismatik/IMG_2173.HEIC
/Users/mdaffaatstsaqif/Downloads/klaster asli/koleksi etnografi/IMG_2174.HEIC,7,koleksi teknologika,koleksi etnografi,/Users/mdaffaatstsaqif/Downloads/klaster asli/hasil_finetuned/cluster_gmm/cluster_07__koleksi_teknologika/IMG_2174.HEIC
/Users/mdaffaatstsaqif/Downloads/klaster asli/koleksi etnografi/IMG_2175.HEIC,8,koleksi keramik,koleksi etnografi,/Users/mdaffaatstsaqif/Downloads/klaster asli/hasil_finetuned/cluster_gmm/cluster_08__koleksi_keramik/IMG_2175.HEIC
/Users/mdaffaatstsaqif/Downloads/klaster asli/koleksi etnografi/IMG_2176.HEIC,8,koleksi keramik,koleksi etnografi,/Users/mdaffaatstsaqif/Downloads/klaster asli/hasil_finetuned/cluster_gmm/cluster_08__koleksi_keramik/IMG_2176.HEIC
/Users/mdaffaatstsaqif/Downloads/klaster asli/koleksi etnografi/IMG_2177.HEIC,8,koleksi keramik,koleksi etnografi,/Users/mdaffaatstsaqif/Downloads/klaster asli/hasil_finetuned/cluster_gmm/cluster_08__koleksi_keramik/IMG_2177.HEIC
/Users/mdaffaatstsaqif/Downloads/klaster asli/koleksi etnografi/IMG_2178.HEIC,2,koleksi numismatik,koleksi etnografi,/Users/mdaffaatstsaqif/Downloads/klaster asli/hasil_finetuned/cluster_gmm/cluster_02__koleksi_numismatik/IMG_2178.HEIC
/Users/mdaffaatstsaqif/Downloads/klaster asli/koleksi etnografi/IMG_2179.HEIC,2,koleksi numismatik,koleksi etnografi,/Users/mdaffaatstsaqif/Downloads/klaster asli/hasil_finetuned/cluster_gmm/cluster_02__koleksi_numismatik/IMG_2179.HEIC
/Users/mdaffaatstsaqif/Downloads/klaster asli/koleksi etnografi/IMG_2180.HEIC,2,koleksi numismatik,koleksi etnografi,/Users/mdaffaatstsaqif/Downloads/klaster asli/hasil_finetuned/cluster_gmm/cluster_02__koleksi_numismatik/IMG_2180.HEIC
/Users/mdaffaatstsaqif/Downloads/klaster asli/koleksi etnografi/IMG_2181.HEIC,2,koleksi numismatik,koleksi etnografi,/Users/mdaffaatstsaqif/Downloads/klaster asli/hasil_finetuned/cluster_gmm/cluster_02__koleksi_numismatik/IMG_2181.HEIC
/Users/mdaffaatstsaqif/Downloads/klaster asli/koleksi etnografi/IMG_2182.HEIC,8,koleksi keramik,koleksi etnografi,/Users/mdaffaatstsaqif/Downloads/klaster asli/hasil_finetuned/cluster_gmm/cluster_08__koleksi_keramik/IMG_2182.HEIC
/Users/mdaffaatstsaqif/Downloads/klaster asli/koleksi etnografi/IMG_2183.HEIC,8,koleksi keramik,koleksi etnografi,/Users/mdaffaatstsaqif/Downloads/klaster asli/hasil_finetuned/cluster_gmm/cluster_08__koleksi_keramik/IMG_2183.HEIC
/Users/mdaffaatstsaqif/Downloads/klaster asli/koleksi etnografi/IMG_2184.HEIC,8,koleksi keramik,koleksi etnografi,/Users/mdaffaatstsaqif/Downloads/klaster asli/hasil_finetuned/cluster_gmm/cluster_08__koleksi_keramik/IMG_2184.HEIC
/Users/mdaffaatstsaqif/Downloads/klaster asli/koleksi etnografi/IMG_2185.HEIC,8,koleksi keramik,koleksi etnografi,/Users/mdaffaatstsaqif/Downloads/klaster asli/hasil_finetuned/cluster_gmm/cluster_08__koleksi_keramik/IMG_2185.HEIC
/Users/mdaffaatstsaqif/Downloads/klaster asli/koleksi etnografi/IMG_2186.HEIC,1,koleksi arkeologi,koleksi etnografi,/Users/mdaffaatstsaqif/Downloads/klaster asli/hasil_finetuned/cluster_gmm/cluster_01__koleksi_arkeologi/IMG_2186.HEIC
/Users/mdaffaatstsaqif/Downloads/klaster asli/koleksi etnografi/IMG_2187.HEIC,1,koleksi arkeologi,koleksi etnografi,/Users/mdaffaatstsaqif/Downloads/klaster asli/hasil_finetuned/cluster_gmm/cluster_01__koleksi_arkeologi/IMG_2187.HEIC
/Users/mdaffaatstsaqif/Downloads/klaster asli/koleksi etnografi/IMG_2188.HEIC,2,koleksi numismatik,koleksi etnografi,/Users/mdaffaatstsaqif/Downloads/klaster asli/hasil_finetuned/cluster_gmm/cluster_02__koleksi_numismatik/IMG_2188.HEIC
/Users/mdaffaatstsaqif/Downloads/klaster asli/koleksi etnografi/IMG_2189.HEIC,2,koleksi numismatik,koleksi etnografi,/Users/mdaffaatstsaqif/Downloads/klaster asli/hasil_finetuned/cluster_gmm/cluster_02__koleksi_numismatik/IMG_2189.HEIC
/Users/mdaffaatstsaqif/Downloads/klaster asli/koleksi etnografi/IMG_2190.HEIC,2,koleksi numismatik,koleksi etnografi,/Users/mdaffaatstsaqif/Downloads/klaster asli/hasil_finetuned/cluster_gmm/cluster_02__koleksi_numismatik/IMG_2190.HEIC
/Users/mdaffaatstsaqif/Downloads/klaster asli/koleksi etnografi/IMG_2191.HEIC,2,koleksi numismatik,koleksi etnografi,/Users/mdaffaatstsaqif/Downloads/klaster asli/hasil_finetuned/cluster_gmm/cluster_02__koleksi_numismatik/IMG_2191.HEIC
/Users/mdaffaatstsaqif/Downloads/klaster asli/koleksi etnografi/IMG_2192.HEIC,2,koleksi numismatik,koleksi etnografi,/Users/mdaffaatstsaqif/Downloads/klaster asli/hasil_finetuned/cluster_gmm/cluster_02__koleksi_numismatik/IMG_2192.HEIC
/Users/mdaffaatstsaqif/Downloads/klaster asli/koleksi etnografi/IMG_2193.HEIC,2,koleksi numismatik,koleksi etnografi,/Users/mdaffaatstsaqif/Downloads/klaster asli/hasil_finetuned/cluster_gmm/cluster_02__koleksi_numismatik/IMG_2193.HEIC
/Users/mdaffaatstsaqif/Downloads/klaster asli/koleksi etnografi/IMG_2194.HEIC,1,koleksi arkeologi,koleksi etnografi,/Users/mdaffaatstsaqif/Downloads/klaster asli/hasil_finetuned/cluster_gmm/cluster_01__koleksi_arkeologi/IMG_2194.HEIC
/Users/mdaffaatstsaqif/Downloads/klaster asli/koleksi etnografi/IMG_2195.HEIC,2,koleksi numismatik,koleksi etnografi,/Users/mdaffaatstsaqif/Downloads/klaster asli/hasil_finetuned/cluster_gmm/cluster_02__koleksi_numismatik/IMG_2195.HEIC
/Users/mdaffaatstsaqif/Downloads/klaster asli/koleksi etnografi/IMG_2196.HEIC,2,koleksi numismatik,koleksi etnografi,/Users/mdaffaatstsaqif/Downloads/klaster asli/hasil_finetuned/cluster_gmm/cluster_02__koleksi_numismatik/IMG_2196.HEIC
/Users/mdaffaatstsaqif/Downloads/klaster asli/koleksi etnografi/IMG_2197.HEIC,1,koleksi arkeologi,koleksi etnografi,/Users/mdaffaatstsaqif/Downloads/klaster asli/hasil_finetuned/cluster_gmm/cluster_01__koleksi_arkeologi/IMG_2197.HEIC
/Users/mdaffaatstsaqif/Downloads/klaster asli/koleksi etnografi/IMG_2198.HEIC,1,koleksi arkeologi,koleksi etnografi,/Users/mdaffaatstsaqif/Downloads/klaster asli/hasil_finetuned/cluster_gmm/cluster_01__koleksi_arkeologi/IMG_2198.HEIC
/Users/mdaffaatstsaqif/Downloads/klaster asli/koleksi etnografi/IMG_2199.HEIC,1,koleksi arkeologi,koleksi etnografi,/Users/mdaffaatstsaqif/Downloads/klaster asli/hasil_finetuned/cluster_gmm/cluster_01__koleksi_arkeologi/IMG_2199.HEIC
/Users/mdaffaatstsaqif/Downloads/klaster asli/koleksi etnografi/IMG_2200.HEIC,1,koleksi arkeologi,koleksi etnografi,/Users/mdaffaatstsaqif/Downloads/klaster asli/hasil_finetuned/cluster_gmm/cluster_01__koleksi_arkeologi/IMG_2200.HEIC
/Users/mdaffaatstsaqif/Downloads/klaster asli/koleksi etnografi/IMG_2201.HEIC,1,koleksi arkeologi,koleksi etnografi,/Users/mdaffaatstsaqif/Downloads/klaster asli/hasil_finetuned/cluster_gmm/cluster_01__koleksi_arkeologi/IMG_2201.HEIC
/Users/mdaffaatstsaqif/Downloads/klaster asli/koleksi etnografi/IMG_2202.HEIC,1,koleksi arkeologi,koleksi etnografi,/Users/mdaffaatstsaqif/Downloads/klaster asli/hasil_finetuned/cluster_gmm/cluster_01__koleksi_arkeologi/IMG_2202.HEIC
/Users/mdaffaatstsaqif/Downloads/klaster asli/koleksi etnografi/IMG_2203.HEIC,7,koleksi teknologika,koleksi etnografi,/Users/mdaffaatstsaqif/Downloads/klaster asli/hasil_finetuned/cluster_gmm/cluster_07__koleksi_teknologika/IMG_2203.HEIC
/Users/mdaffaatstsaqif/Downloads/klaster asli/koleksi etnografi/IMG_2204.HEIC,7,koleksi teknologika,koleksi etnografi,/Users/mdaffaatstsaqif/Downloads/klaster asli/hasil_finetuned/cluster_gmm/cluster_07__koleksi_teknologika/IMG_2204.HEIC
/Users/mdaffaatstsaqif/Downloads/klaster asli/koleksi etnografi/IMG_2205.HEIC,7,koleksi teknologika,koleksi etnografi,/Users/mdaffaatstsaqif/Downloads/klaster asli/hasil_finetuned/cluster_gmm/cluster_07__koleksi_teknologika/IMG_2205.HEIC
/Users/mdaffaatstsaqif/Downloads/klaster asli/koleksi etnografi/IMG_2206.HEIC,7,koleksi teknologika,koleksi etnografi,/Users/mdaffaatstsaqif/Downloads/klaster asli/hasil_finetuned/cluster_gmm/cluster_07__koleksi_teknologika/IMG_2206.HEIC
/Users/mdaffaatstsaqif/Downloads/klaster asli/koleksi etnografi/IMG_2221.HEIC,2,koleksi numismatik,koleksi etnografi,/Users/mdaffaatstsaqif/Downloads/klaster asli/hasil_finetuned/cluster_gmm/cluster_02__koleksi_numismatik/IMG_2221.HEIC
/Users/mdaffaatstsaqif/Downloads/klaster asli/koleksi etnografi/IMG_2222.HEIC,2,koleksi numismatik,koleksi etnografi,/Users/mdaffaatstsaqif/Downloads/klaster asli/hasil_finetuned/cluster_gmm/cluster_02__koleksi_numismatik/IMG_2222.HEIC
/Users/mdaffaatstsaqif/Downloads/klaster asli/koleksi etnografi/IMG_2223.HEIC,2,koleksi numismatik,koleksi etnografi,/Users/mdaffaatstsaqif/Downloads/klaster asli/hasil_finetuned/cluster_gmm/cluster_02__koleksi_numismatik/IMG_2223.HEIC
/Users/mdaffaatstsaqif/Downloads/klaster asli/koleksi etnografi/IMG_2224.HEIC,2,koleksi numismatik,koleksi etnografi,/Users/mdaffaatstsaqif/Downloads/klaster asli/hasil_finetuned/cluster_gmm/cluster_02__koleksi_numismatik/IMG_2224.HEIC
/Users/mdaffaatstsaqif/Downloads/klaster asli/koleksi etnografi/IMG_2225.HEIC,2,koleksi numismatik,koleksi etnografi,/Users/mdaffaatstsaqif/Downloads/klaster asli/hasil_finetuned/cluster_gmm/cluster_02__koleksi_numismatik/IMG_2225.HEIC
/Users/mdaffaatstsaqif/Downloads/klaster asli/koleksi etnografi/IMG_2226.HEIC,2,koleksi numismatik,koleksi etnografi,/Users/mdaffaatstsaqif/Downloads/klaster asli/hasil_finetuned/cluster_gmm/cluster_02__koleksi_numismatik/IMG_2226.HEIC
/Users/mdaffaatstsaqif/Downloads/klaster asli/koleksi etnografi/IMG_2227.HEIC,9,koleksi etnografi,koleksi etnografi,/Users/mdaffaatstsaqif/Downloads/klaster asli/hasil_finetuned/cluster_gmm/cluster_09__koleksi_etnografi/IMG_2227.HEIC
/Users/mdaffaatstsaqif/Downloads/klaster asli/koleksi etnografi/IMG_2228.HEIC,7,koleksi teknologika,koleksi etnografi,/Users/mdaffaatstsaqif/Downloads/klaster asli/hasil_finetuned/cluster_gmm/cluster_07__koleksi_teknologika/IMG_2228.HEIC
/Users/mdaffaatstsaqif/Downloads/klaster asli/koleksi etnografi/IMG_2229.HEIC,7,koleksi teknologika,koleksi etnografi,/Users/mdaffaatstsaqif/Downloads/klaster asli/hasil_finetuned/cluster_gmm/cluster_07__koleksi_teknologika/IMG_2229.HEIC
/Users/mdaffaatstsaqif/Downloads/klaster asli/koleksi etnografi/IMG_2230.HEIC,7,koleksi teknologika,koleksi etnografi,/Users/mdaffaatstsaqif/Downloads/klaster asli/hasil_finetuned/cluster_gmm/cluster_07__koleksi_teknologika/IMG_2230.HEIC
/Users/mdaffaatstsaqif/Downloads/klaster asli/koleksi etnografi/IMG_2231.HEIC,2,koleksi numismatik,koleksi etnografi,/Users/mdaffaatstsaqif/Downloads/klaster asli/hasil_finetuned/cluster_gmm/cluster_02__koleksi_numismatik/IMG_2231.HEIC
/Users/mdaffaatstsaqif/Downloads/klaster asli/koleksi etnografi/IMG_2232.heic,1,koleksi arkeologi,koleksi etnografi,/Users/mdaffaatstsaqif/Downloads/klaster asli/hasil_finetuned/cluster_gmm/cluster_01__koleksi_arkeologi/IMG_2232.heic
/Users/mdaffaatstsaqif/Downloads/klaster asli/koleksi etnografi/IMG_2233.HEIC,1,koleksi arkeologi,koleksi etnografi,/Users/mdaffaatstsaqif/Downloads/klaster asli/hasil_finetuned/cluster_gmm/cluster_01__koleksi_arkeologi/IMG_2233.HEIC
/Users/mdaffaatstsaqif/Downloads/klaster asli/koleksi etnografi/IMG_2235.HEIC,8,koleksi keramik,koleksi etnografi,/Users/mdaffaatstsaqif/Downloads/klaster asli/hasil_finetuned/cluster_gmm/cluster_08__koleksi_keramik/IMG_2235.HEIC
/Users/mdaffaatstsaqif/Downloads/klaster asli/koleksi etnografi/IMG_2236.HEIC,8,koleksi keramik,koleksi etnografi,/Users/mdaffaatstsaqif/Downloads/klaster asli/hasil_finetuned/cluster_gmm/cluster_08__koleksi_keramik/IMG_2236.HEIC
/Users/mdaffaatstsaqif/Downloads/klaster asli/koleksi etnografi/IMG_2237.HEIC,8,koleksi keramik,koleksi etnografi,/Users/mdaffaatstsaqif/Downloads/klaster asli/hasil_finetuned/cluster_gmm/cluster_08__koleksi_keramik/IMG_2237.HEIC
/Users/mdaffaatstsaqif/Downloads/klaster asli/koleksi etnografi/IMG_2238.HEIC,7,koleksi teknologika,koleksi etnografi,/Users/mdaffaatstsaqif/Downloads/klaster asli/hasil_finetuned/cluster_gmm/cluster_07__koleksi_teknologika/IMG_2238.HEIC
/Users/mdaffaatstsaqif/Downloads/klaster asli/koleksi etnografi/IMG_2239.HEIC,7,koleksi teknologika,koleksi etnografi,/Users/mdaffaatstsaqif/Downloads/klaster asli/hasil_finetuned/cluster_gmm/cluster_07__koleksi_teknologika/IMG_2239.HEIC
/Users/mdaffaatstsaqif/Downloads/klaster asli/koleksi etnografi/IMG_2240.HEIC,7,koleksi teknologika,koleksi etnografi,/Users/mdaffaatstsaqif/Downloads/klaster asli/hasil_finetuned/cluster_gmm/cluster_07__koleksi_teknologika/IMG_2240.HEIC
/Users/mdaffaatstsaqif/Downloads/klaster asli/koleksi etnografi/IMG_2241.HEIC,7,koleksi teknologika,koleksi etnografi,/Users/mdaffaatstsaqif/Downloads/klaster asli/hasil_finetuned/cluster_gmm/cluster_07__koleksi_teknologika/IMG_2241.HEIC
/Users/mdaffaatstsaqif/Downloads/klaster asli/koleksi etnografi/IMG_2242.HEIC,7,koleksi teknologika,koleksi etnografi,/Users/mdaffaatstsaqif/Downloads/klaster asli/hasil_finetuned/cluster_gmm/cluster_07__koleksi_teknologika/IMG_2242.HEIC
/Users/mdaffaatstsaqif/Downloads/klaster asli/koleksi etnografi/IMG_2243.HEIC,6,koleksi naskah kuno,koleksi etnografi,/Users/mdaffaatstsaqif/Downloads/klaster asli/hasil_finetuned/cluster_gmm/cluster_06__koleksi_naskah_kuno/IMG_2243.HEIC
/Users/mdaffaatstsaqif/Downloads/klaster asli/koleksi etnografi/IMG_2244.HEIC,2,koleksi numismatik,koleksi etnografi,/Users/mdaffaatstsaqif/Downloads/klaster asli/hasil_finetuned/cluster_gmm/cluster_02__koleksi_numismatik/IMG_2244.HEIC
/Users/mdaffaatstsaqif/Downloads/klaster asli/koleksi etnografi/IMG_2245.HEIC,2,koleksi numismatik,koleksi etnografi,/Users/mdaffaatstsaqif/Downloads/klaster asli/hasil_finetuned/cluster_gmm/cluster_02__koleksi_numismatik/IMG_2245.HEIC
/Users/mdaffaatstsaqif/Downloads/klaster asli/koleksi etnografi/IMG_2246.HEIC,2,koleksi numismatik,koleksi etnografi,/Users/mdaffaatstsaqif/Downloads/klaster asli/hasil_finetuned/cluster_gmm/cluster_02__koleksi_numismatik/IMG_2246.HEIC
/Users/mdaffaatstsaqif/Downloads/klaster asli/koleksi etnografi/IMG_2247.HEIC,2,koleksi numismatik,koleksi etnografi,/Users/mdaffaatstsaqif/Downloads/klaster asli/hasil_finetuned/cluster_gmm/cluster_02__koleksi_numismatik/IMG_2247.HEIC
/Users/mdaffaatstsaqif/Downloads/klaster asli/koleksi etnografi/IMG_2248.HEIC,7,koleksi teknologika,koleksi etnografi,/Users/mdaffaatstsaqif/Downloads/klaster asli/hasil_finetuned/cluster_gmm/cluster_07__koleksi_teknologika/IMG_2248.HEIC
/Users/mdaffaatstsaqif/Downloads/klaster asli/koleksi etnografi/IMG_2249.HEIC,7,koleksi teknologika,koleksi etnografi,/Users/mdaffaatstsaqif/Downloads/klaster asli/hasil_finetuned/cluster_gmm/cluster_07__koleksi_teknologika/IMG_2249.HEIC
/Users/mdaffaatstsaqif/Downloads/klaster asli/koleksi etnografi/IMG_2250.HEIC,2,koleksi numismatik,koleksi etnografi,/Users/mdaffaatstsaqif/Downloads/klaster asli/hasil_finetuned/cluster_gmm/cluster_02__koleksi_numismatik/IMG_2250.HEIC
/Users/mdaffaatstsaqif/Downloads/klaster asli/koleksi etnografi/IMG_2251.HEIC,2,koleksi numismatik,koleksi etnografi,/Users/mdaffaatstsaqif/Downloads/klaster asli/hasil_finetuned/cluster_gmm/cluster_02__koleksi_numismatik/IMG_2251.HEIC
/Users/mdaffaatstsaqif/Downloads/klaster asli/koleksi etnografi/IMG_2252.HEIC,2,koleksi numismatik,koleksi etnografi,/Users/mdaffaatstsaqif/Downloads/klaster asli/hasil_finetuned/cluster_gmm/cluster_02__koleksi_numismatik/IMG_2252.HEIC
/Users/mdaffaatstsaqif/Downloads/klaster asli/koleksi etnografi/IMG_2253.HEIC,2,koleksi numismatik,koleksi etnografi,/Users/mdaffaatstsaqif/Downloads/klaster asli/hasil_finetuned/cluster_gmm/cluster_02__koleksi_numismatik/IMG_2253.HEIC
/Users/mdaffaatstsaqif/Downloads/klaster asli/koleksi etnografi/IMG_2254.HEIC,2,koleksi numismatik,koleksi etnografi,/Users/mdaffaatstsaqif/Downloads/klaster asli/hasil_finetuned/cluster_gmm/cluster_02__koleksi_numismatik/IMG_2254.HEIC
/Users/mdaffaatstsaqif/Downloads/klaster asli/koleksi etnografi/IMG_2255.HEIC,2,koleksi numismatik,koleksi etnografi,/Users/mdaffaatstsaqif/Downloads/klaster asli/hasil_finetuned/cluster_gmm/cluster_02__koleksi_numismatik/IMG_2255.HEIC
/Users/mdaffaatstsaqif/Downloads/klaster asli/koleksi etnografi/IMG_2256.HEIC,7,koleksi teknologika,koleksi etnografi,/Users/mdaffaatstsaqif/Downloads/klaster asli/hasil_finetuned/cluster_gmm/cluster_07__koleksi_teknologika/IMG_2256.HEIC
/Users/mdaffaatstsaqif/Downloads/klaster asli/koleksi etnografi/IMG_2257.HEIC,7,koleksi teknologika,koleksi etnografi,/Users/mdaffaatstsaqif/Downloads/klaster asli/hasil_finetuned/cluster_gmm/cluster_07__koleksi_teknologika/IMG_2257.HEIC
/Users/mdaffaatstsaqif/Downloads/klaster asli/koleksi etnografi/IMG_2258.HEIC,2,koleksi numismatik,koleksi etnografi,/Users/mdaffaatstsaqif/Downloads/klaster asli/hasil_finetuned/cluster_gmm/cluster_02__koleksi_numismatik/IMG_2258.HEIC
/Users/mdaffaatstsaqif/Downloads/klaster asli/koleksi etnografi/IMG_2259.HEIC,2,koleksi numismatik,koleksi etnografi,/Users/mdaffaatstsaqif/Downloads/klaster asli/hasil_finetuned/cluster_gmm/cluster_02__koleksi_numismatik/IMG_2259.HEIC
/Users/mdaffaatstsaqif/Downloads/klaster asli/koleksi etnografi/IMG_2260.HEIC,2,koleksi numismatik,koleksi etnografi,/Users/mdaffaatstsaqif/Downloads/klaster asli/hasil_finetuned/cluster_gmm/cluster_02__koleksi_numismatik/IMG_2260.HEIC
/Users/mdaffaatstsaqif/Downloads/klaster asli/koleksi etnografi/IMG_2261.HEIC,2,koleksi numismatik,koleksi etnografi,/Users/mdaffaatstsaqif/Downloads/klaster asli/hasil_finetuned/cluster_gmm/cluster_02__koleksi_numismatik/IMG_2261.HEIC
/Users/mdaffaatstsaqif/Downloads/klaster asli/koleksi etnografi/IMG_2262.HEIC,7,koleksi teknologika,koleksi etnografi,/Users/mdaffaatstsaqif/Downloads/klaster asli/hasil_finetuned/cluster_gmm/cluster_07__koleksi_teknologika/IMG_2262.HEIC
/Users/mdaffaatstsaqif/Downloads/klaster asli/koleksi etnografi/IMG_2263.HEIC,7,koleksi teknologika,koleksi etnografi,/Users/mdaffaatstsaqif/Downloads/klaster asli/hasil_finetuned/cluster_gmm/cluster_07__koleksi_teknologika/IMG_2263.HEIC
/Users/mdaffaatstsaqif/Downloads/klaster asli/koleksi etnografi/IMG_2264.HEIC,9,koleksi etnografi,koleksi etnografi,/Users/mdaffaatstsaqif/Downloads/klaster asli/hasil_finetuned/cluster_gmm/cluster_09__koleksi_etnografi/IMG_2264.HEIC
/Users/mdaffaatstsaqif/Downloads/klaster asli/koleksi etnografi/IMG_2265.HEIC,9,koleksi etnografi,koleksi etnografi,/Users/mdaffaatstsaqif/Downloads/klaster asli/hasil_finetuned/cluster_gmm/cluster_09__koleksi_etnografi/IMG_2265.HEIC
/Users/mdaffaatstsaqif/Downloads/klaster asli/koleksi etnografi/IMG_2266.HEIC,9,koleksi etnografi,koleksi etnografi,/Users/mdaffaatstsaqif/Downloads/klaster asli/hasil_finetuned/cluster_gmm/cluster_09__koleksi_etnografi/IMG_2266.HEIC
/Users/mdaffaatstsaqif/Downloads/klaster asli/koleksi etnografi/IMG_2267.HEIC,9,koleksi etnografi,koleksi etnografi,/Users/mdaffaatstsaqif/Downloads/klaster asli/hasil_finetuned/cluster_gmm/cluster_09__koleksi_etnografi/IMG_2267.HEIC
/Users/mdaffaatstsaqif/Downloads/klaster asli/koleksi etnografi/IMG_2268.HEIC,9,koleksi etnografi,koleksi etnografi,/Users/mdaffaatstsaqif/Downloads/klaster asli/hasil_finetuned/cluster_gmm/cluster_09__koleksi_etnografi/IMG_2268.HEIC
/Users/mdaffaatstsaqif/Downloads/klaster asli/koleksi etnografi/IMG_2269.HEIC,9,koleksi etnografi,koleksi etnografi,/Users/mdaffaatstsaqif/Downloads/klaster asli/hasil_finetuned/cluster_gmm/cluster_09__koleksi_etnografi/IMG_2269.HEIC
/Users/mdaffaatstsaqif/Downloads/klaster asli/koleksi etnografi/IMG_2270.HEIC,9,koleksi etnografi,koleksi etnografi,/Users/mdaffaatstsaqif/Downloads/klaster asli/hasil_finetuned/cluster_gmm/cluster_09__koleksi_etnografi/IMG_2270.HEIC
/Users/mdaffaatstsaqif/Downloads/klaster asli/koleksi etnografi/IMG_2271.HEIC,9,koleksi etnografi,koleksi etnografi,/Users/mdaffaatstsaqif/Downloads/klaster asli/hasil_finetuned/cluster_gmm/cluster_09__koleksi_etnografi/IMG_2271.HEIC
/Users/mdaffaatstsaqif/Downloads/klaster asli/koleksi etnografi/IMG_2272.HEIC,9,koleksi etnografi,koleksi etnografi,/Users/mdaffaatstsaqif/Downloads/klaster asli/hasil_finetuned/cluster_gmm/cluster_09__koleksi_etnografi/IMG_2272.HEIC
/Users/mdaffaatstsaqif/Downloads/klaster asli/koleksi etnografi/IMG_2273.HEIC,9,koleksi etnografi,koleksi etnografi,/Users/mdaffaatstsaqif/Downloads/klaster asli/hasil_finetuned/cluster_gmm/cluster_09__koleksi_etnografi/IMG_2273.HEIC
/Users/mdaffaatstsaqif/Downloads/klaster asli/koleksi etnografi/IMG_2274.HEIC,9,koleksi etnografi,koleksi etnografi,/Users/mdaffaatstsaqif/Downloads/klaster asli/hasil_finetuned/cluster_gmm/cluster_09__koleksi_etnografi/IMG_2274.HEIC
/Users/mdaffaatstsaqif/Downloads/klaster asli/koleksi etnografi/IMG_2275.HEIC,9,koleksi etnografi,koleksi etnografi,/Users/mdaffaatstsaqif/Downloads/klaster asli/hasil_finetuned/cluster_gmm/cluster_09__koleksi_etnografi/IMG_2275.HEIC
/Users/mdaffaatstsaqif/Downloads/klaster asli/koleksi etnografi/IMG_2276.HEIC,9,koleksi etnografi,koleksi etnografi,/Users/mdaffaatstsaqif/Downloads/klaster asli/hasil_finetuned/cluster_gmm/cluster_09__koleksi_etnografi/IMG_2276.HEIC
/Users/mdaffaatstsaqif/Downloads/klaster asli/koleksi etnografi/IMG_2277.HEIC,9,koleksi etnografi,koleksi etnografi,/Users/mdaffaatstsaqif/Downloads/klaster asli/hasil_finetuned/cluster_gmm/cluster_09__koleksi_etnografi/IMG_2277.HEIC
/Users/mdaffaatstsaqif/Downloads/klaster asli/koleksi etnografi/IMG_2278.HEIC,9,koleksi etnografi,koleksi etnografi,/Users/mdaffaatstsaqif/Downloads/klaster asli/hasil_finetuned/cluster_gmm/cluster_09__koleksi_etnografi/IMG_2278.HEIC
/Users/mdaffaatstsaqif/Downloads/klaster asli/koleksi etnografi/IMG_2279.HEIC,9,koleksi etnografi,koleksi etnografi,/Users/mdaffaatstsaqif/Downloads/klaster asli/hasil_finetuned/cluster_gmm/cluster_09__koleksi_etnografi/IMG_2279.HEIC
/Users/mdaffaatstsaqif/Downloads/klaster asli/koleksi etnografi/IMG_2280.HEIC,9,koleksi etnografi,koleksi etnografi,/Users/mdaffaatstsaqif/Downloads/klaster asli/hasil_finetuned/cluster_gmm/cluster_09__koleksi_etnografi/IMG_2280.HEIC
/Users/mdaffaatstsaqif/Downloads/klaster asli/koleksi etnografi/IMG_2281.HEIC,9,koleksi etnografi,koleksi etnografi,/Users/mdaffaatstsaqif/Downloads/klaster asli/hasil_finetuned/cluster_gmm/cluster_09__koleksi_etnografi/IMG_2281.HEIC
/Users/mdaffaatstsaqif/Downloads/klaster asli/koleksi etnografi/IMG_2282.HEIC,9,koleksi etnografi,koleksi etnografi,/Users/mdaffaatstsaqif/Downloads/klaster asli/hasil_finetuned/cluster_gmm/cluster_09__koleksi_etnografi/IMG_2282.HEIC
/Users/mdaffaatstsaqif/Downloads/klaster asli/koleksi etnografi/IMG_2283.HEIC,9,koleksi etnografi,koleksi etnografi,/Users/mdaffaatstsaqif/Downloads/klaster asli/hasil_finetuned/cluster_gmm/cluster_09__koleksi_etnografi/IMG_2283.HEIC
/Users/mdaffaatstsaqif/Downloads/klaster asli/koleksi etnografi/IMG_2284.HEIC,9,koleksi etnografi,koleksi etnografi,/Users/mdaffaatstsaqif/Downloads/klaster asli/hasil_finetuned/cluster_gmm/cluster_09__koleksi_etnografi/IMG_2284.HEIC
/Users/mdaffaatstsaqif/Downloads/klaster asli/koleksi etnografi/IMG_2285.HEIC,9,koleksi etnografi,koleksi etnografi,/Users/mdaffaatstsaqif/Downloads/klaster asli/hasil_finetuned/cluster_gmm/cluster_09__koleksi_etnografi/IMG_2285.HEIC
/Users/mdaffaatstsaqif/Downloads/klaster asli/koleksi etnografi/IMG_2286.HEIC,9,koleksi etnografi,koleksi etnografi,/Users/mdaffaatstsaqif/Downloads/klaster asli/hasil_finetuned/cluster_gmm/cluster_09__koleksi_etnografi/IMG_2286.HEIC
/Users/mdaffaatstsaqif/Downloads/klaster asli/koleksi etnografi/IMG_2287.HEIC,9,koleksi etnografi,koleksi etnografi,/Users/mdaffaatstsaqif/Downloads/klaster asli/hasil_finetuned/cluster_gmm/cluster_09__koleksi_etnografi/IMG_2287.HEIC
/Users/mdaffaatstsaqif/Downloads/klaster asli/koleksi etnografi/IMG_2288.HEIC,9,koleksi etnografi,koleksi etnografi,/Users/mdaffaatstsaqif/Downloads/klaster asli/hasil_finetuned/cluster_gmm/cluster_09__koleksi_etnografi/IMG_2288.HEIC
/Users/mdaffaatstsaqif/Downloads/klaster asli/koleksi etnografi/IMG_2289.HEIC,9,koleksi etnografi,koleksi etnografi,/Users/mdaffaatstsaqif/Downloads/klaster asli/hasil_finetuned/cluster_gmm/cluster_09__koleksi_etnografi/IMG_2289.HEIC
/Users/mdaffaatstsaqif/Downloads/klaster asli/koleksi arkeologi/IMG_2290.heic,7,koleksi teknologika,koleksi arkeologi,/Users/mdaffaatstsaqif/Downloads/klaster asli/hasil_finetuned/cluster_gmm/cluster_07__koleksi_teknologika/IMG_2290.heic
/Users/mdaffaatstsaqif/Downloads/klaster asli/koleksi arkeologi/IMG_2291.heic,7,koleksi teknologika,koleksi arkeologi,/Users/mdaffaatstsaqif/Downloads/klaster asli/hasil_finetuned/cluster_gmm/cluster_07__koleksi_teknologika/IMG_2291.heic
/Users/mdaffaatstsaqif/Downloads/klaster asli/koleksi arkeologi/IMG_2292.heic,7,koleksi teknologika,koleksi arkeologi,/Users/mdaffaatstsaqif/Downloads/klaster asli/hasil_finetuned/cluster_gmm/cluster_07__koleksi_teknologika/IMG_2292.heic
/Users/mdaffaatstsaqif/Downloads/klaster asli/koleksi arkeologi/IMG_2293.heic,7,koleksi teknologika,koleksi arkeologi,/Users/mdaffaatstsaqif/Downloads/klaster asli/hasil_finetuned/cluster_gmm/cluster_07__koleksi_teknologika/IMG_2293.heic
/Users/mdaffaatstsaqif/Downloads/klaster asli/koleksi arkeologi/IMG_2294.heic,7,koleksi teknologika,koleksi arkeologi,/Users/mdaffaatstsaqif/Downloads/klaster asli/hasil_finetuned/cluster_gmm/cluster_07__koleksi_teknologika/IMG_2294.heic
/Users/mdaffaatstsaqif/Downloads/klaster asli/koleksi arkeologi/IMG_2295.heic,7,koleksi teknologika,koleksi arkeologi,/Users/mdaffaatstsaqif/Downloads/klaster asli/hasil_finetuned/cluster_gmm/cluster_07__koleksi_teknologika/IMG_2295.heic
/Users/mdaffaatstsaqif/Downloads/klaster asli/koleksi arkeologi/IMG_2296.heic,7,koleksi teknologika,koleksi arkeologi,/Users/mdaffaatstsaqif/Downloads/klaster asli/hasil_finetuned/cluster_gmm/cluster_07__koleksi_teknologika/IMG_2296.heic
/Users/mdaffaatstsaqif/Downloads/klaster asli/koleksi arkeologi/IMG_2297.heic,7,koleksi teknologika,koleksi arkeologi,/Users/mdaffaatstsaqif/Downloads/klaster asli/hasil_finetuned/cluster_gmm/cluster_07__koleksi_teknologika/IMG_2297.heic
/Users/mdaffaatstsaqif/Downloads/klaster asli/koleksi arkeologi/IMG_2298.heic,7,koleksi teknologika,koleksi arkeologi,/Users/mdaffaatstsaqif/Downloads/klaster asli/hasil_finetuned/cluster_gmm/cluster_07__koleksi_teknologika/IMG_2298.heic
/Users/mdaffaatstsaqif/Downloads/klaster asli/koleksi arkeologi/IMG_2299.heic,7,koleksi teknologika,koleksi arkeologi,/Users/mdaffaatstsaqif/Downloads/klaster asli/hasil_finetuned/cluster_gmm/cluster_07__koleksi_teknologika/IMG_2299.heic
/Users/mdaffaatstsaqif/Downloads/klaster asli/koleksi arkeologi/IMG_2300.heic,7,koleksi teknologika,koleksi arkeologi,/Users/mdaffaatstsaqif/Downloads/klaster asli/hasil_finetuned/cluster_gmm/cluster_07__koleksi_teknologika/IMG_2300.heic
/Users/mdaffaatstsaqif/Downloads/klaster asli/koleksi arkeologi/IMG_2301.heic,7,koleksi teknologika,koleksi arkeologi,/Users/mdaffaatstsaqif/Downloads/klaster asli/hasil_finetuned/cluster_gmm/cluster_07__koleksi_teknologika/IMG_2301.heic
/Users/mdaffaatstsaqif/Downloads/klaster asli/koleksi arkeologi/IMG_2302.heic,7,koleksi teknologika,koleksi arkeologi,/Users/mdaffaatstsaqif/Downloads/klaster asli/hasil_finetuned/cluster_gmm/cluster_07__koleksi_teknologika/IMG_2302.heic
/Users/mdaffaatstsaqif/Downloads/klaster asli/koleksi arkeologi/IMG_2303.heic,7,koleksi teknologika,koleksi arkeologi,/Users/mdaffaatstsaqif/Downloads/klaster asli/hasil_finetuned/cluster_gmm/cluster_07__koleksi_teknologika/IMG_2303.heic
/Users/mdaffaatstsaqif/Downloads/klaster asli/koleksi arkeologi/IMG_2304.heic,7,koleksi teknologika,koleksi arkeologi,/Users/mdaffaatstsaqif/Downloads/klaster asli/hasil_finetuned/cluster_gmm/cluster_07__koleksi_teknologika/IMG_2304.heic
/Users/mdaffaatstsaqif/Downloads/klaster asli/koleksi arkeologi/IMG_2305.heic,7,koleksi teknologika,koleksi arkeologi,/Users/mdaffaatstsaqif/Downloads/klaster asli/hasil_finetuned/cluster_gmm/cluster_07__koleksi_teknologika/IMG_2305.heic
/Users/mdaffaatstsaqif/Downloads/klaster asli/koleksi arkeologi/IMG_2306.heic,7,koleksi teknologika,koleksi arkeologi,/Users/mdaffaatstsaqif/Downloads/klaster asli/hasil_finetuned/cluster_gmm/cluster_07__koleksi_teknologika/IMG_2306.heic
/Users/mdaffaatstsaqif/Downloads/klaster asli/koleksi arkeologi/IMG_2307.heic,7,koleksi teknologika,koleksi arkeologi,/Users/mdaffaatstsaqif/Downloads/klaster asli/hasil_finetuned/cluster_gmm/cluster_07__koleksi_teknologika/IMG_2307.heic
/Users/mdaffaatstsaqif/Downloads/klaster asli/koleksi arkeologi/IMG_2308.heic,7,koleksi teknologika,koleksi arkeologi,/Users/mdaffaatstsaqif/Downloads/klaster asli/hasil_finetuned/cluster_gmm/cluster_07__koleksi_teknologika/IMG_2308.heic
/Users/mdaffaatstsaqif/Downloads/klaster asli/koleksi arkeologi/IMG_2309.heic,7,koleksi teknologika,koleksi arkeologi,/Users/mdaffaatstsaqif/Downloads/klaster asli/hasil_finetuned/cluster_gmm/cluster_07__koleksi_teknologika/IMG_2309.heic
/Users/mdaffaatstsaqif/Downloads/klaster asli/koleksi arkeologi/IMG_2310.heic,7,koleksi teknologika,koleksi arkeologi,/Users/mdaffaatstsaqif/Downloads/klaster asli/hasil_finetuned/cluster_gmm/cluster_07__koleksi_teknologika/IMG_2310.heic
/Users/mdaffaatstsaqif/Downloads/klaster asli/koleksi arkeologi/IMG_2311.heic,7,koleksi teknologika,koleksi arkeologi,/Users/mdaffaatstsaqif/Downloads/klaster asli/hasil_finetuned/cluster_gmm/cluster_07__koleksi_teknologika/IMG_2311.heic
/Users/mdaffaatstsaqif/Downloads/klaster asli/koleksi arkeologi/IMG_2312.heic,7,koleksi teknologika,koleksi arkeologi,/Users/mdaffaatstsaqif/Downloads/klaster asli/hasil_finetuned/cluster_gmm/cluster_07__koleksi_teknologika/IMG_2312.heic
/Users/mdaffaatstsaqif/Downloads/klaster asli/koleksi arkeologi/IMG_2313.heic,7,koleksi teknologika,koleksi arkeologi,/Users/mdaffaatstsaqif/Downloads/klaster asli/hasil_finetuned/cluster_gmm/cluster_07__koleksi_teknologika/IMG_2313.heic
/Users/mdaffaatstsaqif/Downloads/klaster asli/koleksi arkeologi/IMG_2314.heic,7,koleksi teknologika,koleksi arkeologi,/Users/mdaffaatstsaqif/Downloads/klaster asli/hasil_finetuned/cluster_gmm/cluster_07__koleksi_teknologika/IMG_2314.heic
/Users/mdaffaatstsaqif/Downloads/klaster asli/koleksi arkeologi/IMG_2315.heic,8,koleksi keramik,koleksi arkeologi,/Users/mdaffaatstsaqif/Downloads/klaster asli/hasil_finetuned/cluster_gmm/cluster_08__koleksi_keramik/IMG_2315.heic
/Users/mdaffaatstsaqif/Downloads/klaster asli/koleksi arkeologi/IMG_2316.heic,1,koleksi arkeologi,koleksi arkeologi,/Users/mdaffaatstsaqif/Downloads/klaster asli/hasil_finetuned/cluster_gmm/cluster_01__koleksi_arkeologi/IMG_2316.heic
/Users/mdaffaatstsaqif/Downloads/klaster asli/koleksi arkeologi/IMG_2317.heic,1,koleksi arkeologi,koleksi arkeologi,/Users/mdaffaatstsaqif/Downloads/klaster asli/hasil_finetuned/cluster_gmm/cluster_01__koleksi_arkeologi/IMG_2317.heic
/Users/mdaffaatstsaqif/Downloads/klaster asli/koleksi arkeologi/IMG_2318.heic,1,koleksi arkeologi,koleksi arkeologi,/Users/mdaffaatstsaqif/Downloads/klaster asli/hasil_finetuned/cluster_gmm/cluster_01__koleksi_arkeologi/IMG_2318.heic
/Users/mdaffaatstsaqif/Downloads/klaster asli/koleksi arkeologi/IMG_2319.heic,1,koleksi arkeologi,koleksi arkeologi,/Users/mdaffaatstsaqif/Downloads/klaster asli/hasil_finetuned/cluster_gmm/cluster_01__koleksi_arkeologi/IMG_2319.heic
/Users/mdaffaatstsaqif/Downloads/klaster asli/koleksi arkeologi/IMG_2320.heic,1,koleksi arkeologi,koleksi arkeologi,/Users/mdaffaatstsaqif/Downloads/klaster asli/hasil_finetuned/cluster_gmm/cluster_01__koleksi_arkeologi/IMG_2320.heic
/Users/mdaffaatstsaqif/Downloads/klaster asli/koleksi arkeologi/IMG_2321.heic,1,koleksi arkeologi,koleksi arkeologi,/Users/mdaffaatstsaqif/Downloads/klaster asli/hasil_finetuned/cluster_gmm/cluster_01__koleksi_arkeologi/IMG_2321.heic
/Users/mdaffaatstsaqif/Downloads/klaster asli/koleksi arkeologi/IMG_2322.heic,1,koleksi arkeologi,koleksi arkeologi,/Users/mdaffaatstsaqif/Downloads/klaster asli/hasil_finetuned/cluster_gmm/cluster_01__koleksi_arkeologi/IMG_2322.heic
/Users/mdaffaatstsaqif/Downloads/klaster asli/koleksi arkeologi/IMG_2323.heic,1,koleksi arkeologi,koleksi arkeologi,/Users/mdaffaatstsaqif/Downloads/klaster asli/hasil_finetuned/cluster_gmm/cluster_01__koleksi_arkeologi/IMG_2323.heic
/Users/mdaffaatstsaqif/Downloads/klaster asli/koleksi arkeologi/IMG_2324.heic,1,koleksi arkeologi,koleksi arkeologi,/Users/mdaffaatstsaqif/Downloads/klaster asli/hasil_finetuned/cluster_gmm/cluster_01__koleksi_arkeologi/IMG_2324.heic
/Users/mdaffaatstsaqif/Downloads/klaster asli/koleksi arkeologi/IMG_2325.heic,1,koleksi arkeologi,koleksi arkeologi,/Users/mdaffaatstsaqif/Downloads/klaster asli/hasil_finetuned/cluster_gmm/cluster_01__koleksi_arkeologi/IMG_2325.heic
/Users/mdaffaatstsaqif/Downloads/klaster asli/koleksi arkeologi/IMG_2326.heic,8,koleksi keramik,koleksi arkeologi,/Users/mdaffaatstsaqif/Downloads/klaster asli/hasil_finetuned/cluster_gmm/cluster_08__koleksi_keramik/IMG_2326.heic
/Users/mdaffaatstsaqif/Downloads/klaster asli/koleksi arkeologi/IMG_2327.heic,8,koleksi keramik,koleksi arkeologi,/Users/mdaffaatstsaqif/Downloads/klaster asli/hasil_finetuned/cluster_gmm/cluster_08__koleksi_keramik/IMG_2327.heic
/Users/mdaffaatstsaqif/Downloads/klaster asli/koleksi arkeologi/IMG_2328.heic,7,koleksi teknologika,koleksi arkeologi,/Users/mdaffaatstsaqif/Downloads/klaster asli/hasil_finetuned/cluster_gmm/cluster_07__koleksi_teknologika/IMG_2328.heic
/Users/mdaffaatstsaqif/Downloads/klaster asli/koleksi arkeologi/IMG_2329.heic,7,koleksi teknologika,koleksi arkeologi,/Users/mdaffaatstsaqif/Downloads/klaster asli/hasil_finetuned/cluster_gmm/cluster_07__koleksi_teknologika/IMG_2329.heic
/Users/mdaffaatstsaqif/Downloads/klaster asli/koleksi arkeologi/IMG_2330.heic,1,koleksi arkeologi,koleksi arkeologi,/Users/mdaffaatstsaqif/Downloads/klaster asli/hasil_finetuned/cluster_gmm/cluster_01__koleksi_arkeologi/IMG_2330.heic
/Users/mdaffaatstsaqif/Downloads/klaster asli/koleksi arkeologi/IMG_2331.heic,1,koleksi arkeologi,koleksi arkeologi,/Users/mdaffaatstsaqif/Downloads/klaster asli/hasil_finetuned/cluster_gmm/cluster_01__koleksi_arkeologi/IMG_2331.heic
/Users/mdaffaatstsaqif/Downloads/klaster asli/koleksi arkeologi/IMG_2332.heic,8,koleksi keramik,koleksi arkeologi,/Users/mdaffaatstsaqif/Downloads/klaster asli/hasil_finetuned/cluster_gmm/cluster_08__koleksi_keramik/IMG_2332.heic
/Users/mdaffaatstsaqif/Downloads/klaster asli/koleksi arkeologi/IMG_2333.heic,8,koleksi keramik,koleksi arkeologi,/Users/mdaffaatstsaqif/Downloads/klaster asli/hasil_finetuned/cluster_gmm/cluster_08__koleksi_keramik/IMG_2333.heic
/Users/mdaffaatstsaqif/Downloads/klaster asli/koleksi arkeologi/IMG_2334.heic,8,koleksi keramik,koleksi arkeologi,/Users/mdaffaatstsaqif/Downloads/klaster asli/hasil_finetuned/cluster_gmm/cluster_08__koleksi_keramik/IMG_2334.heic
/Users/mdaffaatstsaqif/Downloads/klaster asli/koleksi arkeologi/IMG_2335.heic,2,koleksi numismatik,koleksi arkeologi,/Users/mdaffaatstsaqif/Downloads/klaster asli/hasil_finetuned/cluster_gmm/cluster_02__koleksi_numismatik/IMG_2335.heic
/Users/mdaffaatstsaqif/Downloads/klaster asli/koleksi arkeologi/IMG_2336.heic,2,koleksi numismatik,koleksi arkeologi,/Users/mdaffaatstsaqif/Downloads/klaster asli/hasil_finetuned/cluster_gmm/cluster_02__koleksi_numismatik/IMG_2336.heic
/Users/mdaffaatstsaqif/Downloads/klaster asli/koleksi arkeologi/IMG_2337.heic,1,koleksi arkeologi,koleksi arkeologi,/Users/mdaffaatstsaqif/Downloads/klaster asli/hasil_finetuned/cluster_gmm/cluster_01__koleksi_arkeologi/IMG_2337.heic
/Users/mdaffaatstsaqif/Downloads/klaster asli/koleksi arkeologi/IMG_2338.heic,1,koleksi arkeologi,koleksi arkeologi,/Users/mdaffaatstsaqif/Downloads/klaster asli/hasil_finetuned/cluster_gmm/cluster_01__koleksi_arkeologi/IMG_2338.heic
/Users/mdaffaatstsaqif/Downloads/klaster asli/koleksi arkeologi/IMG_2339.heic,1,koleksi arkeologi,koleksi arkeologi,/Users/mdaffaatstsaqif/Downloads/klaster asli/hasil_finetuned/cluster_gmm/cluster_01__koleksi_arkeologi/IMG_2339.heic
/Users/mdaffaatstsaqif/Downloads/klaster asli/koleksi arkeologi/IMG_2340.heic,9,koleksi etnografi,koleksi arkeologi,/Users/mdaffaatstsaqif/Downloads/klaster asli/hasil_finetuned/cluster_gmm/cluster_09__koleksi_etnografi/IMG_2340.heic
/Users/mdaffaatstsaqif/Downloads/klaster asli/koleksi arkeologi/IMG_2341.heic,9,koleksi etnografi,koleksi arkeologi,/Users/mdaffaatstsaqif/Downloads/klaster asli/hasil_finetuned/cluster_gmm/cluster_09__koleksi_etnografi/IMG_2341.heic
/Users/mdaffaatstsaqif/Downloads/klaster asli/koleksi arkeologi/IMG_2342.heic,9,koleksi etnografi,koleksi arkeologi,/Users/mdaffaatstsaqif/Downloads/klaster asli/hasil_finetuned/cluster_gmm/cluster_09__koleksi_etnografi/IMG_2342.heic
/Users/mdaffaatstsaqif/Downloads/klaster asli/koleksi arkeologi/IMG_2343.heic,9,koleksi etnografi,koleksi arkeologi,/Users/mdaffaatstsaqif/Downloads/klaster asli/hasil_finetuned/cluster_gmm/cluster_09__koleksi_etnografi/IMG_2343.heic
/Users/mdaffaatstsaqif/Downloads/klaster asli/koleksi arkeologi/IMG_2344.heic,9,koleksi etnografi,koleksi arkeologi,/Users/mdaffaatstsaqif/Downloads/klaster asli/hasil_finetuned/cluster_gmm/cluster_09__koleksi_etnografi/IMG_2344.heic
/Users/mdaffaatstsaqif/Downloads/klaster asli/koleksi arkeologi/IMG_2345.heic,9,koleksi etnografi,koleksi arkeologi,/Users/mdaffaatstsaqif/Downloads/klaster asli/hasil_finetuned/cluster_gmm/cluster_09__koleksi_etnografi/IMG_2345.heic
/Users/mdaffaatstsaqif/Downloads/klaster asli/koleksi arkeologi/IMG_2346.heic,9,koleksi etnografi,koleksi arkeologi,/Users/mdaffaatstsaqif/Downloads/klaster asli/hasil_finetuned/cluster_gmm/cluster_09__koleksi_etnografi/IMG_2346.heic
/Users/mdaffaatstsaqif/Downloads/klaster asli/koleksi arkeologi/IMG_2347.heic,9,koleksi etnografi,koleksi arkeologi,/Users/mdaffaatstsaqif/Downloads/klaster asli/hasil_finetuned/cluster_gmm/cluster_09__koleksi_etnografi/IMG_2347.heic
/Users/mdaffaatstsaqif/Downloads/klaster asli/koleksi arkeologi/IMG_2348.heic,9,koleksi etnografi,koleksi arkeologi,/Users/mdaffaatstsaqif/Downloads/klaster asli/hasil_finetuned/cluster_gmm/cluster_09__koleksi_etnografi/IMG_2348.heic
/Users/mdaffaatstsaqif/Downloads/klaster asli/koleksi arkeologi/IMG_2352.heic,9,koleksi etnografi,koleksi arkeologi,/Users/mdaffaatstsaqif/Downloads/klaster asli/hasil_finetuned/cluster_gmm/cluster_09__koleksi_etnografi/IMG_2352.heic
/Users/mdaffaatstsaqif/Downloads/klaster asli/koleksi arkeologi/IMG_2353.heic,9,koleksi etnografi,koleksi arkeologi,/Users/mdaffaatstsaqif/Downloads/klaster asli/hasil_finetuned/cluster_gmm/cluster_09__koleksi_etnografi/IMG_2353.heic
/Users/mdaffaatstsaqif/Downloads/klaster asli/koleksi arkeologi/IMG_2354.heic,9,koleksi etnografi,koleksi arkeologi,/Users/mdaffaatstsaqif/Downloads/klaster asli/hasil_finetuned/cluster_gmm/cluster_09__koleksi_etnografi/IMG_2354.heic
/Users/mdaffaatstsaqif/Downloads/klaster asli/koleksi arkeologi/IMG_2355.heic,9,koleksi etnografi,koleksi arkeologi,/Users/mdaffaatstsaqif/Downloads/klaster asli/hasil_finetuned/cluster_gmm/cluster_09__koleksi_etnografi/IMG_2355.heic
/Users/mdaffaatstsaqif/Downloads/klaster asli/koleksi arkeologi/IMG_2356.heic,9,koleksi etnografi,koleksi arkeologi,/Users/mdaffaatstsaqif/Downloads/klaster asli/hasil_finetuned/cluster_gmm/cluster_09__koleksi_etnografi/IMG_2356.heic
/Users/mdaffaatstsaqif/Downloads/klaster asli/koleksi arkeologi/IMG_2357.heic,9,koleksi etnografi,koleksi arkeologi,/Users/mdaffaatstsaqif/Downloads/klaster asli/hasil_finetuned/cluster_gmm/cluster_09__koleksi_etnografi/IMG_2357.heic
/Users/mdaffaatstsaqif/Downloads/klaster asli/koleksi arkeologi/IMG_2358.heic,9,koleksi etnografi,koleksi arkeologi,/Users/mdaffaatstsaqif/Downloads/klaster asli/hasil_finetuned/cluster_gmm/cluster_09__koleksi_etnografi/IMG_2358.heic
/Users/mdaffaatstsaqif/Downloads/klaster asli/koleksi arkeologi/IMG_2359.heic,9,koleksi etnografi,koleksi arkeologi,/Users/mdaffaatstsaqif/Downloads/klaster asli/hasil_finetuned/cluster_gmm/cluster_09__koleksi_etnografi/IMG_2359.heic
/Users/mdaffaatstsaqif/Downloads/klaster asli/koleksi arkeologi/IMG_2360.heic,9,koleksi etnografi,koleksi arkeologi,/Users/mdaffaatstsaqif/Downloads/klaster asli/hasil_finetuned/cluster_gmm/cluster_09__koleksi_etnografi/IMG_2360.heic
/Users/mdaffaatstsaqif/Downloads/klaster asli/koleksi arkeologi/IMG_2361.heic,7,koleksi teknologika,koleksi arkeologi,/Users/mdaffaatstsaqif/Downloads/klaster asli/hasil_finetuned/cluster_gmm/cluster_07__koleksi_teknologika/IMG_2361.heic
/Users/mdaffaatstsaqif/Downloads/klaster asli/koleksi arkeologi/IMG_2362.heic,7,koleksi teknologika,koleksi arkeologi,/Users/mdaffaatstsaqif/Downloads/klaster asli/hasil_finetuned/cluster_gmm/cluster_07__koleksi_teknologika/IMG_2362.heic
/Users/mdaffaatstsaqif/Downloads/klaster asli/koleksi arkeologi/IMG_2363.heic,7,koleksi teknologika,koleksi arkeologi,/Users/mdaffaatstsaqif/Downloads/klaster asli/hasil_finetuned/cluster_gmm/cluster_07__koleksi_teknologika/IMG_2363.heic
/Users/mdaffaatstsaqif/Downloads/klaster asli/koleksi arkeologi/IMG_2364.heic,7,koleksi teknologika,koleksi arkeologi,/Users/mdaffaatstsaqif/Downloads/klaster asli/hasil_finetuned/cluster_gmm/cluster_07__koleksi_teknologika/IMG_2364.heic
/Users/mdaffaatstsaqif/Downloads/klaster asli/koleksi arkeologi/IMG_2365.heic,7,koleksi teknologika,koleksi arkeologi,/Users/mdaffaatstsaqif/Downloads/klaster asli/hasil_finetuned/cluster_gmm/cluster_07__koleksi_teknologika/IMG_2365.heic
/Users/mdaffaatstsaqif/Downloads/klaster asli/koleksi arkeologi/IMG_2366.heic,7,koleksi teknologika,koleksi arkeologi,/Users/mdaffaatstsaqif/Downloads/klaster asli/hasil_finetuned/cluster_gmm/cluster_07__koleksi_teknologika/IMG_2366.heic
/Users/mdaffaatstsaqif/Downloads/klaster asli/koleksi arkeologi/IMG_2367.heic,7,koleksi teknologika,koleksi arkeologi,/Users/mdaffaatstsaqif/Downloads/klaster asli/hasil_finetuned/cluster_gmm/cluster_07__koleksi_teknologika/IMG_2367.heic
/Users/mdaffaatstsaqif/Downloads/klaster asli/koleksi arkeologi/IMG_2370.heic,2,koleksi numismatik,koleksi arkeologi,/Users/mdaffaatstsaqif/Downloads/klaster asli/hasil_finetuned/cluster_gmm/cluster_02__koleksi_numismatik/IMG_2370.heic
/Users/mdaffaatstsaqif/Downloads/klaster asli/koleksi arkeologi/IMG_2371.heic,2,koleksi numismatik,koleksi arkeologi,/Users/mdaffaatstsaqif/Downloads/klaster asli/hasil_finetuned/cluster_gmm/cluster_02__koleksi_numismatik/IMG_2371.heic
/Users/mdaffaatstsaqif/Downloads/klaster asli/koleksi arkeologi/IMG_2372.heic,2,koleksi numismatik,koleksi arkeologi,/Users/mdaffaatstsaqif/Downloads/klaster asli/hasil_finetuned/cluster_gmm/cluster_02__koleksi_numismatik/IMG_2372.heic
/Users/mdaffaatstsaqif/Downloads/klaster asli/koleksi arkeologi/IMG_2374.heic,2,koleksi numismatik,koleksi arkeologi,/Users/mdaffaatstsaqif/Downloads/klaster asli/hasil_finetuned/cluster_gmm/cluster_02__koleksi_numismatik/IMG_2374.heic
/Users/mdaffaatstsaqif/Downloads/klaster asli/koleksi arkeologi/IMG_2375.heic,2,koleksi numismatik,koleksi arkeologi,/Users/mdaffaatstsaqif/Downloads/klaster asli/hasil_finetuned/cluster_gmm/cluster_02__koleksi_numismatik/IMG_2375.heic
/Users/mdaffaatstsaqif/Downloads/klaster asli/koleksi arkeologi/IMG_2376.heic,2,koleksi numismatik,koleksi arkeologi,/Users/mdaffaatstsaqif/Downloads/klaster asli/hasil_finetuned/cluster_gmm/cluster_02__koleksi_numismatik/IMG_2376.heic
/Users/mdaffaatstsaqif/Downloads/klaster asli/koleksi geologi/IMG_2067.HEIC,7,koleksi teknologika,koleksi geologi,/Users/mdaffaatstsaqif/Downloads/klaster asli/hasil_finetuned/cluster_gmm/cluster_07__koleksi_teknologika/IMG_2067.HEIC
/Users/mdaffaatstsaqif/Downloads/klaster asli/koleksi geologi/IMG_2068.HEIC,7,koleksi teknologika,koleksi geologi,/Users/mdaffaatstsaqif/Downloads/klaster asli/hasil_finetuned/cluster_gmm/cluster_07__koleksi_teknologika/IMG_2068.HEIC
/Users/mdaffaatstsaqif/Downloads/klaster asli/koleksi geologi/IMG_2069.HEIC,2,koleksi numismatik,koleksi geologi,/Users/mdaffaatstsaqif/Downloads/klaster asli/hasil_finetuned/cluster_gmm/cluster_02__koleksi_numismatik/IMG_2069.HEIC
/Users/mdaffaatstsaqif/Downloads/klaster asli/koleksi geologi/IMG_2070.HEIC,7,koleksi teknologika,koleksi geologi,/Users/mdaffaatstsaqif/Downloads/klaster asli/hasil_finetuned/cluster_gmm/cluster_07__koleksi_teknologika/IMG_2070.HEIC
/Users/mdaffaatstsaqif/Downloads/klaster asli/koleksi geologi/IMG_2071.HEIC,7,koleksi teknologika,koleksi geologi,/Users/mdaffaatstsaqif/Downloads/klaster asli/hasil_finetuned/cluster_gmm/cluster_07__koleksi_teknologika/IMG_2071.HEIC
/Users/mdaffaatstsaqif/Downloads/klaster asli/koleksi geologi/IMG_2072.HEIC,7,koleksi teknologika,koleksi geologi,/Users/mdaffaatstsaqif/Downloads/klaster asli/hasil_finetuned/cluster_gmm/cluster_07__koleksi_teknologika/IMG_2072.HEIC
/Users/mdaffaatstsaqif/Downloads/klaster asli/koleksi geologi/IMG_2073.HEIC,7,koleksi teknologika,koleksi geologi,/Users/mdaffaatstsaqif/Downloads/klaster asli/hasil_finetuned/cluster_gmm/cluster_07__koleksi_teknologika/IMG_2073.HEIC
/Users/mdaffaatstsaqif/Downloads/klaster asli/koleksi geologi/IMG_2074.HEIC,7,koleksi teknologika,koleksi geologi,/Users/mdaffaatstsaqif/Downloads/klaster asli/hasil_finetuned/cluster_gmm/cluster_07__koleksi_teknologika/IMG_2074.HEIC
/Users/mdaffaatstsaqif/Downloads/klaster asli/koleksi geologi/IMG_2075.HEIC,7,koleksi teknologika,koleksi geologi,/Users/mdaffaatstsaqif/Downloads/klaster asli/hasil_finetuned/cluster_gmm/cluster_07__koleksi_teknologika/IMG_2075.HEIC
/Users/mdaffaatstsaqif/Downloads/klaster asli/koleksi geologi/IMG_2076.HEIC,7,koleksi teknologika,koleksi geologi,/Users/mdaffaatstsaqif/Downloads/klaster asli/hasil_finetuned/cluster_gmm/cluster_07__koleksi_teknologika/IMG_2076.HEIC
/Users/mdaffaatstsaqif/Downloads/klaster asli/koleksi geologi/IMG_2077.HEIC,7,koleksi teknologika,koleksi geologi,/Users/mdaffaatstsaqif/Downloads/klaster asli/hasil_finetuned/cluster_gmm/cluster_07__koleksi_teknologika/IMG_2077.HEIC
/Users/mdaffaatstsaqif/Downloads/klaster asli/koleksi geologi/IMG_2078.HEIC,7,koleksi teknologika,koleksi geologi,/Users/mdaffaatstsaqif/Downloads/klaster asli/hasil_finetuned/cluster_gmm/cluster_07__koleksi_teknologika/IMG_2078.HEIC
/Users/mdaffaatstsaqif/Downloads/klaster asli/koleksi geologi/IMG_2079.HEIC,0,koleksi biologi,koleksi geologi,/Users/mdaffaatstsaqif/Downloads/klaster asli/hasil_finetuned/cluster_gmm/cluster_00__koleksi_biologi/IMG_2079.HEIC
/Users/mdaffaatstsaqif/Downloads/klaster asli/koleksi geologi/IMG_2080.HEIC,0,koleksi biologi,koleksi geologi,/Users/mdaffaatstsaqif/Downloads/klaster asli/hasil_finetuned/cluster_gmm/cluster_00__koleksi_biologi/IMG_2080.HEIC
/Users/mdaffaatstsaqif/Downloads/klaster asli/koleksi geologi/IMG_2081.HEIC,0,koleksi biologi,koleksi geologi,/Users/mdaffaatstsaqif/Downloads/klaster asli/hasil_finetuned/cluster_gmm/cluster_00__koleksi_biologi/IMG_2081.HEIC
/Users/mdaffaatstsaqif/Downloads/klaster asli/koleksi geologi/IMG_2082.HEIC,0,koleksi biologi,koleksi geologi,/Users/mdaffaatstsaqif/Downloads/klaster asli/hasil_finetuned/cluster_gmm/cluster_00__koleksi_biologi/IMG_2082.HEIC
/Users/mdaffaatstsaqif/Downloads/klaster asli/koleksi geologi/IMG_2083.HEIC,0,koleksi biologi,koleksi geologi,/Users/mdaffaatstsaqif/Downloads/klaster asli/hasil_finetuned/cluster_gmm/cluster_00__koleksi_biologi/IMG_2083.HEIC
/Users/mdaffaatstsaqif/Downloads/klaster asli/koleksi geologi/IMG_2084.HEIC,0,koleksi biologi,koleksi geologi,/Users/mdaffaatstsaqif/Downloads/klaster asli/hasil_finetuned/cluster_gmm/cluster_00__koleksi_biologi/IMG_2084.HEIC
/Users/mdaffaatstsaqif/Downloads/klaster asli/koleksi geologi/IMG_2085.HEIC,6,koleksi naskah kuno,koleksi geologi,/Users/mdaffaatstsaqif/Downloads/klaster asli/hasil_finetuned/cluster_gmm/cluster_06__koleksi_naskah_kuno/IMG_2085.HEIC
/Users/mdaffaatstsaqif/Downloads/klaster asli/koleksi geologi/IMG_2086.HEIC,0,koleksi biologi,koleksi geologi,/Users/mdaffaatstsaqif/Downloads/klaster asli/hasil_finetuned/cluster_gmm/cluster_00__koleksi_biologi/IMG_2086.HEIC
/Users/mdaffaatstsaqif/Downloads/klaster asli/koleksi geologi/IMG_2087.HEIC,0,koleksi biologi,koleksi geologi,/Users/mdaffaatstsaqif/Downloads/klaster asli/hasil_finetuned/cluster_gmm/cluster_00__koleksi_biologi/IMG_2087.HEIC
